[13:19:15] [pipeline] ============================================================
[13:19:15] [pipeline] BOLA AI FULL TRAINING PIPELINE STARTED
[13:19:15] [pipeline] Base model : Qwen/Qwen2.5-Coder-0.5B-Instruct
[13:19:15] [pipeline] Config     : configs/training/qlora_cpu_0p5b.yaml
[13:19:15] [pipeline] Max steps  : 60
[13:19:15] [pipeline] Model name : bola-analyzer
[13:19:15] [pipeline] Docker tag : ghcr.io/igorredkach/bolai:latest
[13:19:15] [pipeline] Activity log: /home/iredkach/Downloads/bola/bolaAi/docs/pipeline_activity_log.jsonl
[13:19:15] [pipeline] ============================================================
[13:19:15] [pipeline] Checking training dependencies...
[13:19:18] [pipeline] Training deps: OK (transformers, peft, datasets)
[13:19:18] [pipeline] STAGE 1: Combining all training data sources
[13:19:18] [combine_data] Starting: /usr/bin/python scripts/combine_training_data.py
  [0s] [13:19:18] Folder records: 34
  [0s] [13:19:18] AI cycle accepted rows: 3
  [0s] [13:19:18] Inline JSONL rows: 0
  [0s] [13:19:18] Combined output: /home/iredkach/Downloads/bola/bolaAi/data/training/reviewing_training_combined.jsonl
  [0s] [13:19:18] Total rows: 37 (folder=34, ai_cycles=3, inline=0)
[13:19:18] [combine_data] SUCCESS in 0s  rc=0
[13:19:18] [pipeline] Combined training data: 37 rows
[13:19:18] [pipeline] STAGE 2: Building SFT/DPO/EVAL splits
[13:19:18] [build_splits] Starting: /usr/bin/python scripts/build_training_splits.py --input /home/iredkach/Downloads/bola/bolaAi/data/training/reviewing_training_combined.jsonl
  [0s] Built training splits:
  [0s]   - total: 37
  [0s]   - skipped_invalid_rows: 0
  [0s]   - sft_train: 27
  [0s]   - sft_valid: 6
  [0s]   - dpo_train: 62
  [0s]   - dpo_valid: 4
  [0s]   - eval_holdout: 4
[13:19:18] [build_splits] SUCCESS in 0s  rc=0
[13:19:18] [pipeline]   train.jsonl: 27 rows
[13:19:18] [pipeline]   valid.jsonl: 6 rows
[13:19:18] [pipeline] STAGE 3: LoRA gradient training (0.5B on CPU)
[13:19:18] [pipeline]   ETA: ~20-40 minutes for 60 steps on modern CPU
[13:19:18] [gradient_train] Starting: /usr/bin/python scripts/train_qlora_unsloth.py --config configs/training/qlora_cpu_0p5b.yaml --base-model Qwen/Qwen2.5-Coder-0.5B-Instruct --max-steps 60 --chunk-size-tokens 512
  [0s] [TRAIN 13:19:18] Starting training run: qlora_20260410T131918Z
  [0s] [TRAIN 13:19:18] Config: /home/iredkach/Downloads/bola/bolaAi/configs/training/qlora_cpu_0p5b.yaml
  [0s] [TRAIN 13:19:18] Activity log: /home/iredkach/Downloads/bola/bolaAi/docs/training_activity_log.jsonl
  [0s] [TRAIN 13:19:18] Loading tokenizer from: Qwen/Qwen2.5-Coder-0.5B-Instruct
  [3s] [TRAIN 13:19:21] Compute device: CPU (no GPU detected)
  [3s] [TRAIN 13:19:21] WARNING: CPU-only mode. Using float32 + no quantization. Max model: 0.5B recommended.
  [3s] Warning: You are sending unauthenticated requests to the HF Hub. Please set a HF_TOKEN to enable higher rate limits and faster downloads.
  [3s] [TRAIN 13:19:22] Tokenizer loaded.
  [3s] [TRAIN 13:19:22] Loading model: Qwen/Qwen2.5-Coder-0.5B-Instruct (dtype=torch.float32, quantization=cpu_float32)
  [3s] `torch_dtype` is deprecated! Use `dtype` instead!
  [4s] 
  [4s] Loading weights:   0%|          | 0/290 [00:00<?, ?it/s]
  [4s] Loading weights:   0%|          | 1/290 [00:00<00:00, 9098.27it/s, Materializing param=model.embed_tokens.weight]
  [4s] Loading weights:   0%|          | 1/290 [00:00<00:00, 4519.72it/s, Materializing param=model.embed_tokens.weight]
  [4s] Loading weights:   1%|          | 2/290 [00:00<00:13, 20.65it/s, Materializing param=model.layers.0.input_layernorm.weight]
  [4s] Loading weights:   1%|          | 2/290 [00:00<00:14, 19.52it/s, Materializing param=model.layers.0.input_layernorm.weight]
  [4s] Loading weights:   1%|          | 3/290 [00:00<00:09, 29.20it/s, Materializing param=model.layers.0.input_layernorm.weight]
  [4s] Loading weights:   1%|          | 3/290 [00:00<00:09, 29.20it/s, Materializing param=model.layers.0.mlp.down_proj.weight]  
  [4s] Loading weights:   1%|          | 3/290 [00:00<00:09, 29.20it/s, Materializing param=model.layers.0.mlp.down_proj.weight]
  [4s] Loading weights:   1%|▏         | 4/290 [00:00<00:09, 29.20it/s, Materializing param=model.layers.0.mlp.gate_proj.weight]
  [4s] Loading weights:   1%|▏         | 4/290 [00:00<00:09, 29.20it/s, Materializing param=model.layers.0.mlp.gate_proj.weight]
  [4s] Loading weights:   2%|▏         | 5/290 [00:00<00:09, 29.20it/s, Materializing param=model.layers.0.mlp.up_proj.weight]  
  [4s] Loading weights:   2%|▏         | 5/290 [00:00<00:09, 29.20it/s, Materializing param=model.layers.0.mlp.up_proj.weight]
  [4s] Loading weights:   2%|▏         | 6/290 [00:00<00:09, 29.20it/s, Materializing param=model.layers.0.post_attention_layernorm.weight]
  [4s] Loading weights:   2%|▏         | 6/290 [00:00<00:09, 29.20it/s, Materializing param=model.layers.0.post_attention_layernorm.weight]
  [4s] Loading weights:   2%|▏         | 7/290 [00:00<00:09, 29.20it/s, Materializing param=model.layers.0.self_attn.k_proj.bias]          
  [4s] Loading weights:   2%|▏         | 7/290 [00:00<00:09, 29.20it/s, Materializing param=model.layers.0.self_attn.k_proj.bias]
  [4s] Loading weights:   3%|▎         | 8/290 [00:00<00:09, 29.20it/s, Materializing param=model.layers.0.self_attn.k_proj.weight]
  [4s] Loading weights:   3%|▎         | 8/290 [00:00<00:09, 29.20it/s, Materializing param=model.layers.0.self_attn.k_proj.weight]
  [4s] Loading weights:   3%|▎         | 9/290 [00:00<00:09, 29.20it/s, Materializing param=model.layers.0.self_attn.o_proj.weight]
  [4s] Loading weights:   3%|▎         | 9/290 [00:00<00:09, 29.20it/s, Materializing param=model.layers.0.self_attn.o_proj.weight]
  [4s] Loading weights:   3%|▎         | 10/290 [00:00<00:09, 29.20it/s, Materializing param=model.layers.0.self_attn.q_proj.bias] 
  [4s] Loading weights:   3%|▎         | 10/290 [00:00<00:09, 29.20it/s, Materializing param=model.layers.0.self_attn.q_proj.bias]
  [4s] Loading weights:   4%|▍         | 11/290 [00:00<00:09, 29.20it/s, Materializing param=model.layers.0.self_attn.q_proj.weight]
  [4s] Loading weights:   4%|▍         | 11/290 [00:00<00:09, 29.20it/s, Materializing param=model.layers.0.self_attn.q_proj.weight]
  [4s] Loading weights:   4%|▍         | 12/290 [00:00<00:09, 29.20it/s, Materializing param=model.layers.0.self_attn.v_proj.bias]  
  [4s] Loading weights:   4%|▍         | 12/290 [00:00<00:09, 29.20it/s, Materializing param=model.layers.0.self_attn.v_proj.bias]
  [4s] Loading weights:   4%|▍         | 13/290 [00:00<00:09, 29.20it/s, Materializing param=model.layers.0.self_attn.v_proj.weight]
  [4s] Loading weights:   4%|▍         | 13/290 [00:00<00:09, 29.20it/s, Materializing param=model.layers.0.self_attn.v_proj.weight]
  [4s] Loading weights:   5%|▍         | 14/290 [00:00<00:09, 29.20it/s, Materializing param=model.layers.1.input_layernorm.weight] 
  [4s] Loading weights:   5%|▍         | 14/290 [00:00<00:09, 29.20it/s, Materializing param=model.layers.1.input_layernorm.weight]
  [4s] Loading weights:   5%|▌         | 15/290 [00:00<00:09, 29.20it/s, Materializing param=model.layers.1.mlp.down_proj.weight]  
  [4s] Loading weights:   5%|▌         | 15/290 [00:00<00:09, 29.20it/s, Materializing param=model.layers.1.mlp.down_proj.weight]
  [4s] Loading weights:   6%|▌         | 16/290 [00:00<00:09, 29.20it/s, Materializing param=model.layers.1.mlp.gate_proj.weight]
  [4s] Loading weights:   6%|▌         | 16/290 [00:00<00:09, 29.20it/s, Materializing param=model.layers.1.mlp.gate_proj.weight]
  [4s] Loading weights:   6%|▌         | 17/290 [00:00<00:09, 29.20it/s, Materializing param=model.layers.1.mlp.up_proj.weight]  
  [4s] Loading weights:   6%|▌         | 17/290 [00:00<00:09, 29.20it/s, Materializing param=model.layers.1.mlp.up_proj.weight]
  [4s] Loading weights:   6%|▌         | 18/290 [00:00<00:09, 29.20it/s, Materializing param=model.layers.1.post_attention_layernorm.weight]
  [4s] Loading weights:   6%|▌         | 18/290 [00:00<00:09, 29.20it/s, Materializing param=model.layers.1.post_attention_layernorm.weight]
  [4s] Loading weights:   7%|▋         | 19/290 [00:00<00:09, 29.20it/s, Materializing param=model.layers.1.self_attn.k_proj.bias]          
  [4s] Loading weights:   7%|▋         | 19/290 [00:00<00:09, 29.20it/s, Materializing param=model.layers.1.self_attn.k_proj.bias]
  [4s] Loading weights:   7%|▋         | 20/290 [00:00<00:09, 29.20it/s, Materializing param=model.layers.1.self_attn.k_proj.weight]
  [4s] Loading weights:   7%|▋         | 20/290 [00:00<00:09, 29.20it/s, Materializing param=model.layers.1.self_attn.k_proj.weight]
  [4s] Loading weights:   7%|▋         | 21/290 [00:00<00:09, 29.20it/s, Materializing param=model.layers.1.self_attn.o_proj.weight]
  [4s] Loading weights:   7%|▋         | 21/290 [00:00<00:09, 29.20it/s, Materializing param=model.layers.1.self_attn.o_proj.weight]
  [4s] Loading weights:   8%|▊         | 22/290 [00:00<00:09, 29.20it/s, Materializing param=model.layers.1.self_attn.q_proj.bias]  
  [4s] Loading weights:   8%|▊         | 22/290 [00:00<00:09, 29.20it/s, Materializing param=model.layers.1.self_attn.q_proj.bias]
  [4s] Loading weights:   8%|▊         | 23/290 [00:00<00:09, 29.20it/s, Materializing param=model.layers.1.self_attn.q_proj.weight]
  [4s] Loading weights:   8%|▊         | 23/290 [00:00<00:09, 29.20it/s, Materializing param=model.layers.1.self_attn.q_proj.weight]
  [4s] Loading weights:   8%|▊         | 24/290 [00:00<00:09, 29.20it/s, Materializing param=model.layers.1.self_attn.v_proj.bias]  
  [4s] Loading weights:   8%|▊         | 24/290 [00:00<00:09, 29.20it/s, Materializing param=model.layers.1.self_attn.v_proj.bias]
  [4s] Loading weights:   9%|▊         | 25/290 [00:00<00:09, 29.20it/s, Materializing param=model.layers.1.self_attn.v_proj.weight]
  [4s] Loading weights:   9%|▊         | 25/290 [00:00<00:09, 29.20it/s, Materializing param=model.layers.1.self_attn.v_proj.weight]
  [4s] Loading weights:   9%|▉         | 26/290 [00:00<00:09, 29.20it/s, Materializing param=model.layers.2.input_layernorm.weight] 
  [4s] Loading weights:   9%|▉         | 26/290 [00:00<00:09, 29.20it/s, Materializing param=model.layers.2.input_layernorm.weight]
  [4s] Loading weights:   9%|▉         | 27/290 [00:00<00:09, 29.20it/s, Materializing param=model.layers.2.mlp.down_proj.weight]  
  [4s] Loading weights:   9%|▉         | 27/290 [00:00<00:09, 29.20it/s, Materializing param=model.layers.2.mlp.down_proj.weight]
  [4s] Loading weights:  10%|▉         | 28/290 [00:00<00:08, 29.20it/s, Materializing param=model.layers.2.mlp.gate_proj.weight]
  [4s] Loading weights:  10%|▉         | 28/290 [00:00<00:08, 29.20it/s, Materializing param=model.layers.2.mlp.gate_proj.weight]
  [4s] Loading weights:  10%|█         | 29/290 [00:00<00:08, 29.20it/s, Materializing param=model.layers.2.mlp.up_proj.weight]  
  [4s] Loading weights:  10%|█         | 29/290 [00:00<00:08, 29.20it/s, Materializing param=model.layers.2.mlp.up_proj.weight]
  [4s] Loading weights:  10%|█         | 30/290 [00:00<00:08, 29.20it/s, Materializing param=model.layers.2.post_attention_layernorm.weight]
  [4s] Loading weights:  10%|█         | 30/290 [00:00<00:08, 29.20it/s, Materializing param=model.layers.2.post_attention_layernorm.weight]
  [4s] Loading weights:  11%|█         | 31/290 [00:00<00:08, 29.20it/s, Materializing param=model.layers.2.self_attn.k_proj.bias]          
  [4s] Loading weights:  11%|█         | 31/290 [00:00<00:08, 29.20it/s, Materializing param=model.layers.2.self_attn.k_proj.bias]
  [4s] Loading weights:  11%|█         | 32/290 [00:00<00:08, 29.20it/s, Materializing param=model.layers.2.self_attn.k_proj.weight]
  [4s] Loading weights:  11%|█         | 32/290 [00:00<00:08, 29.20it/s, Materializing param=model.layers.2.self_attn.k_proj.weight]
  [4s] Loading weights:  11%|█▏        | 33/290 [00:00<00:08, 29.20it/s, Materializing param=model.layers.2.self_attn.o_proj.weight]
  [4s] Loading weights:  11%|█▏        | 33/290 [00:00<00:08, 29.20it/s, Materializing param=model.layers.2.self_attn.o_proj.weight]
  [4s] Loading weights:  12%|█▏        | 34/290 [00:00<00:08, 29.20it/s, Materializing param=model.layers.2.self_attn.q_proj.bias]  
  [4s] Loading weights:  12%|█▏        | 34/290 [00:00<00:08, 29.20it/s, Materializing param=model.layers.2.self_attn.q_proj.bias]
  [4s] Loading weights:  12%|█▏        | 35/290 [00:00<00:08, 29.20it/s, Materializing param=model.layers.2.self_attn.q_proj.weight]
  [4s] Loading weights:  12%|█▏        | 35/290 [00:00<00:08, 29.20it/s, Materializing param=model.layers.2.self_attn.q_proj.weight]
  [4s] Loading weights:  12%|█▏        | 36/290 [00:00<00:08, 29.20it/s, Materializing param=model.layers.2.self_attn.v_proj.bias]  
  [4s] Loading weights:  12%|█▏        | 36/290 [00:00<00:08, 29.20it/s, Materializing param=model.layers.2.self_attn.v_proj.bias]
  [4s] Loading weights:  13%|█▎        | 37/290 [00:00<00:08, 29.20it/s, Materializing param=model.layers.2.self_attn.v_proj.weight]
  [4s] Loading weights:  13%|█▎        | 37/290 [00:00<00:08, 29.20it/s, Materializing param=model.layers.2.self_attn.v_proj.weight]
  [4s] Loading weights:  13%|█▎        | 38/290 [00:00<00:08, 29.20it/s, Materializing param=model.layers.3.input_layernorm.weight] 
  [4s] Loading weights:  13%|█▎        | 38/290 [00:00<00:08, 29.20it/s, Materializing param=model.layers.3.input_layernorm.weight]
  [4s] Loading weights:  13%|█▎        | 39/290 [00:00<00:08, 29.20it/s, Materializing param=model.layers.3.mlp.down_proj.weight]  
  [4s] Loading weights:  13%|█▎        | 39/290 [00:00<00:08, 29.20it/s, Materializing param=model.layers.3.mlp.down_proj.weight]
  [4s] Loading weights:  14%|█▍        | 40/290 [00:00<00:08, 29.20it/s, Materializing param=model.layers.3.mlp.gate_proj.weight]
  [4s] Loading weights:  14%|█▍        | 40/290 [00:00<00:08, 29.20it/s, Materializing param=model.layers.3.mlp.gate_proj.weight]
  [4s] Loading weights:  14%|█▍        | 41/290 [00:00<00:08, 29.20it/s, Materializing param=model.layers.3.mlp.up_proj.weight]  
  [4s] Loading weights:  14%|█▍        | 41/290 [00:00<00:08, 29.20it/s, Materializing param=model.layers.3.mlp.up_proj.weight]
  [4s] Loading weights:  14%|█▍        | 42/290 [00:00<00:08, 29.20it/s, Materializing param=model.layers.3.post_attention_layernorm.weight]
  [4s] Loading weights:  14%|█▍        | 42/290 [00:00<00:08, 29.20it/s, Materializing param=model.layers.3.post_attention_layernorm.weight]
  [4s] Loading weights:  15%|█▍        | 43/290 [00:00<00:08, 29.20it/s, Materializing param=model.layers.3.self_attn.k_proj.bias]          
  [4s] Loading weights:  15%|█▍        | 43/290 [00:00<00:08, 29.20it/s, Materializing param=model.layers.3.self_attn.k_proj.bias]
  [4s] Loading weights:  15%|█▌        | 44/290 [00:00<00:08, 29.20it/s, Materializing param=model.layers.3.self_attn.k_proj.weight]
  [4s] Loading weights:  15%|█▌        | 44/290 [00:00<00:08, 29.20it/s, Materializing param=model.layers.3.self_attn.k_proj.weight]
  [4s] Loading weights:  16%|█▌        | 45/290 [00:00<00:08, 29.20it/s, Materializing param=model.layers.3.self_attn.o_proj.weight]
  [4s] Loading weights:  16%|█▌        | 45/290 [00:00<00:08, 29.20it/s, Materializing param=model.layers.3.self_attn.o_proj.weight]
  [4s] Loading weights:  16%|█▌        | 46/290 [00:00<00:08, 29.20it/s, Materializing param=model.layers.3.self_attn.q_proj.bias]  
  [4s] Loading weights:  16%|█▌        | 46/290 [00:00<00:08, 29.20it/s, Materializing param=model.layers.3.self_attn.q_proj.bias]
  [4s] Loading weights:  16%|█▌        | 47/290 [00:00<00:08, 29.20it/s, Materializing param=model.layers.3.self_attn.q_proj.weight]
  [4s] Loading weights:  16%|█▌        | 47/290 [00:00<00:08, 29.20it/s, Materializing param=model.layers.3.self_attn.q_proj.weight]
  [4s] Loading weights:  17%|█▋        | 48/290 [00:00<00:08, 29.20it/s, Materializing param=model.layers.3.self_attn.v_proj.bias]  
  [4s] Loading weights:  17%|█▋        | 48/290 [00:00<00:08, 29.20it/s, Materializing param=model.layers.3.self_attn.v_proj.bias]
  [4s] Loading weights:  17%|█▋        | 49/290 [00:00<00:08, 29.20it/s, Materializing param=model.layers.3.self_attn.v_proj.weight]
  [4s] Loading weights:  17%|█▋        | 49/290 [00:00<00:08, 29.20it/s, Materializing param=model.layers.3.self_attn.v_proj.weight]
  [4s] Loading weights:  17%|█▋        | 50/290 [00:00<00:08, 29.20it/s, Materializing param=model.layers.4.input_layernorm.weight] 
  [4s] Loading weights:  17%|█▋        | 50/290 [00:00<00:08, 29.20it/s, Materializing param=model.layers.4.input_layernorm.weight]
  [4s] Loading weights:  18%|█▊        | 51/290 [00:00<00:08, 29.20it/s, Materializing param=model.layers.4.mlp.down_proj.weight]  
  [4s] Loading weights:  18%|█▊        | 51/290 [00:00<00:08, 29.20it/s, Materializing param=model.layers.4.mlp.down_proj.weight]
  [4s] Loading weights:  18%|█▊        | 52/290 [00:00<00:08, 29.20it/s, Materializing param=model.layers.4.mlp.gate_proj.weight]
  [4s] Loading weights:  18%|█▊        | 52/290 [00:00<00:08, 29.20it/s, Materializing param=model.layers.4.mlp.gate_proj.weight]
  [4s] Loading weights:  18%|█▊        | 53/290 [00:00<00:08, 29.20it/s, Materializing param=model.layers.4.mlp.up_proj.weight]  
  [4s] Loading weights:  18%|█▊        | 53/290 [00:00<00:08, 29.20it/s, Materializing param=model.layers.4.mlp.up_proj.weight]
  [4s] Loading weights:  19%|█▊        | 54/290 [00:00<00:08, 29.20it/s, Materializing param=model.layers.4.post_attention_layernorm.weight]
  [4s] Loading weights:  19%|█▊        | 54/290 [00:00<00:08, 29.20it/s, Materializing param=model.layers.4.post_attention_layernorm.weight]
  [4s] Loading weights:  19%|█▉        | 55/290 [00:00<00:08, 29.20it/s, Materializing param=model.layers.4.self_attn.k_proj.bias]          
  [4s] Loading weights:  19%|█▉        | 55/290 [00:00<00:08, 29.20it/s, Materializing param=model.layers.4.self_attn.k_proj.bias]
  [4s] Loading weights:  19%|█▉        | 56/290 [00:00<00:08, 29.20it/s, Materializing param=model.layers.4.self_attn.k_proj.weight]
  [4s] Loading weights:  19%|█▉        | 56/290 [00:00<00:08, 29.20it/s, Materializing param=model.layers.4.self_attn.k_proj.weight]
  [4s] Loading weights:  20%|█▉        | 57/290 [00:00<00:07, 29.20it/s, Materializing param=model.layers.4.self_attn.o_proj.weight]
  [4s] Loading weights:  20%|█▉        | 57/290 [00:00<00:07, 29.20it/s, Materializing param=model.layers.4.self_attn.o_proj.weight]
  [4s] Loading weights:  20%|██        | 58/290 [00:00<00:07, 29.20it/s, Materializing param=model.layers.4.self_attn.q_proj.bias]  
  [4s] Loading weights:  20%|██        | 58/290 [00:00<00:07, 29.20it/s, Materializing param=model.layers.4.self_attn.q_proj.bias]
  [4s] Loading weights:  20%|██        | 59/290 [00:00<00:07, 29.20it/s, Materializing param=model.layers.4.self_attn.q_proj.weight]
  [4s] Loading weights:  20%|██        | 59/290 [00:00<00:07, 29.20it/s, Materializing param=model.layers.4.self_attn.q_proj.weight]
  [4s] Loading weights:  21%|██        | 60/290 [00:00<00:07, 29.20it/s, Materializing param=model.layers.4.self_attn.v_proj.bias]  
  [4s] Loading weights:  21%|██        | 60/290 [00:00<00:07, 29.20it/s, Materializing param=model.layers.4.self_attn.v_proj.bias]
  [4s] Loading weights:  21%|██        | 61/290 [00:00<00:00, 318.15it/s, Materializing param=model.layers.4.self_attn.v_proj.bias]
  [4s] Loading weights:  21%|██        | 61/290 [00:00<00:00, 318.15it/s, Materializing param=model.layers.4.self_attn.v_proj.weight]
  [4s] Loading weights:  21%|██        | 61/290 [00:00<00:00, 318.15it/s, Materializing param=model.layers.4.self_attn.v_proj.weight]
  [4s] Loading weights:  21%|██▏       | 62/290 [00:00<00:00, 318.15it/s, Materializing param=model.layers.5.input_layernorm.weight] 
  [4s] Loading weights:  21%|██▏       | 62/290 [00:00<00:00, 318.15it/s, Materializing param=model.layers.5.input_layernorm.weight]
  [4s] Loading weights:  22%|██▏       | 63/290 [00:00<00:00, 318.15it/s, Materializing param=model.layers.5.mlp.down_proj.weight]  
  [4s] Loading weights:  22%|██▏       | 63/290 [00:00<00:00, 318.15it/s, Materializing param=model.layers.5.mlp.down_proj.weight]
  [4s] Loading weights:  22%|██▏       | 64/290 [00:00<00:00, 318.15it/s, Materializing param=model.layers.5.mlp.gate_proj.weight]
  [4s] Loading weights:  22%|██▏       | 64/290 [00:00<00:00, 318.15it/s, Materializing param=model.layers.5.mlp.gate_proj.weight]
  [4s] Loading weights:  22%|██▏       | 65/290 [00:00<00:00, 318.15it/s, Materializing param=model.layers.5.mlp.up_proj.weight]  
  [4s] Loading weights:  22%|██▏       | 65/290 [00:00<00:00, 318.15it/s, Materializing param=model.layers.5.mlp.up_proj.weight]
  [4s] Loading weights:  23%|██▎       | 66/290 [00:00<00:00, 318.15it/s, Materializing param=model.layers.5.post_attention_layernorm.weight]
  [4s] Loading weights:  23%|██▎       | 66/290 [00:00<00:00, 318.15it/s, Materializing param=model.layers.5.post_attention_layernorm.weight]
  [4s] Loading weights:  23%|██▎       | 67/290 [00:00<00:00, 318.15it/s, Materializing param=model.layers.5.self_attn.k_proj.bias]          
  [4s] Loading weights:  23%|██▎       | 67/290 [00:00<00:00, 318.15it/s, Materializing param=model.layers.5.self_attn.k_proj.bias]
  [4s] Loading weights:  23%|██▎       | 68/290 [00:00<00:00, 318.15it/s, Materializing param=model.layers.5.self_attn.k_proj.weight]
  [4s] Loading weights:  23%|██▎       | 68/290 [00:00<00:00, 318.15it/s, Materializing param=model.layers.5.self_attn.k_proj.weight]
  [4s] Loading weights:  24%|██▍       | 69/290 [00:00<00:00, 318.15it/s, Materializing param=model.layers.5.self_attn.o_proj.weight]
  [4s] Loading weights:  24%|██▍       | 69/290 [00:00<00:00, 318.15it/s, Materializing param=model.layers.5.self_attn.o_proj.weight]
  [4s] Loading weights:  24%|██▍       | 70/290 [00:00<00:00, 318.15it/s, Materializing param=model.layers.5.self_attn.q_proj.bias]  
  [4s] Loading weights:  24%|██▍       | 70/290 [00:00<00:00, 318.15it/s, Materializing param=model.layers.5.self_attn.q_proj.bias]
  [4s] Loading weights:  24%|██▍       | 71/290 [00:00<00:00, 318.15it/s, Materializing param=model.layers.5.self_attn.q_proj.weight]
  [4s] Loading weights:  24%|██▍       | 71/290 [00:00<00:00, 318.15it/s, Materializing param=model.layers.5.self_attn.q_proj.weight]
  [4s] Loading weights:  25%|██▍       | 72/290 [00:00<00:00, 318.15it/s, Materializing param=model.layers.5.self_attn.v_proj.bias]  
  [4s] Loading weights:  25%|██▍       | 72/290 [00:00<00:00, 318.15it/s, Materializing param=model.layers.5.self_attn.v_proj.bias]
  [4s] Loading weights:  25%|██▌       | 73/290 [00:00<00:00, 318.15it/s, Materializing param=model.layers.5.self_attn.v_proj.weight]
  [4s] Loading weights:  25%|██▌       | 73/290 [00:00<00:00, 318.15it/s, Materializing param=model.layers.5.self_attn.v_proj.weight]
  [4s] Loading weights:  26%|██▌       | 74/290 [00:00<00:00, 318.15it/s, Materializing param=model.layers.6.input_layernorm.weight] 
  [4s] Loading weights:  26%|██▌       | 74/290 [00:00<00:00, 318.15it/s, Materializing param=model.layers.6.input_layernorm.weight]
  [4s] Loading weights:  26%|██▌       | 75/290 [00:00<00:00, 318.15it/s, Materializing param=model.layers.6.mlp.down_proj.weight]  
  [4s] Loading weights:  26%|██▌       | 75/290 [00:00<00:00, 318.15it/s, Materializing param=model.layers.6.mlp.down_proj.weight]
  [4s] Loading weights:  26%|██▌       | 76/290 [00:00<00:00, 318.15it/s, Materializing param=model.layers.6.mlp.gate_proj.weight]
  [4s] Loading weights:  26%|██▌       | 76/290 [00:00<00:00, 318.15it/s, Materializing param=model.layers.6.mlp.gate_proj.weight]
  [4s] Loading weights:  27%|██▋       | 77/290 [00:00<00:00, 318.15it/s, Materializing param=model.layers.6.mlp.up_proj.weight]  
  [4s] Loading weights:  27%|██▋       | 77/290 [00:00<00:00, 318.15it/s, Materializing param=model.layers.6.mlp.up_proj.weight]
  [4s] Loading weights:  27%|██▋       | 78/290 [00:00<00:00, 318.15it/s, Materializing param=model.layers.6.post_attention_layernorm.weight]
  [4s] Loading weights:  27%|██▋       | 78/290 [00:00<00:00, 318.15it/s, Materializing param=model.layers.6.post_attention_layernorm.weight]
  [4s] Loading weights:  27%|██▋       | 79/290 [00:00<00:00, 318.15it/s, Materializing param=model.layers.6.self_attn.k_proj.bias]          
  [4s] Loading weights:  27%|██▋       | 79/290 [00:00<00:00, 318.15it/s, Materializing param=model.layers.6.self_attn.k_proj.bias]
  [4s] Loading weights:  28%|██▊       | 80/290 [00:00<00:00, 318.15it/s, Materializing param=model.layers.6.self_attn.k_proj.weight]
  [4s] Loading weights:  28%|██▊       | 80/290 [00:00<00:00, 318.15it/s, Materializing param=model.layers.6.self_attn.k_proj.weight]
  [4s] Loading weights:  28%|██▊       | 81/290 [00:00<00:00, 318.15it/s, Materializing param=model.layers.6.self_attn.o_proj.weight]
  [4s] Loading weights:  28%|██▊       | 81/290 [00:00<00:00, 318.15it/s, Materializing param=model.layers.6.self_attn.o_proj.weight]
  [4s] Loading weights:  28%|██▊       | 82/290 [00:00<00:00, 318.15it/s, Materializing param=model.layers.6.self_attn.q_proj.bias]  
  [4s] Loading weights:  28%|██▊       | 82/290 [00:00<00:00, 318.15it/s, Materializing param=model.layers.6.self_attn.q_proj.bias]
  [4s] Loading weights:  29%|██▊       | 83/290 [00:00<00:00, 318.15it/s, Materializing param=model.layers.6.self_attn.q_proj.weight]
  [4s] Loading weights:  29%|██▊       | 83/290 [00:00<00:00, 318.15it/s, Materializing param=model.layers.6.self_attn.q_proj.weight]
  [4s] Loading weights:  29%|██▉       | 84/290 [00:00<00:00, 318.15it/s, Materializing param=model.layers.6.self_attn.v_proj.bias]  
  [4s] Loading weights:  29%|██▉       | 84/290 [00:00<00:00, 318.15it/s, Materializing param=model.layers.6.self_attn.v_proj.bias]
  [4s] Loading weights:  29%|██▉       | 85/290 [00:00<00:00, 318.15it/s, Materializing param=model.layers.6.self_attn.v_proj.weight]
  [4s] Loading weights:  29%|██▉       | 85/290 [00:00<00:00, 318.15it/s, Materializing param=model.layers.6.self_attn.v_proj.weight]
  [4s] Loading weights:  30%|██▉       | 86/290 [00:00<00:00, 318.15it/s, Materializing param=model.layers.7.input_layernorm.weight] 
  [4s] Loading weights:  30%|██▉       | 86/290 [00:00<00:00, 318.15it/s, Materializing param=model.layers.7.input_layernorm.weight]
  [4s] Loading weights:  30%|███       | 87/290 [00:00<00:00, 318.15it/s, Materializing param=model.layers.7.mlp.down_proj.weight]  
  [4s] Loading weights:  30%|███       | 87/290 [00:00<00:00, 318.15it/s, Materializing param=model.layers.7.mlp.down_proj.weight]
  [4s] Loading weights:  30%|███       | 88/290 [00:00<00:00, 318.15it/s, Materializing param=model.layers.7.mlp.gate_proj.weight]
  [4s] Loading weights:  30%|███       | 88/290 [00:00<00:00, 318.15it/s, Materializing param=model.layers.7.mlp.gate_proj.weight]
  [4s] Loading weights:  31%|███       | 89/290 [00:00<00:00, 318.15it/s, Materializing param=model.layers.7.mlp.up_proj.weight]  
  [4s] Loading weights:  31%|███       | 89/290 [00:00<00:00, 318.15it/s, Materializing param=model.layers.7.mlp.up_proj.weight]
  [4s] Loading weights:  31%|███       | 90/290 [00:00<00:00, 318.15it/s, Materializing param=model.layers.7.post_attention_layernorm.weight]
  [4s] Loading weights:  31%|███       | 90/290 [00:00<00:00, 318.15it/s, Materializing param=model.layers.7.post_attention_layernorm.weight]
  [4s] Loading weights:  31%|███▏      | 91/290 [00:00<00:00, 318.15it/s, Materializing param=model.layers.7.self_attn.k_proj.bias]          
  [4s] Loading weights:  31%|███▏      | 91/290 [00:00<00:00, 318.15it/s, Materializing param=model.layers.7.self_attn.k_proj.bias]
  [4s] Loading weights:  32%|███▏      | 92/290 [00:00<00:00, 269.14it/s, Materializing param=model.layers.7.self_attn.k_proj.bias]
  [4s] Loading weights:  32%|███▏      | 92/290 [00:00<00:00, 269.14it/s, Materializing param=model.layers.7.self_attn.k_proj.weight]
  [4s] Loading weights:  32%|███▏      | 92/290 [00:00<00:00, 269.14it/s, Materializing param=model.layers.7.self_attn.k_proj.weight]
  [4s] Loading weights:  32%|███▏      | 93/290 [00:00<00:00, 269.14it/s, Materializing param=model.layers.7.self_attn.o_proj.weight]
  [4s] Loading weights:  32%|███▏      | 93/290 [00:00<00:00, 269.14it/s, Materializing param=model.layers.7.self_attn.o_proj.weight]
  [4s] Loading weights:  32%|███▏      | 94/290 [00:00<00:00, 269.14it/s, Materializing param=model.layers.7.self_attn.q_proj.bias]  
  [4s] Loading weights:  32%|███▏      | 94/290 [00:00<00:00, 269.14it/s, Materializing param=model.layers.7.self_attn.q_proj.bias]
  [4s] Loading weights:  33%|███▎      | 95/290 [00:00<00:00, 269.14it/s, Materializing param=model.layers.7.self_attn.q_proj.weight]
  [4s] Loading weights:  33%|███▎      | 95/290 [00:00<00:00, 269.14it/s, Materializing param=model.layers.7.self_attn.q_proj.weight]
  [4s] Loading weights:  33%|███▎      | 96/290 [00:00<00:00, 269.14it/s, Materializing param=model.layers.7.self_attn.v_proj.bias]  
  [4s] Loading weights:  33%|███▎      | 96/290 [00:00<00:00, 269.14it/s, Materializing param=model.layers.7.self_attn.v_proj.bias]
  [4s] Loading weights:  33%|███▎      | 97/290 [00:00<00:00, 269.14it/s, Materializing param=model.layers.7.self_attn.v_proj.weight]
  [4s] Loading weights:  33%|███▎      | 97/290 [00:00<00:00, 269.14it/s, Materializing param=model.layers.7.self_attn.v_proj.weight]
  [4s] Loading weights:  34%|███▍      | 98/290 [00:00<00:00, 269.14it/s, Materializing param=model.layers.8.input_layernorm.weight] 
  [4s] Loading weights:  34%|███▍      | 98/290 [00:00<00:00, 269.14it/s, Materializing param=model.layers.8.input_layernorm.weight]
  [4s] Loading weights:  34%|███▍      | 99/290 [00:00<00:00, 269.14it/s, Materializing param=model.layers.8.mlp.down_proj.weight]  
  [4s] Loading weights:  34%|███▍      | 99/290 [00:00<00:00, 269.14it/s, Materializing param=model.layers.8.mlp.down_proj.weight]
  [4s] Loading weights:  34%|███▍      | 100/290 [00:00<00:00, 269.14it/s, Materializing param=model.layers.8.mlp.gate_proj.weight]
  [4s] Loading weights:  34%|███▍      | 100/290 [00:00<00:00, 269.14it/s, Materializing param=model.layers.8.mlp.gate_proj.weight]
  [4s] Loading weights:  35%|███▍      | 101/290 [00:00<00:00, 269.14it/s, Materializing param=model.layers.8.mlp.up_proj.weight]  
  [4s] Loading weights:  35%|███▍      | 101/290 [00:00<00:00, 269.14it/s, Materializing param=model.layers.8.mlp.up_proj.weight]
  [4s] Loading weights:  35%|███▌      | 102/290 [00:00<00:00, 269.14it/s, Materializing param=model.layers.8.post_attention_layernorm.weight]
  [4s] Loading weights:  35%|███▌      | 102/290 [00:00<00:00, 269.14it/s, Materializing param=model.layers.8.post_attention_layernorm.weight]
  [4s] Loading weights:  36%|███▌      | 103/290 [00:00<00:00, 269.14it/s, Materializing param=model.layers.8.self_attn.k_proj.bias]          
  [4s] Loading weights:  36%|███▌      | 103/290 [00:00<00:00, 269.14it/s, Materializing param=model.layers.8.self_attn.k_proj.bias]
  [4s] Loading weights:  36%|███▌      | 104/290 [00:00<00:00, 269.14it/s, Materializing param=model.layers.8.self_attn.k_proj.weight]
  [4s] Loading weights:  36%|███▌      | 104/290 [00:00<00:00, 269.14it/s, Materializing param=model.layers.8.self_attn.k_proj.weight]
  [4s] Loading weights:  36%|███▌      | 105/290 [00:00<00:00, 269.14it/s, Materializing param=model.layers.8.self_attn.o_proj.weight]
  [4s] Loading weights:  36%|███▌      | 105/290 [00:00<00:00, 269.14it/s, Materializing param=model.layers.8.self_attn.o_proj.weight]
  [4s] Loading weights:  37%|███▋      | 106/290 [00:00<00:00, 269.14it/s, Materializing param=model.layers.8.self_attn.q_proj.bias]  
  [4s] Loading weights:  37%|███▋      | 106/290 [00:00<00:00, 269.14it/s, Materializing param=model.layers.8.self_attn.q_proj.bias]
  [4s] Loading weights:  37%|███▋      | 107/290 [00:00<00:00, 269.14it/s, Materializing param=model.layers.8.self_attn.q_proj.weight]
  [4s] Loading weights:  37%|███▋      | 107/290 [00:00<00:00, 269.14it/s, Materializing param=model.layers.8.self_attn.q_proj.weight]
  [4s] Loading weights:  37%|███▋      | 108/290 [00:00<00:00, 269.14it/s, Materializing param=model.layers.8.self_attn.v_proj.bias]  
  [4s] Loading weights:  37%|███▋      | 108/290 [00:00<00:00, 269.14it/s, Materializing param=model.layers.8.self_attn.v_proj.bias]
  [4s] Loading weights:  38%|███▊      | 109/290 [00:00<00:00, 269.14it/s, Materializing param=model.layers.8.self_attn.v_proj.weight]
  [4s] Loading weights:  38%|███▊      | 109/290 [00:00<00:00, 269.14it/s, Materializing param=model.layers.8.self_attn.v_proj.weight]
  [4s] Loading weights:  38%|███▊      | 110/290 [00:00<00:00, 269.14it/s, Materializing param=model.layers.9.input_layernorm.weight] 
  [4s] Loading weights:  38%|███▊      | 110/290 [00:00<00:00, 269.14it/s, Materializing param=model.layers.9.input_layernorm.weight]
  [4s] Loading weights:  38%|███▊      | 111/290 [00:00<00:00, 269.14it/s, Materializing param=model.layers.9.mlp.down_proj.weight]  
  [4s] Loading weights:  38%|███▊      | 111/290 [00:00<00:00, 269.14it/s, Materializing param=model.layers.9.mlp.down_proj.weight]
  [4s] Loading weights:  39%|███▊      | 112/290 [00:00<00:00, 269.14it/s, Materializing param=model.layers.9.mlp.gate_proj.weight]
  [4s] Loading weights:  39%|███▊      | 112/290 [00:00<00:00, 269.14it/s, Materializing param=model.layers.9.mlp.gate_proj.weight]
  [4s] Loading weights:  39%|███▉      | 113/290 [00:00<00:00, 269.14it/s, Materializing param=model.layers.9.mlp.up_proj.weight]  
  [4s] Loading weights:  39%|███▉      | 113/290 [00:00<00:00, 269.14it/s, Materializing param=model.layers.9.mlp.up_proj.weight]
  [4s] Loading weights:  39%|███▉      | 114/290 [00:00<00:00, 269.14it/s, Materializing param=model.layers.9.post_attention_layernorm.weight]
  [4s] Loading weights:  39%|███▉      | 114/290 [00:00<00:00, 269.14it/s, Materializing param=model.layers.9.post_attention_layernorm.weight]
  [4s] Loading weights:  40%|███▉      | 115/290 [00:00<00:00, 269.14it/s, Materializing param=model.layers.9.self_attn.k_proj.bias]          
  [4s] Loading weights:  40%|███▉      | 115/290 [00:00<00:00, 269.14it/s, Materializing param=model.layers.9.self_attn.k_proj.bias]
  [4s] Loading weights:  40%|████      | 116/290 [00:00<00:00, 269.14it/s, Materializing param=model.layers.9.self_attn.k_proj.weight]
  [4s] Loading weights:  40%|████      | 116/290 [00:00<00:00, 269.14it/s, Materializing param=model.layers.9.self_attn.k_proj.weight]
  [4s] Loading weights:  40%|████      | 117/290 [00:00<00:00, 269.14it/s, Materializing param=model.layers.9.self_attn.o_proj.weight]
  [4s] Loading weights:  40%|████      | 117/290 [00:00<00:00, 269.14it/s, Materializing param=model.layers.9.self_attn.o_proj.weight]
  [4s] Loading weights:  41%|████      | 118/290 [00:00<00:00, 269.14it/s, Materializing param=model.layers.9.self_attn.q_proj.bias]  
  [4s] Loading weights:  41%|████      | 118/290 [00:00<00:00, 269.14it/s, Materializing param=model.layers.9.self_attn.q_proj.bias]
  [4s] Loading weights:  41%|████      | 119/290 [00:00<00:00, 269.14it/s, Materializing param=model.layers.9.self_attn.q_proj.weight]
  [4s] Loading weights:  41%|████      | 119/290 [00:00<00:00, 269.14it/s, Materializing param=model.layers.9.self_attn.q_proj.weight]
  [4s] Loading weights:  41%|████▏     | 120/290 [00:00<00:00, 269.14it/s, Materializing param=model.layers.9.self_attn.v_proj.bias]  
  [4s] Loading weights:  41%|████▏     | 120/290 [00:00<00:00, 269.14it/s, Materializing param=model.layers.9.self_attn.v_proj.bias]
  [4s] Loading weights:  42%|████▏     | 121/290 [00:00<00:00, 269.14it/s, Materializing param=model.layers.9.self_attn.v_proj.weight]
  [4s] Loading weights:  42%|████▏     | 121/290 [00:00<00:00, 269.14it/s, Materializing param=model.layers.9.self_attn.v_proj.weight]
  [4s] Loading weights:  42%|████▏     | 122/290 [00:00<00:00, 269.14it/s, Materializing param=model.layers.10.input_layernorm.weight]
  [4s] Loading weights:  42%|████▏     | 122/290 [00:00<00:00, 269.14it/s, Materializing param=model.layers.10.input_layernorm.weight]
  [4s] Loading weights:  42%|████▏     | 123/290 [00:00<00:00, 269.14it/s, Materializing param=model.layers.10.mlp.down_proj.weight]  
  [4s] Loading weights:  42%|████▏     | 123/290 [00:00<00:00, 269.14it/s, Materializing param=model.layers.10.mlp.down_proj.weight]
  [4s] Loading weights:  43%|████▎     | 124/290 [00:00<00:00, 269.14it/s, Materializing param=model.layers.10.mlp.gate_proj.weight]
  [4s] Loading weights:  43%|████▎     | 124/290 [00:00<00:00, 269.14it/s, Materializing param=model.layers.10.mlp.gate_proj.weight]
  [4s] Loading weights:  43%|████▎     | 125/290 [00:00<00:00, 269.14it/s, Materializing param=model.layers.10.mlp.up_proj.weight]  
  [4s] Loading weights:  43%|████▎     | 125/290 [00:00<00:00, 269.14it/s, Materializing param=model.layers.10.mlp.up_proj.weight]
  [4s] Loading weights:  43%|████▎     | 126/290 [00:00<00:00, 288.74it/s, Materializing param=model.layers.10.mlp.up_proj.weight]
  [4s] Loading weights:  43%|████▎     | 126/290 [00:00<00:00, 288.74it/s, Materializing param=model.layers.10.post_attention_layernorm.weight]
  [4s] Loading weights:  43%|████▎     | 126/290 [00:00<00:00, 288.74it/s, Materializing param=model.layers.10.post_attention_layernorm.weight]
  [4s] Loading weights:  44%|████▍     | 127/290 [00:00<00:00, 288.74it/s, Materializing param=model.layers.10.self_attn.k_proj.bias]          
  [4s] Loading weights:  44%|████▍     | 127/290 [00:00<00:00, 288.74it/s, Materializing param=model.layers.10.self_attn.k_proj.bias]
  [4s] Loading weights:  44%|████▍     | 128/290 [00:00<00:00, 288.74it/s, Materializing param=model.layers.10.self_attn.k_proj.weight]
  [4s] Loading weights:  44%|████▍     | 128/290 [00:00<00:00, 288.74it/s, Materializing param=model.layers.10.self_attn.k_proj.weight]
  [4s] Loading weights:  44%|████▍     | 129/290 [00:00<00:00, 288.74it/s, Materializing param=model.layers.10.self_attn.o_proj.weight]
  [4s] Loading weights:  44%|████▍     | 129/290 [00:00<00:00, 288.74it/s, Materializing param=model.layers.10.self_attn.o_proj.weight]
  [4s] Loading weights:  45%|████▍     | 130/290 [00:00<00:00, 288.74it/s, Materializing param=model.layers.10.self_attn.q_proj.bias]  
  [4s] Loading weights:  45%|████▍     | 130/290 [00:00<00:00, 288.74it/s, Materializing param=model.layers.10.self_attn.q_proj.bias]
  [4s] Loading weights:  45%|████▌     | 131/290 [00:00<00:00, 288.74it/s, Materializing param=model.layers.10.self_attn.q_proj.weight]
  [4s] Loading weights:  45%|████▌     | 131/290 [00:00<00:00, 288.74it/s, Materializing param=model.layers.10.self_attn.q_proj.weight]
  [4s] Loading weights:  46%|████▌     | 132/290 [00:00<00:00, 288.74it/s, Materializing param=model.layers.10.self_attn.v_proj.bias]  
  [4s] Loading weights:  46%|████▌     | 132/290 [00:00<00:00, 288.74it/s, Materializing param=model.layers.10.self_attn.v_proj.bias]
  [4s] Loading weights:  46%|████▌     | 133/290 [00:00<00:00, 288.74it/s, Materializing param=model.layers.10.self_attn.v_proj.weight]
  [4s] Loading weights:  46%|████▌     | 133/290 [00:00<00:00, 288.74it/s, Materializing param=model.layers.10.self_attn.v_proj.weight]
  [4s] Loading weights:  46%|████▌     | 134/290 [00:00<00:00, 288.74it/s, Materializing param=model.layers.11.input_layernorm.weight] 
  [4s] Loading weights:  46%|████▌     | 134/290 [00:00<00:00, 288.74it/s, Materializing param=model.layers.11.input_layernorm.weight]
  [4s] Loading weights:  47%|████▋     | 135/290 [00:00<00:00, 288.74it/s, Materializing param=model.layers.11.mlp.down_proj.weight]  
  [4s] Loading weights:  47%|████▋     | 135/290 [00:00<00:00, 288.74it/s, Materializing param=model.layers.11.mlp.down_proj.weight]
  [4s] Loading weights:  47%|████▋     | 136/290 [00:00<00:00, 288.74it/s, Materializing param=model.layers.11.mlp.gate_proj.weight]
  [4s] Loading weights:  47%|████▋     | 136/290 [00:00<00:00, 288.74it/s, Materializing param=model.layers.11.mlp.gate_proj.weight]
  [4s] Loading weights:  47%|████▋     | 137/290 [00:00<00:00, 288.74it/s, Materializing param=model.layers.11.mlp.up_proj.weight]  
  [4s] Loading weights:  47%|████▋     | 137/290 [00:00<00:00, 288.74it/s, Materializing param=model.layers.11.mlp.up_proj.weight]
  [4s] Loading weights:  48%|████▊     | 138/290 [00:00<00:00, 288.74it/s, Materializing param=model.layers.11.post_attention_layernorm.weight]
  [4s] Loading weights:  48%|████▊     | 138/290 [00:00<00:00, 288.74it/s, Materializing param=model.layers.11.post_attention_layernorm.weight]
  [4s] Loading weights:  48%|████▊     | 139/290 [00:00<00:00, 288.74it/s, Materializing param=model.layers.11.self_attn.k_proj.bias]          
  [4s] Loading weights:  48%|████▊     | 139/290 [00:00<00:00, 288.74it/s, Materializing param=model.layers.11.self_attn.k_proj.bias]
  [4s] Loading weights:  48%|████▊     | 140/290 [00:00<00:00, 288.74it/s, Materializing param=model.layers.11.self_attn.k_proj.weight]
  [4s] Loading weights:  48%|████▊     | 140/290 [00:00<00:00, 288.74it/s, Materializing param=model.layers.11.self_attn.k_proj.weight]
  [4s] Loading weights:  49%|████▊     | 141/290 [00:00<00:00, 288.74it/s, Materializing param=model.layers.11.self_attn.o_proj.weight]
  [4s] Loading weights:  49%|████▊     | 141/290 [00:00<00:00, 288.74it/s, Materializing param=model.layers.11.self_attn.o_proj.weight]
  [4s] Loading weights:  49%|████▉     | 142/290 [00:00<00:00, 288.74it/s, Materializing param=model.layers.11.self_attn.q_proj.bias]  
  [4s] Loading weights:  49%|████▉     | 142/290 [00:00<00:00, 288.74it/s, Materializing param=model.layers.11.self_attn.q_proj.bias]
  [4s] Loading weights:  49%|████▉     | 143/290 [00:00<00:00, 288.74it/s, Materializing param=model.layers.11.self_attn.q_proj.weight]
  [4s] Loading weights:  49%|████▉     | 143/290 [00:00<00:00, 288.74it/s, Materializing param=model.layers.11.self_attn.q_proj.weight]
  [4s] Loading weights:  50%|████▉     | 144/290 [00:00<00:00, 288.74it/s, Materializing param=model.layers.11.self_attn.v_proj.bias]  
  [4s] Loading weights:  50%|████▉     | 144/290 [00:00<00:00, 288.74it/s, Materializing param=model.layers.11.self_attn.v_proj.bias]
  [4s] Loading weights:  50%|█████     | 145/290 [00:00<00:00, 288.74it/s, Materializing param=model.layers.11.self_attn.v_proj.weight]
  [4s] Loading weights:  50%|█████     | 145/290 [00:00<00:00, 288.74it/s, Materializing param=model.layers.11.self_attn.v_proj.weight]
  [4s] Loading weights:  50%|█████     | 146/290 [00:00<00:00, 288.74it/s, Materializing param=model.layers.12.input_layernorm.weight] 
  [4s] Loading weights:  50%|█████     | 146/290 [00:00<00:00, 288.74it/s, Materializing param=model.layers.12.input_layernorm.weight]
  [4s] Loading weights:  51%|█████     | 147/290 [00:00<00:00, 288.74it/s, Materializing param=model.layers.12.mlp.down_proj.weight]  
  [4s] Loading weights:  51%|█████     | 147/290 [00:00<00:00, 288.74it/s, Materializing param=model.layers.12.mlp.down_proj.weight]
  [4s] Loading weights:  51%|█████     | 148/290 [00:00<00:00, 288.74it/s, Materializing param=model.layers.12.mlp.gate_proj.weight]
  [4s] Loading weights:  51%|█████     | 148/290 [00:00<00:00, 288.74it/s, Materializing param=model.layers.12.mlp.gate_proj.weight]
  [4s] Loading weights:  51%|█████▏    | 149/290 [00:00<00:00, 288.74it/s, Materializing param=model.layers.12.mlp.up_proj.weight]  
  [4s] Loading weights:  51%|█████▏    | 149/290 [00:00<00:00, 288.74it/s, Materializing param=model.layers.12.mlp.up_proj.weight]
  [4s] Loading weights:  52%|█████▏    | 150/290 [00:00<00:00, 288.74it/s, Materializing param=model.layers.12.post_attention_layernorm.weight]
  [4s] Loading weights:  52%|█████▏    | 150/290 [00:00<00:00, 288.74it/s, Materializing param=model.layers.12.post_attention_layernorm.weight]
  [4s] Loading weights:  52%|█████▏    | 151/290 [00:00<00:00, 288.74it/s, Materializing param=model.layers.12.self_attn.k_proj.bias]          
  [4s] Loading weights:  52%|█████▏    | 151/290 [00:00<00:00, 288.74it/s, Materializing param=model.layers.12.self_attn.k_proj.bias]
  [4s] Loading weights:  52%|█████▏    | 152/290 [00:00<00:00, 288.74it/s, Materializing param=model.layers.12.self_attn.k_proj.weight]
  [4s] Loading weights:  52%|█████▏    | 152/290 [00:00<00:00, 288.74it/s, Materializing param=model.layers.12.self_attn.k_proj.weight]
  [4s] Loading weights:  53%|█████▎    | 153/290 [00:00<00:00, 288.74it/s, Materializing param=model.layers.12.self_attn.o_proj.weight]
  [4s] Loading weights:  53%|█████▎    | 153/290 [00:00<00:00, 288.74it/s, Materializing param=model.layers.12.self_attn.o_proj.weight]
  [4s] Loading weights:  53%|█████▎    | 154/290 [00:00<00:00, 288.74it/s, Materializing param=model.layers.12.self_attn.q_proj.bias]  
  [4s] Loading weights:  53%|█████▎    | 154/290 [00:00<00:00, 288.74it/s, Materializing param=model.layers.12.self_attn.q_proj.bias]
  [4s] Loading weights:  53%|█████▎    | 155/290 [00:00<00:00, 288.74it/s, Materializing param=model.layers.12.self_attn.q_proj.weight]
  [4s] Loading weights:  53%|█████▎    | 155/290 [00:00<00:00, 288.74it/s, Materializing param=model.layers.12.self_attn.q_proj.weight]
  [4s] Loading weights:  54%|█████▍    | 156/290 [00:00<00:00, 288.74it/s, Materializing param=model.layers.12.self_attn.v_proj.bias]  
  [4s] Loading weights:  54%|█████▍    | 156/290 [00:00<00:00, 288.74it/s, Materializing param=model.layers.12.self_attn.v_proj.bias]
  [4s] Loading weights:  54%|█████▍    | 157/290 [00:00<00:00, 288.74it/s, Materializing param=model.layers.12.self_attn.v_proj.weight]
  [4s] Loading weights:  54%|█████▍    | 157/290 [00:00<00:00, 288.74it/s, Materializing param=model.layers.12.self_attn.v_proj.weight]
  [4s] Loading weights:  54%|█████▍    | 158/290 [00:00<00:00, 288.74it/s, Materializing param=model.layers.13.input_layernorm.weight] 
  [4s] Loading weights:  54%|█████▍    | 158/290 [00:00<00:00, 288.74it/s, Materializing param=model.layers.13.input_layernorm.weight]
  [4s] Loading weights:  55%|█████▍    | 159/290 [00:00<00:00, 288.74it/s, Materializing param=model.layers.13.mlp.down_proj.weight]  
  [4s] Loading weights:  55%|█████▍    | 159/290 [00:00<00:00, 288.74it/s, Materializing param=model.layers.13.mlp.down_proj.weight]
  [4s] Loading weights:  55%|█████▌    | 160/290 [00:00<00:00, 288.74it/s, Materializing param=model.layers.13.mlp.gate_proj.weight]
  [4s] Loading weights:  55%|█████▌    | 160/290 [00:00<00:00, 288.74it/s, Materializing param=model.layers.13.mlp.gate_proj.weight]
  [4s] Loading weights:  56%|█████▌    | 161/290 [00:00<00:00, 301.89it/s, Materializing param=model.layers.13.mlp.gate_proj.weight]
  [4s] Loading weights:  56%|█████▌    | 161/290 [00:00<00:00, 301.89it/s, Materializing param=model.layers.13.mlp.up_proj.weight]  
  [4s] Loading weights:  56%|█████▌    | 161/290 [00:00<00:00, 301.89it/s, Materializing param=model.layers.13.mlp.up_proj.weight]
  [4s] Loading weights:  56%|█████▌    | 162/290 [00:00<00:00, 301.89it/s, Materializing param=model.layers.13.post_attention_layernorm.weight]
  [4s] Loading weights:  56%|█████▌    | 162/290 [00:00<00:00, 301.89it/s, Materializing param=model.layers.13.post_attention_layernorm.weight]
  [4s] Loading weights:  56%|█████▌    | 163/290 [00:00<00:00, 301.89it/s, Materializing param=model.layers.13.self_attn.k_proj.bias]          
  [4s] Loading weights:  56%|█████▌    | 163/290 [00:00<00:00, 301.89it/s, Materializing param=model.layers.13.self_attn.k_proj.bias]
  [4s] Loading weights:  57%|█████▋    | 164/290 [00:00<00:00, 301.89it/s, Materializing param=model.layers.13.self_attn.k_proj.weight]
  [4s] Loading weights:  57%|█████▋    | 164/290 [00:00<00:00, 301.89it/s, Materializing param=model.layers.13.self_attn.k_proj.weight]
  [4s] Loading weights:  57%|█████▋    | 165/290 [00:00<00:00, 301.89it/s, Materializing param=model.layers.13.self_attn.o_proj.weight]
  [4s] Loading weights:  57%|█████▋    | 165/290 [00:00<00:00, 301.89it/s, Materializing param=model.layers.13.self_attn.o_proj.weight]
  [4s] Loading weights:  57%|█████▋    | 166/290 [00:00<00:00, 301.89it/s, Materializing param=model.layers.13.self_attn.q_proj.bias]  
  [4s] Loading weights:  57%|█████▋    | 166/290 [00:00<00:00, 301.89it/s, Materializing param=model.layers.13.self_attn.q_proj.bias]
  [4s] Loading weights:  58%|█████▊    | 167/290 [00:00<00:00, 301.89it/s, Materializing param=model.layers.13.self_attn.q_proj.weight]
  [4s] Loading weights:  58%|█████▊    | 167/290 [00:00<00:00, 301.89it/s, Materializing param=model.layers.13.self_attn.q_proj.weight]
  [4s] Loading weights:  58%|█████▊    | 168/290 [00:00<00:00, 301.89it/s, Materializing param=model.layers.13.self_attn.v_proj.bias]  
  [4s] Loading weights:  58%|█████▊    | 168/290 [00:00<00:00, 301.89it/s, Materializing param=model.layers.13.self_attn.v_proj.bias]
  [4s] Loading weights:  58%|█████▊    | 169/290 [00:00<00:00, 301.89it/s, Materializing param=model.layers.13.self_attn.v_proj.weight]
  [4s] Loading weights:  58%|█████▊    | 169/290 [00:00<00:00, 301.89it/s, Materializing param=model.layers.13.self_attn.v_proj.weight]
  [4s] Loading weights:  59%|█████▊    | 170/290 [00:00<00:00, 301.89it/s, Materializing param=model.layers.14.input_layernorm.weight] 
  [4s] Loading weights:  59%|█████▊    | 170/290 [00:00<00:00, 301.89it/s, Materializing param=model.layers.14.input_layernorm.weight]
  [4s] Loading weights:  59%|█████▉    | 171/290 [00:00<00:00, 301.89it/s, Materializing param=model.layers.14.mlp.down_proj.weight]  
  [4s] Loading weights:  59%|█████▉    | 171/290 [00:00<00:00, 301.89it/s, Materializing param=model.layers.14.mlp.down_proj.weight]
  [4s] Loading weights:  59%|█████▉    | 172/290 [00:00<00:00, 301.89it/s, Materializing param=model.layers.14.mlp.gate_proj.weight]
  [4s] Loading weights:  59%|█████▉    | 172/290 [00:00<00:00, 301.89it/s, Materializing param=model.layers.14.mlp.gate_proj.weight]
  [4s] Loading weights:  60%|█████▉    | 173/290 [00:00<00:00, 301.89it/s, Materializing param=model.layers.14.mlp.up_proj.weight]  
  [4s] Loading weights:  60%|█████▉    | 173/290 [00:00<00:00, 301.89it/s, Materializing param=model.layers.14.mlp.up_proj.weight]
  [4s] Loading weights:  60%|██████    | 174/290 [00:00<00:00, 301.89it/s, Materializing param=model.layers.14.post_attention_layernorm.weight]
  [4s] Loading weights:  60%|██████    | 174/290 [00:00<00:00, 301.89it/s, Materializing param=model.layers.14.post_attention_layernorm.weight]
  [4s] Loading weights:  60%|██████    | 175/290 [00:00<00:00, 301.89it/s, Materializing param=model.layers.14.self_attn.k_proj.bias]          
  [4s] Loading weights:  60%|██████    | 175/290 [00:00<00:00, 301.89it/s, Materializing param=model.layers.14.self_attn.k_proj.bias]
  [4s] Loading weights:  61%|██████    | 176/290 [00:00<00:00, 301.89it/s, Materializing param=model.layers.14.self_attn.k_proj.weight]
  [4s] Loading weights:  61%|██████    | 176/290 [00:00<00:00, 301.89it/s, Materializing param=model.layers.14.self_attn.k_proj.weight]
  [4s] Loading weights:  61%|██████    | 177/290 [00:00<00:00, 301.89it/s, Materializing param=model.layers.14.self_attn.o_proj.weight]
  [4s] Loading weights:  61%|██████    | 177/290 [00:00<00:00, 301.89it/s, Materializing param=model.layers.14.self_attn.o_proj.weight]
  [4s] Loading weights:  61%|██████▏   | 178/290 [00:00<00:00, 301.89it/s, Materializing param=model.layers.14.self_attn.q_proj.bias]  
  [4s] Loading weights:  61%|██████▏   | 178/290 [00:00<00:00, 301.89it/s, Materializing param=model.layers.14.self_attn.q_proj.bias]
  [4s] Loading weights:  62%|██████▏   | 179/290 [00:00<00:00, 301.89it/s, Materializing param=model.layers.14.self_attn.q_proj.weight]
  [4s] Loading weights:  62%|██████▏   | 179/290 [00:00<00:00, 301.89it/s, Materializing param=model.layers.14.self_attn.q_proj.weight]
  [4s] Loading weights:  62%|██████▏   | 180/290 [00:00<00:00, 301.89it/s, Materializing param=model.layers.14.self_attn.v_proj.bias]  
  [4s] Loading weights:  62%|██████▏   | 180/290 [00:00<00:00, 301.89it/s, Materializing param=model.layers.14.self_attn.v_proj.bias]
  [4s] Loading weights:  62%|██████▏   | 181/290 [00:00<00:00, 301.89it/s, Materializing param=model.layers.14.self_attn.v_proj.weight]
  [4s] Loading weights:  62%|██████▏   | 181/290 [00:00<00:00, 301.89it/s, Materializing param=model.layers.14.self_attn.v_proj.weight]
  [4s] Loading weights:  63%|██████▎   | 182/290 [00:00<00:00, 301.89it/s, Materializing param=model.layers.15.input_layernorm.weight] 
  [4s] Loading weights:  63%|██████▎   | 182/290 [00:00<00:00, 301.89it/s, Materializing param=model.layers.15.input_layernorm.weight]
  [4s] Loading weights:  63%|██████▎   | 183/290 [00:00<00:00, 301.89it/s, Materializing param=model.layers.15.mlp.down_proj.weight]  
  [4s] Loading weights:  63%|██████▎   | 183/290 [00:00<00:00, 301.89it/s, Materializing param=model.layers.15.mlp.down_proj.weight]
  [4s] Loading weights:  63%|██████▎   | 184/290 [00:00<00:00, 301.89it/s, Materializing param=model.layers.15.mlp.gate_proj.weight]
  [4s] Loading weights:  63%|██████▎   | 184/290 [00:00<00:00, 301.89it/s, Materializing param=model.layers.15.mlp.gate_proj.weight]
  [4s] Loading weights:  64%|██████▍   | 185/290 [00:00<00:00, 301.89it/s, Materializing param=model.layers.15.mlp.up_proj.weight]  
  [4s] Loading weights:  64%|██████▍   | 185/290 [00:00<00:00, 301.89it/s, Materializing param=model.layers.15.mlp.up_proj.weight]
  [4s] Loading weights:  64%|██████▍   | 186/290 [00:00<00:00, 301.89it/s, Materializing param=model.layers.15.post_attention_layernorm.weight]
  [4s] Loading weights:  64%|██████▍   | 186/290 [00:00<00:00, 301.89it/s, Materializing param=model.layers.15.post_attention_layernorm.weight]
  [4s] Loading weights:  64%|██████▍   | 187/290 [00:00<00:00, 301.89it/s, Materializing param=model.layers.15.self_attn.k_proj.bias]          
  [4s] Loading weights:  64%|██████▍   | 187/290 [00:00<00:00, 301.89it/s, Materializing param=model.layers.15.self_attn.k_proj.bias]
  [4s] Loading weights:  65%|██████▍   | 188/290 [00:00<00:00, 301.89it/s, Materializing param=model.layers.15.self_attn.k_proj.weight]
  [4s] Loading weights:  65%|██████▍   | 188/290 [00:00<00:00, 301.89it/s, Materializing param=model.layers.15.self_attn.k_proj.weight]
  [4s] Loading weights:  65%|██████▌   | 189/290 [00:00<00:00, 301.89it/s, Materializing param=model.layers.15.self_attn.o_proj.weight]
  [4s] Loading weights:  65%|██████▌   | 189/290 [00:00<00:00, 301.89it/s, Materializing param=model.layers.15.self_attn.o_proj.weight]
  [4s] Loading weights:  66%|██████▌   | 190/290 [00:00<00:00, 301.89it/s, Materializing param=model.layers.15.self_attn.q_proj.bias]  
  [4s] Loading weights:  66%|██████▌   | 190/290 [00:00<00:00, 301.89it/s, Materializing param=model.layers.15.self_attn.q_proj.bias]
  [4s] Loading weights:  66%|██████▌   | 191/290 [00:00<00:00, 301.89it/s, Materializing param=model.layers.15.self_attn.q_proj.weight]
  [4s] Loading weights:  66%|██████▌   | 191/290 [00:00<00:00, 301.89it/s, Materializing param=model.layers.15.self_attn.q_proj.weight]
  [4s] Loading weights:  66%|██████▌   | 192/290 [00:00<00:00, 301.89it/s, Materializing param=model.layers.15.self_attn.v_proj.bias]  
  [4s] Loading weights:  66%|██████▌   | 192/290 [00:00<00:00, 301.89it/s, Materializing param=model.layers.15.self_attn.v_proj.bias]
  [4s] Loading weights:  67%|██████▋   | 193/290 [00:00<00:00, 301.89it/s, Materializing param=model.layers.15.self_attn.v_proj.weight]
  [4s] Loading weights:  67%|██████▋   | 193/290 [00:00<00:00, 301.89it/s, Materializing param=model.layers.15.self_attn.v_proj.weight]
  [4s] Loading weights:  67%|██████▋   | 194/290 [00:00<00:00, 301.89it/s, Materializing param=model.layers.16.input_layernorm.weight] 
  [4s] Loading weights:  67%|██████▋   | 194/290 [00:00<00:00, 301.89it/s, Materializing param=model.layers.16.input_layernorm.weight]
  [4s] Loading weights:  67%|██████▋   | 195/290 [00:00<00:00, 301.89it/s, Materializing param=model.layers.16.mlp.down_proj.weight]  
  [4s] Loading weights:  67%|██████▋   | 195/290 [00:00<00:00, 301.89it/s, Materializing param=model.layers.16.mlp.down_proj.weight]
  [4s] Loading weights:  68%|██████▊   | 196/290 [00:00<00:00, 301.89it/s, Materializing param=model.layers.16.mlp.gate_proj.weight]
  [4s] Loading weights:  68%|██████▊   | 196/290 [00:00<00:00, 301.89it/s, Materializing param=model.layers.16.mlp.gate_proj.weight]
  [4s] Loading weights:  68%|██████▊   | 197/290 [00:00<00:00, 301.89it/s, Materializing param=model.layers.16.mlp.up_proj.weight]  
  [4s] Loading weights:  68%|██████▊   | 197/290 [00:00<00:00, 301.89it/s, Materializing param=model.layers.16.mlp.up_proj.weight]
  [4s] Loading weights:  68%|██████▊   | 198/290 [00:00<00:00, 301.89it/s, Materializing param=model.layers.16.post_attention_layernorm.weight]
  [4s] Loading weights:  68%|██████▊   | 198/290 [00:00<00:00, 301.89it/s, Materializing param=model.layers.16.post_attention_layernorm.weight]
  [4s] Loading weights:  69%|██████▊   | 199/290 [00:00<00:00, 301.89it/s, Materializing param=model.layers.16.self_attn.k_proj.bias]          
  [4s] Loading weights:  69%|██████▊   | 199/290 [00:00<00:00, 301.89it/s, Materializing param=model.layers.16.self_attn.k_proj.bias]
  [4s] Loading weights:  69%|██████▉   | 200/290 [00:00<00:00, 301.89it/s, Materializing param=model.layers.16.self_attn.k_proj.weight]
  [4s] Loading weights:  69%|██████▉   | 200/290 [00:00<00:00, 301.89it/s, Materializing param=model.layers.16.self_attn.k_proj.weight]
  [4s] Loading weights:  69%|██████▉   | 201/290 [00:00<00:00, 301.89it/s, Materializing param=model.layers.16.self_attn.o_proj.weight]
  [4s] Loading weights:  69%|██████▉   | 201/290 [00:00<00:00, 301.89it/s, Materializing param=model.layers.16.self_attn.o_proj.weight]
  [4s] Loading weights:  70%|██████▉   | 202/290 [00:00<00:00, 301.89it/s, Materializing param=model.layers.16.self_attn.q_proj.bias]  
  [4s] Loading weights:  70%|██████▉   | 202/290 [00:00<00:00, 301.89it/s, Materializing param=model.layers.16.self_attn.q_proj.bias]
  [4s] Loading weights:  70%|███████   | 203/290 [00:00<00:00, 301.89it/s, Materializing param=model.layers.16.self_attn.q_proj.weight]
  [4s] Loading weights:  70%|███████   | 203/290 [00:00<00:00, 301.89it/s, Materializing param=model.layers.16.self_attn.q_proj.weight]
  [4s] Loading weights:  70%|███████   | 204/290 [00:00<00:00, 301.89it/s, Materializing param=model.layers.16.self_attn.v_proj.bias]  
  [4s] Loading weights:  70%|███████   | 204/290 [00:00<00:00, 301.89it/s, Materializing param=model.layers.16.self_attn.v_proj.bias]
  [4s] Loading weights:  71%|███████   | 205/290 [00:00<00:00, 301.89it/s, Materializing param=model.layers.16.self_attn.v_proj.weight]
  [4s] Loading weights:  71%|███████   | 205/290 [00:00<00:00, 301.89it/s, Materializing param=model.layers.16.self_attn.v_proj.weight]
  [4s] Loading weights:  71%|███████   | 206/290 [00:00<00:00, 301.89it/s, Materializing param=model.layers.17.input_layernorm.weight] 
  [4s] Loading weights:  71%|███████   | 206/290 [00:00<00:00, 301.89it/s, Materializing param=model.layers.17.input_layernorm.weight]
  [4s] Loading weights:  71%|███████▏  | 207/290 [00:00<00:00, 301.89it/s, Materializing param=model.layers.17.mlp.down_proj.weight]  
  [4s] Loading weights:  71%|███████▏  | 207/290 [00:00<00:00, 301.89it/s, Materializing param=model.layers.17.mlp.down_proj.weight]
  [4s] Loading weights:  72%|███████▏  | 208/290 [00:00<00:00, 301.89it/s, Materializing param=model.layers.17.mlp.gate_proj.weight]
  [4s] Loading weights:  72%|███████▏  | 208/290 [00:00<00:00, 301.89it/s, Materializing param=model.layers.17.mlp.gate_proj.weight]
  [4s] Loading weights:  72%|███████▏  | 209/290 [00:00<00:00, 301.89it/s, Materializing param=model.layers.17.mlp.up_proj.weight]  
  [4s] Loading weights:  72%|███████▏  | 209/290 [00:00<00:00, 301.89it/s, Materializing param=model.layers.17.mlp.up_proj.weight]
  [4s] Loading weights:  72%|███████▏  | 210/290 [00:00<00:00, 351.13it/s, Materializing param=model.layers.17.mlp.up_proj.weight]
  [4s] Loading weights:  72%|███████▏  | 210/290 [00:00<00:00, 351.13it/s, Materializing param=model.layers.17.post_attention_layernorm.weight]
  [4s] Loading weights:  72%|███████▏  | 210/290 [00:00<00:00, 351.13it/s, Materializing param=model.layers.17.post_attention_layernorm.weight]
  [4s] Loading weights:  73%|███████▎  | 211/290 [00:00<00:00, 351.13it/s, Materializing param=model.layers.17.self_attn.k_proj.bias]          
  [4s] Loading weights:  73%|███████▎  | 211/290 [00:00<00:00, 351.13it/s, Materializing param=model.layers.17.self_attn.k_proj.bias]
  [4s] Loading weights:  73%|███████▎  | 212/290 [00:00<00:00, 351.13it/s, Materializing param=model.layers.17.self_attn.k_proj.weight]
  [4s] Loading weights:  73%|███████▎  | 212/290 [00:00<00:00, 351.13it/s, Materializing param=model.layers.17.self_attn.k_proj.weight]
  [4s] Loading weights:  73%|███████▎  | 213/290 [00:00<00:00, 351.13it/s, Materializing param=model.layers.17.self_attn.o_proj.weight]
  [4s] Loading weights:  73%|███████▎  | 213/290 [00:00<00:00, 351.13it/s, Materializing param=model.layers.17.self_attn.o_proj.weight]
  [4s] Loading weights:  74%|███████▍  | 214/290 [00:00<00:00, 351.13it/s, Materializing param=model.layers.17.self_attn.q_proj.bias]  
  [4s] Loading weights:  74%|███████▍  | 214/290 [00:00<00:00, 351.13it/s, Materializing param=model.layers.17.self_attn.q_proj.bias]
  [4s] Loading weights:  74%|███████▍  | 215/290 [00:00<00:00, 351.13it/s, Materializing param=model.layers.17.self_attn.q_proj.weight]
  [4s] Loading weights:  74%|███████▍  | 215/290 [00:00<00:00, 351.13it/s, Materializing param=model.layers.17.self_attn.q_proj.weight]
  [4s] Loading weights:  74%|███████▍  | 216/290 [00:00<00:00, 351.13it/s, Materializing param=model.layers.17.self_attn.v_proj.bias]  
  [4s] Loading weights:  74%|███████▍  | 216/290 [00:00<00:00, 351.13it/s, Materializing param=model.layers.17.self_attn.v_proj.bias]
  [4s] Loading weights:  75%|███████▍  | 217/290 [00:00<00:00, 351.13it/s, Materializing param=model.layers.17.self_attn.v_proj.weight]
  [4s] Loading weights:  75%|███████▍  | 217/290 [00:00<00:00, 351.13it/s, Materializing param=model.layers.17.self_attn.v_proj.weight]
  [4s] Loading weights:  75%|███████▌  | 218/290 [00:00<00:00, 351.13it/s, Materializing param=model.layers.18.input_layernorm.weight] 
  [4s] Loading weights:  75%|███████▌  | 218/290 [00:00<00:00, 351.13it/s, Materializing param=model.layers.18.input_layernorm.weight]
  [4s] Loading weights:  76%|███████▌  | 219/290 [00:00<00:00, 351.13it/s, Materializing param=model.layers.18.mlp.down_proj.weight]  
  [4s] Loading weights:  76%|███████▌  | 219/290 [00:00<00:00, 351.13it/s, Materializing param=model.layers.18.mlp.down_proj.weight]
  [4s] Loading weights:  76%|███████▌  | 220/290 [00:00<00:00, 351.13it/s, Materializing param=model.layers.18.mlp.gate_proj.weight]
  [4s] Loading weights:  76%|███████▌  | 220/290 [00:00<00:00, 351.13it/s, Materializing param=model.layers.18.mlp.gate_proj.weight]
  [4s] Loading weights:  76%|███████▌  | 221/290 [00:00<00:00, 351.13it/s, Materializing param=model.layers.18.mlp.up_proj.weight]  
  [4s] Loading weights:  76%|███████▌  | 221/290 [00:00<00:00, 351.13it/s, Materializing param=model.layers.18.mlp.up_proj.weight]
  [4s] Loading weights:  77%|███████▋  | 222/290 [00:00<00:00, 351.13it/s, Materializing param=model.layers.18.post_attention_layernorm.weight]
  [4s] Loading weights:  77%|███████▋  | 222/290 [00:00<00:00, 351.13it/s, Materializing param=model.layers.18.post_attention_layernorm.weight]
  [4s] Loading weights:  77%|███████▋  | 223/290 [00:00<00:00, 351.13it/s, Materializing param=model.layers.18.self_attn.k_proj.bias]          
  [4s] Loading weights:  77%|███████▋  | 223/290 [00:00<00:00, 351.13it/s, Materializing param=model.layers.18.self_attn.k_proj.bias]
  [4s] Loading weights:  77%|███████▋  | 224/290 [00:00<00:00, 351.13it/s, Materializing param=model.layers.18.self_attn.k_proj.weight]
  [4s] Loading weights:  77%|███████▋  | 224/290 [00:00<00:00, 351.13it/s, Materializing param=model.layers.18.self_attn.k_proj.weight]
  [4s] Loading weights:  78%|███████▊  | 225/290 [00:00<00:00, 351.13it/s, Materializing param=model.layers.18.self_attn.o_proj.weight]
  [4s] Loading weights:  78%|███████▊  | 225/290 [00:00<00:00, 351.13it/s, Materializing param=model.layers.18.self_attn.o_proj.weight]
  [4s] Loading weights:  78%|███████▊  | 226/290 [00:00<00:00, 351.13it/s, Materializing param=model.layers.18.self_attn.q_proj.bias]  
  [4s] Loading weights:  78%|███████▊  | 226/290 [00:00<00:00, 351.13it/s, Materializing param=model.layers.18.self_attn.q_proj.bias]
  [4s] Loading weights:  78%|███████▊  | 227/290 [00:00<00:00, 351.13it/s, Materializing param=model.layers.18.self_attn.q_proj.weight]
  [4s] Loading weights:  78%|███████▊  | 227/290 [00:00<00:00, 351.13it/s, Materializing param=model.layers.18.self_attn.q_proj.weight]
  [4s] Loading weights:  79%|███████▊  | 228/290 [00:00<00:00, 351.13it/s, Materializing param=model.layers.18.self_attn.v_proj.bias]  
  [4s] Loading weights:  79%|███████▊  | 228/290 [00:00<00:00, 351.13it/s, Materializing param=model.layers.18.self_attn.v_proj.bias]
  [4s] Loading weights:  79%|███████▉  | 229/290 [00:00<00:00, 351.13it/s, Materializing param=model.layers.18.self_attn.v_proj.weight]
  [4s] Loading weights:  79%|███████▉  | 229/290 [00:00<00:00, 351.13it/s, Materializing param=model.layers.18.self_attn.v_proj.weight]
  [4s] Loading weights:  79%|███████▉  | 230/290 [00:00<00:00, 351.13it/s, Materializing param=model.layers.19.input_layernorm.weight] 
  [4s] Loading weights:  79%|███████▉  | 230/290 [00:00<00:00, 351.13it/s, Materializing param=model.layers.19.input_layernorm.weight]
  [4s] Loading weights:  80%|███████▉  | 231/290 [00:00<00:00, 351.13it/s, Materializing param=model.layers.19.mlp.down_proj.weight]  
  [4s] Loading weights:  80%|███████▉  | 231/290 [00:00<00:00, 351.13it/s, Materializing param=model.layers.19.mlp.down_proj.weight]
  [4s] Loading weights:  80%|████████  | 232/290 [00:00<00:00, 351.13it/s, Materializing param=model.layers.19.mlp.gate_proj.weight]
  [4s] Loading weights:  80%|████████  | 232/290 [00:00<00:00, 351.13it/s, Materializing param=model.layers.19.mlp.gate_proj.weight]
  [4s] Loading weights:  80%|████████  | 233/290 [00:00<00:00, 351.13it/s, Materializing param=model.layers.19.mlp.up_proj.weight]  
  [4s] Loading weights:  80%|████████  | 233/290 [00:00<00:00, 351.13it/s, Materializing param=model.layers.19.mlp.up_proj.weight]
  [4s] Loading weights:  81%|████████  | 234/290 [00:00<00:00, 351.13it/s, Materializing param=model.layers.19.post_attention_layernorm.weight]
  [4s] Loading weights:  81%|████████  | 234/290 [00:00<00:00, 351.13it/s, Materializing param=model.layers.19.post_attention_layernorm.weight]
  [4s] Loading weights:  81%|████████  | 235/290 [00:00<00:00, 351.13it/s, Materializing param=model.layers.19.self_attn.k_proj.bias]          
  [4s] Loading weights:  81%|████████  | 235/290 [00:00<00:00, 351.13it/s, Materializing param=model.layers.19.self_attn.k_proj.bias]
  [4s] Loading weights:  81%|████████▏ | 236/290 [00:00<00:00, 351.13it/s, Materializing param=model.layers.19.self_attn.k_proj.weight]
  [4s] Loading weights:  81%|████████▏ | 236/290 [00:00<00:00, 351.13it/s, Materializing param=model.layers.19.self_attn.k_proj.weight]
  [4s] Loading weights:  82%|████████▏ | 237/290 [00:00<00:00, 351.13it/s, Materializing param=model.layers.19.self_attn.o_proj.weight]
  [4s] Loading weights:  82%|████████▏ | 237/290 [00:00<00:00, 351.13it/s, Materializing param=model.layers.19.self_attn.o_proj.weight]
  [4s] Loading weights:  82%|████████▏ | 238/290 [00:00<00:00, 351.13it/s, Materializing param=model.layers.19.self_attn.q_proj.bias]  
  [4s] Loading weights:  82%|████████▏ | 238/290 [00:00<00:00, 351.13it/s, Materializing param=model.layers.19.self_attn.q_proj.bias]
  [4s] Loading weights:  82%|████████▏ | 239/290 [00:00<00:00, 351.13it/s, Materializing param=model.layers.19.self_attn.q_proj.weight]
  [4s] Loading weights:  82%|████████▏ | 239/290 [00:00<00:00, 351.13it/s, Materializing param=model.layers.19.self_attn.q_proj.weight]
  [4s] Loading weights:  83%|████████▎ | 240/290 [00:00<00:00, 351.13it/s, Materializing param=model.layers.19.self_attn.v_proj.bias]  
  [4s] Loading weights:  83%|████████▎ | 240/290 [00:00<00:00, 351.13it/s, Materializing param=model.layers.19.self_attn.v_proj.bias]
  [4s] Loading weights:  83%|████████▎ | 241/290 [00:00<00:00, 351.13it/s, Materializing param=model.layers.19.self_attn.v_proj.weight]
  [4s] Loading weights:  83%|████████▎ | 241/290 [00:00<00:00, 351.13it/s, Materializing param=model.layers.19.self_attn.v_proj.weight]
  [4s] Loading weights:  83%|████████▎ | 242/290 [00:00<00:00, 351.13it/s, Materializing param=model.layers.20.input_layernorm.weight] 
  [4s] Loading weights:  83%|████████▎ | 242/290 [00:00<00:00, 351.13it/s, Materializing param=model.layers.20.input_layernorm.weight]
  [4s] Loading weights:  84%|████████▍ | 243/290 [00:00<00:00, 351.13it/s, Materializing param=model.layers.20.mlp.down_proj.weight]  
  [4s] Loading weights:  84%|████████▍ | 243/290 [00:00<00:00, 351.13it/s, Materializing param=model.layers.20.mlp.down_proj.weight]
  [4s] Loading weights:  84%|████████▍ | 244/290 [00:00<00:00, 351.13it/s, Materializing param=model.layers.20.mlp.gate_proj.weight]
  [4s] Loading weights:  84%|████████▍ | 244/290 [00:00<00:00, 351.13it/s, Materializing param=model.layers.20.mlp.gate_proj.weight]
  [4s] Loading weights:  84%|████████▍ | 245/290 [00:00<00:00, 351.13it/s, Materializing param=model.layers.20.mlp.up_proj.weight]  
  [4s] Loading weights:  84%|████████▍ | 245/290 [00:00<00:00, 351.13it/s, Materializing param=model.layers.20.mlp.up_proj.weight]
  [4s] Loading weights:  85%|████████▍ | 246/290 [00:00<00:00, 351.13it/s, Materializing param=model.layers.20.post_attention_layernorm.weight]
  [4s] Loading weights:  85%|████████▍ | 246/290 [00:00<00:00, 351.13it/s, Materializing param=model.layers.20.post_attention_layernorm.weight]
  [4s] Loading weights:  85%|████████▌ | 247/290 [00:00<00:00, 351.13it/s, Materializing param=model.layers.20.self_attn.k_proj.bias]          
  [4s] Loading weights:  85%|████████▌ | 247/290 [00:00<00:00, 351.13it/s, Materializing param=model.layers.20.self_attn.k_proj.bias]
  [4s] Loading weights:  86%|████████▌ | 248/290 [00:00<00:00, 351.13it/s, Materializing param=model.layers.20.self_attn.k_proj.weight]
  [4s] Loading weights:  86%|████████▌ | 248/290 [00:00<00:00, 351.13it/s, Materializing param=model.layers.20.self_attn.k_proj.weight]
  [4s] Loading weights:  86%|████████▌ | 249/290 [00:00<00:00, 351.13it/s, Materializing param=model.layers.20.self_attn.o_proj.weight]
  [4s] Loading weights:  86%|████████▌ | 249/290 [00:00<00:00, 351.13it/s, Materializing param=model.layers.20.self_attn.o_proj.weight]
  [4s] Loading weights:  86%|████████▌ | 250/290 [00:00<00:00, 351.13it/s, Materializing param=model.layers.20.self_attn.q_proj.bias]  
  [4s] Loading weights:  86%|████████▌ | 250/290 [00:00<00:00, 351.13it/s, Materializing param=model.layers.20.self_attn.q_proj.bias]
  [4s] Loading weights:  87%|████████▋ | 251/290 [00:00<00:00, 351.13it/s, Materializing param=model.layers.20.self_attn.q_proj.weight]
  [4s] Loading weights:  87%|████████▋ | 251/290 [00:00<00:00, 351.13it/s, Materializing param=model.layers.20.self_attn.q_proj.weight]
  [4s] Loading weights:  87%|████████▋ | 252/290 [00:00<00:00, 351.13it/s, Materializing param=model.layers.20.self_attn.v_proj.bias]  
  [4s] Loading weights:  87%|████████▋ | 252/290 [00:00<00:00, 351.13it/s, Materializing param=model.layers.20.self_attn.v_proj.bias]
  [4s] Loading weights:  87%|████████▋ | 253/290 [00:00<00:00, 351.13it/s, Materializing param=model.layers.20.self_attn.v_proj.weight]
  [4s] Loading weights:  87%|████████▋ | 253/290 [00:00<00:00, 351.13it/s, Materializing param=model.layers.20.self_attn.v_proj.weight]
  [4s] Loading weights:  88%|████████▊ | 254/290 [00:00<00:00, 351.13it/s, Materializing param=model.layers.21.input_layernorm.weight] 
  [4s] Loading weights:  88%|████████▊ | 254/290 [00:00<00:00, 351.13it/s, Materializing param=model.layers.21.input_layernorm.weight]
  [4s] Loading weights:  88%|████████▊ | 255/290 [00:00<00:00, 351.13it/s, Materializing param=model.layers.21.mlp.down_proj.weight]  
  [4s] Loading weights:  88%|████████▊ | 255/290 [00:00<00:00, 351.13it/s, Materializing param=model.layers.21.mlp.down_proj.weight]
  [4s] Loading weights:  88%|████████▊ | 256/290 [00:00<00:00, 351.13it/s, Materializing param=model.layers.21.mlp.gate_proj.weight]
  [4s] Loading weights:  88%|████████▊ | 256/290 [00:00<00:00, 351.13it/s, Materializing param=model.layers.21.mlp.gate_proj.weight]
  [4s] Loading weights:  89%|████████▊ | 257/290 [00:00<00:00, 351.13it/s, Materializing param=model.layers.21.mlp.up_proj.weight]  
  [4s] Loading weights:  89%|████████▊ | 257/290 [00:00<00:00, 351.13it/s, Materializing param=model.layers.21.mlp.up_proj.weight]
  [4s] Loading weights:  89%|████████▉ | 258/290 [00:00<00:00, 364.26it/s, Materializing param=model.layers.21.mlp.up_proj.weight]
  [4s] Loading weights:  89%|████████▉ | 258/290 [00:00<00:00, 364.26it/s, Materializing param=model.layers.21.post_attention_layernorm.weight]
  [4s] Loading weights:  89%|████████▉ | 258/290 [00:00<00:00, 364.26it/s, Materializing param=model.layers.21.post_attention_layernorm.weight]
  [4s] Loading weights:  89%|████████▉ | 259/290 [00:00<00:00, 364.26it/s, Materializing param=model.layers.21.self_attn.k_proj.bias]          
  [4s] Loading weights:  89%|████████▉ | 259/290 [00:00<00:00, 364.26it/s, Materializing param=model.layers.21.self_attn.k_proj.bias]
  [4s] Loading weights:  90%|████████▉ | 260/290 [00:00<00:00, 364.26it/s, Materializing param=model.layers.21.self_attn.k_proj.weight]
  [4s] Loading weights:  90%|████████▉ | 260/290 [00:00<00:00, 364.26it/s, Materializing param=model.layers.21.self_attn.k_proj.weight]
  [4s] Loading weights:  90%|█████████ | 261/290 [00:00<00:00, 364.26it/s, Materializing param=model.layers.21.self_attn.o_proj.weight]
  [4s] Loading weights:  90%|█████████ | 261/290 [00:00<00:00, 364.26it/s, Materializing param=model.layers.21.self_attn.o_proj.weight]
  [4s] Loading weights:  90%|█████████ | 262/290 [00:00<00:00, 364.26it/s, Materializing param=model.layers.21.self_attn.q_proj.bias]  
  [4s] Loading weights:  90%|█████████ | 262/290 [00:00<00:00, 364.26it/s, Materializing param=model.layers.21.self_attn.q_proj.bias]
  [4s] Loading weights:  91%|█████████ | 263/290 [00:00<00:00, 364.26it/s, Materializing param=model.layers.21.self_attn.q_proj.weight]
  [4s] Loading weights:  91%|█████████ | 263/290 [00:00<00:00, 364.26it/s, Materializing param=model.layers.21.self_attn.q_proj.weight]
  [4s] Loading weights:  91%|█████████ | 264/290 [00:00<00:00, 364.26it/s, Materializing param=model.layers.21.self_attn.v_proj.bias]  
  [4s] Loading weights:  91%|█████████ | 264/290 [00:00<00:00, 364.26it/s, Materializing param=model.layers.21.self_attn.v_proj.bias]
  [4s] Loading weights:  91%|█████████▏| 265/290 [00:00<00:00, 364.26it/s, Materializing param=model.layers.21.self_attn.v_proj.weight]
  [4s] Loading weights:  91%|█████████▏| 265/290 [00:00<00:00, 364.26it/s, Materializing param=model.layers.21.self_attn.v_proj.weight]
  [4s] Loading weights:  92%|█████████▏| 266/290 [00:00<00:00, 364.26it/s, Materializing param=model.layers.22.input_layernorm.weight] 
  [4s] Loading weights:  92%|█████████▏| 266/290 [00:00<00:00, 364.26it/s, Materializing param=model.layers.22.input_layernorm.weight]
  [4s] Loading weights:  92%|█████████▏| 267/290 [00:00<00:00, 364.26it/s, Materializing param=model.layers.22.mlp.down_proj.weight]  
  [4s] Loading weights:  92%|█████████▏| 267/290 [00:00<00:00, 364.26it/s, Materializing param=model.layers.22.mlp.down_proj.weight]
  [4s] Loading weights:  92%|█████████▏| 268/290 [00:00<00:00, 364.26it/s, Materializing param=model.layers.22.mlp.gate_proj.weight]
  [5s] Loading weights:  92%|█████████▏| 268/290 [00:00<00:00, 364.26it/s, Materializing param=model.layers.22.mlp.gate_proj.weight]
  [5s] Loading weights:  93%|█████████▎| 269/290 [00:00<00:00, 364.26it/s, Materializing param=model.layers.22.mlp.up_proj.weight]  
  [5s] Loading weights:  93%|█████████▎| 269/290 [00:00<00:00, 364.26it/s, Materializing param=model.layers.22.mlp.up_proj.weight]
  [5s] Loading weights:  93%|█████████▎| 270/290 [00:00<00:00, 364.26it/s, Materializing param=model.layers.22.post_attention_layernorm.weight]
  [5s] Loading weights:  93%|█████████▎| 270/290 [00:00<00:00, 364.26it/s, Materializing param=model.layers.22.post_attention_layernorm.weight]
  [5s] Loading weights:  93%|█████████▎| 271/290 [00:00<00:00, 364.26it/s, Materializing param=model.layers.22.self_attn.k_proj.bias]          
  [5s] Loading weights:  93%|█████████▎| 271/290 [00:00<00:00, 364.26it/s, Materializing param=model.layers.22.self_attn.k_proj.bias]
  [5s] Loading weights:  94%|█████████▍| 272/290 [00:00<00:00, 364.26it/s, Materializing param=model.layers.22.self_attn.k_proj.weight]
  [5s] Loading weights:  94%|█████████▍| 272/290 [00:00<00:00, 364.26it/s, Materializing param=model.layers.22.self_attn.k_proj.weight]
  [5s] Loading weights:  94%|█████████▍| 273/290 [00:00<00:00, 364.26it/s, Materializing param=model.layers.22.self_attn.o_proj.weight]
  [5s] Loading weights:  94%|█████████▍| 273/290 [00:00<00:00, 364.26it/s, Materializing param=model.layers.22.self_attn.o_proj.weight]
  [5s] Loading weights:  94%|█████████▍| 274/290 [00:00<00:00, 364.26it/s, Materializing param=model.layers.22.self_attn.q_proj.bias]  
  [5s] Loading weights:  94%|█████████▍| 274/290 [00:00<00:00, 364.26it/s, Materializing param=model.layers.22.self_attn.q_proj.bias]
  [5s] Loading weights:  95%|█████████▍| 275/290 [00:00<00:00, 364.26it/s, Materializing param=model.layers.22.self_attn.q_proj.weight]
  [5s] Loading weights:  95%|█████████▍| 275/290 [00:00<00:00, 364.26it/s, Materializing param=model.layers.22.self_attn.q_proj.weight]
  [5s] Loading weights:  95%|█████████▌| 276/290 [00:00<00:00, 364.26it/s, Materializing param=model.layers.22.self_attn.v_proj.bias]  
  [5s] Loading weights:  95%|█████████▌| 276/290 [00:00<00:00, 364.26it/s, Materializing param=model.layers.22.self_attn.v_proj.bias]
  [5s] Loading weights:  96%|█████████▌| 277/290 [00:00<00:00, 364.26it/s, Materializing param=model.layers.22.self_attn.v_proj.weight]
  [5s] Loading weights:  96%|█████████▌| 277/290 [00:00<00:00, 364.26it/s, Materializing param=model.layers.22.self_attn.v_proj.weight]
  [5s] Loading weights:  96%|█████████▌| 278/290 [00:00<00:00, 364.26it/s, Materializing param=model.layers.23.input_layernorm.weight] 
  [5s] Loading weights:  96%|█████████▌| 278/290 [00:00<00:00, 364.26it/s, Materializing param=model.layers.23.input_layernorm.weight]
  [5s] Loading weights:  96%|█████████▌| 279/290 [00:00<00:00, 364.26it/s, Materializing param=model.layers.23.mlp.down_proj.weight]  
  [5s] Loading weights:  96%|█████████▌| 279/290 [00:00<00:00, 364.26it/s, Materializing param=model.layers.23.mlp.down_proj.weight]
  [5s] Loading weights:  97%|█████████▋| 280/290 [00:00<00:00, 364.26it/s, Materializing param=model.layers.23.mlp.gate_proj.weight]
  [5s] Loading weights:  97%|█████████▋| 280/290 [00:00<00:00, 364.26it/s, Materializing param=model.layers.23.mlp.gate_proj.weight]
  [5s] Loading weights:  97%|█████████▋| 281/290 [00:00<00:00, 364.26it/s, Materializing param=model.layers.23.mlp.up_proj.weight]  
  [5s] Loading weights:  97%|█████████▋| 281/290 [00:00<00:00, 364.26it/s, Materializing param=model.layers.23.mlp.up_proj.weight]
  [5s] Loading weights:  97%|█████████▋| 282/290 [00:00<00:00, 364.26it/s, Materializing param=model.layers.23.post_attention_layernorm.weight]
  [5s] Loading weights:  97%|█████████▋| 282/290 [00:00<00:00, 364.26it/s, Materializing param=model.layers.23.post_attention_layernorm.weight]
  [5s] Loading weights:  98%|█████████▊| 283/290 [00:00<00:00, 364.26it/s, Materializing param=model.layers.23.self_attn.k_proj.bias]          
  [5s] Loading weights:  98%|█████████▊| 283/290 [00:00<00:00, 364.26it/s, Materializing param=model.layers.23.self_attn.k_proj.bias]
  [5s] Loading weights:  98%|█████████▊| 284/290 [00:00<00:00, 364.26it/s, Materializing param=model.layers.23.self_attn.k_proj.weight]
  [5s] Loading weights:  98%|█████████▊| 284/290 [00:00<00:00, 364.26it/s, Materializing param=model.layers.23.self_attn.k_proj.weight]
  [5s] Loading weights:  98%|█████████▊| 285/290 [00:00<00:00, 364.26it/s, Materializing param=model.layers.23.self_attn.o_proj.weight]
  [5s] Loading weights:  98%|█████████▊| 285/290 [00:00<00:00, 364.26it/s, Materializing param=model.layers.23.self_attn.o_proj.weight]
  [5s] Loading weights:  99%|█████████▊| 286/290 [00:00<00:00, 364.26it/s, Materializing param=model.layers.23.self_attn.q_proj.bias]  
  [5s] Loading weights:  99%|█████████▊| 286/290 [00:00<00:00, 364.26it/s, Materializing param=model.layers.23.self_attn.q_proj.bias]
  [5s] Loading weights:  99%|█████████▉| 287/290 [00:00<00:00, 364.26it/s, Materializing param=model.layers.23.self_attn.q_proj.weight]
  [5s] Loading weights:  99%|█████████▉| 287/290 [00:00<00:00, 364.26it/s, Materializing param=model.layers.23.self_attn.q_proj.weight]
  [5s] Loading weights:  99%|█████████▉| 288/290 [00:00<00:00, 364.26it/s, Materializing param=model.layers.23.self_attn.v_proj.bias]  
  [5s] Loading weights:  99%|█████████▉| 288/290 [00:00<00:00, 364.26it/s, Materializing param=model.layers.23.self_attn.v_proj.bias]
  [5s] Loading weights: 100%|█████████▉| 289/290 [00:00<00:00, 364.26it/s, Materializing param=model.layers.23.self_attn.v_proj.weight]
  [5s] Loading weights: 100%|█████████▉| 289/290 [00:00<00:00, 364.26it/s, Materializing param=model.layers.23.self_attn.v_proj.weight]
  [5s] Loading weights: 100%|██████████| 290/290 [00:00<00:00, 364.26it/s, Materializing param=model.norm.weight]                      
  [5s] Loading weights: 100%|██████████| 290/290 [00:00<00:00, 364.26it/s, Materializing param=model.norm.weight]
  [5s] Loading weights: 100%|██████████| 290/290 [00:00<00:00, 330.11it/s, Materializing param=model.norm.weight]
  [5s] [TRAIN 13:19:23] Model loaded.
  [6s] [TRAIN 13:19:24] LoRA applied: 1,081,344 trainable / 495,114,112 total params (0.22%)
  [6s] [TRAIN 13:19:24] Tokenizing training data: /home/iredkach/Downloads/bola/bolaAi/data/training/sft/train.jsonl
  [6s] [TRAIN 13:19:24] Train tokenized: 27 rows → 217 chunks (window=512)
  [6s] [TRAIN 13:19:24] Tokenizing validation data: /home/iredkach/Downloads/bola/bolaAi/data/training/sft/valid.jsonl
  [6s] [TRAIN 13:19:24] Valid tokenized: 6 rows → 41 chunks
  [6s] [TRAIN 13:19:24] Training plan: 217 chunks, grad_accum=4, ~54 steps/epoch × 3.0 epochs = ~60 steps
  [6s] [TRAIN 13:19:24] CPU ETA estimate: ~1200s–2400s (20–40 min)
  [6s] [TRAIN 13:19:25] Training begun. Max steps: 60
  [6s] 
  [21s]   0%|          | 0/60 [00:00<?, ?it/s]
  [21s]   2%|▏         | 1/60 [00:15<15:04, 15.33s/it][TRAIN 13:19:40] Step 1/60 (1.7%) | loss=2.9705 | elapsed=15s | ETA=15m 4s
  [21s] 
  [21s]                                               
  [21s] 
  [41s]   2%|▏         | 1/60 [00:15<15:04, 15.33s/it]
  [41s]   3%|▎         | 2/60 [00:35<17:28, 18.07s/it]{'loss': '2.97', 'grad_norm': '0.2022', 'learning_rate': '0.0003', 'epoch': '0.01843'}
  [41s] [TRAIN 13:20:00] Step 2/60 (3.3%) | loss=2.8041 | elapsed=35s | ETA=17m 4s
  [41s] 
  [41s]                                               
  [41s] 
  [1m 4s]   3%|▎         | 2/60 [00:35<17:28, 18.07s/it]
  [1m 4s]   5%|▌         | 3/60 [00:58<19:13, 20.23s/it]{'loss': '2.804', 'grad_norm': '0.1964', 'learning_rate': '0.000295', 'epoch': '0.03687'}
  [1m 4s] [TRAIN 13:20:23] Step 3/60 (5.0%) | loss=2.5529 | elapsed=58s | ETA=18m 24s
  [1m 4s] 
  [1m 4s]                                               
  [1m 4s] 
  [1m 26s]   5%|▌         | 3/60 [00:58<19:13, 20.23s/it]
  [1m 26s]   7%|▋         | 4/60 [01:20<19:40, 21.07s/it]{'loss': '2.553', 'grad_norm': '0.1642', 'learning_rate': '0.00029', 'epoch': '0.0553'}
  [1m 26s] [TRAIN 13:20:45] Step 4/60 (6.7%) | loss=2.5267 | elapsed=1m 20s | ETA=18m 46s
  [1m 26s] 
  [1m 26s]                                               
  [1m 26s] 
  [1m 45s]   7%|▋         | 4/60 [01:20<19:40, 21.07s/it]
  [1m 45s]   8%|▊         | 5/60 [01:38<18:27, 20.14s/it]{'loss': '2.527', 'grad_norm': '0.1587', 'learning_rate': '0.000285', 'epoch': '0.07373'}
  [1m 45s] [TRAIN 13:21:04] Step 5/60 (8.3%) | loss=2.9729 | elapsed=1m 38s | ETA=18m 8s
  [1m 45s] 
  [1m 45s]                                               
  [1m 45s] 
  [2m 1s]   8%|▊         | 5/60 [01:38<18:27, 20.14s/it]
  [2m 1s]  10%|█         | 6/60 [01:55<16:55, 18.80s/it]{'loss': '2.973', 'grad_norm': '0.1565', 'learning_rate': '0.00028', 'epoch': '0.09217'}
  [2m 1s] [TRAIN 13:21:20] Step 6/60 (10.0%) | loss=2.8267 | elapsed=1m 55s | ETA=17m 16s
  [2m 1s] 
  [2m 1s]                                               
  [2m 1s] 
  [2m 15s]  10%|█         | 6/60 [01:55<16:55, 18.80s/it]
  [2m 15s]  12%|█▏        | 7/60 [02:08<15:08, 17.14s/it]{'loss': '2.827', 'grad_norm': '0.1682', 'learning_rate': '0.000275', 'epoch': '0.1106'}
  [2m 15s] [TRAIN 13:21:33] Step 7/60 (11.7%) | loss=2.5158 | elapsed=2m 8s | ETA=16m 16s
  [2m 15s] 
  [2m 15s]                                               
  [2m 15s] 
  [2m 33s]  12%|█▏        | 7/60 [02:08<15:08, 17.14s/it]
  [2m 33s]  13%|█▎        | 8/60 [02:26<15:02, 17.36s/it]{'loss': '2.516', 'grad_norm': '0.1592', 'learning_rate': '0.00027', 'epoch': '0.129'}
  [2m 33s] [TRAIN 13:21:51] Step 8/60 (13.3%) | loss=2.2639 | elapsed=2m 26s | ETA=15m 53s
  [2m 33s] 
  [2m 33s]                                               
  [2m 33s] 
  [2m 51s]  13%|█▎        | 8/60 [02:26<15:02, 17.36s/it]
  [2m 51s]  15%|█▌        | 9/60 [02:45<15:05, 17.75s/it]{'loss': '2.264', 'grad_norm': '0.1461', 'learning_rate': '0.000265', 'epoch': '0.1475'}
  [2m 51s] [TRAIN 13:22:10] Step 9/60 (15.0%) | loss=2.4877 | elapsed=2m 45s | ETA=15m 37s
  [2m 51s] 
  [2m 51s]                                               
  [2m 51s] 
  [3m 10s]  15%|█▌        | 9/60 [02:45<15:05, 17.75s/it]
  [3m 10s]  17%|█▋        | 10/60 [03:04<15:02, 18.06s/it]{'loss': '2.488', 'grad_norm': '0.1465', 'learning_rate': '0.00026', 'epoch': '0.1659'}
  [3m 10s] [TRAIN 13:22:29] Step 10/60 (16.7%) | loss=2.5058 | elapsed=3m 4s | ETA=15m 20s
  [3m 10s] 
  [3m 10s]                                                
  [3m 10s] 
  [3m 28s]  17%|█▋        | 10/60 [03:04<15:02, 18.06s/it]
  [3m 28s]  18%|█▊        | 11/60 [03:22<14:48, 18.13s/it]{'loss': '2.506', 'grad_norm': '0.139', 'learning_rate': '0.000255', 'epoch': '0.1843'}
  [3m 28s] [TRAIN 13:22:47] Step 11/60 (18.3%) | loss=2.5519 | elapsed=3m 22s | ETA=15m 1s
  [3m 28s] 
  [3m 28s]                                                
  [3m 28s] 
  [3m 47s]  18%|█▊        | 11/60 [03:22<14:48, 18.13s/it]
  [3m 47s]  20%|██        | 12/60 [03:40<14:30, 18.13s/it]{'loss': '2.552', 'grad_norm': '0.1789', 'learning_rate': '0.00025', 'epoch': '0.2028'}
  [3m 47s] [TRAIN 13:23:05] Step 12/60 (20.0%) | loss=2.3125 | elapsed=3m 40s | ETA=14m 42s
  [3m 47s] 
  [3m 47s]                                                
  [3m 47s] 
  [4m 3s]  20%|██        | 12/60 [03:40<14:30, 18.13s/it]
  [4m 3s]  22%|██▏       | 13/60 [03:56<13:46, 17.59s/it]{'loss': '2.313', 'grad_norm': '0.1517', 'learning_rate': '0.000245', 'epoch': '0.2212'}
  [4m 3s] [TRAIN 13:23:21] Step 13/60 (21.7%) | loss=2.5691 | elapsed=3m 56s | ETA=14m 16s
  [4m 3s] 
  [4m 3s]                                                
  [4m 3s] 
  [4m 21s]  22%|██▏       | 13/60 [03:56<13:46, 17.59s/it]
  [4m 21s]  23%|██▎       | 14/60 [04:14<13:33, 17.68s/it]{'loss': '2.569', 'grad_norm': '0.1645', 'learning_rate': '0.00024', 'epoch': '0.2396'}
  [4m 21s] [TRAIN 13:23:39] Step 14/60 (23.3%) | loss=2.8033 | elapsed=4m 14s | ETA=13m 57s
  [4m 21s] 
  [4m 21s]                                                
  [4m 21s] 
  [4m 40s]  23%|██▎       | 14/60 [04:14<13:33, 17.68s/it]
  [4m 40s]  25%|██▌       | 15/60 [04:34<13:41, 18.26s/it]{'loss': '2.803', 'grad_norm': '0.1947', 'learning_rate': '0.000235', 'epoch': '0.2581'}
  [4m 40s] [TRAIN 13:23:59] Step 15/60 (25.0%) | loss=2.5235 | elapsed=4m 34s | ETA=13m 43s
  [4m 40s] 
  [4m 40s]                                                
  [4m 40s] 
  [4m 58s]  25%|██▌       | 15/60 [04:34<13:41, 18.26s/it]
  [4m 58s]  27%|██▋       | 16/60 [04:51<13:11, 17.99s/it]{'loss': '2.524', 'grad_norm': '0.1817', 'learning_rate': '0.00023', 'epoch': '0.2765'}
  [4m 58s] [TRAIN 13:24:16] Step 16/60 (26.7%) | loss=3.1029 | elapsed=4m 51s | ETA=13m 22s
  [4m 58s] 
  [4m 58s]                                                
  [4m 58s] 
  [5m 10s]  27%|██▋       | 16/60 [04:51<13:11, 17.99s/it]
  [5m 10s]  28%|██▊       | 17/60 [05:03<11:36, 16.21s/it]{'loss': '3.103', 'grad_norm': '0.2146', 'learning_rate': '0.000225', 'epoch': '0.2949'}
  [5m 10s] [TRAIN 13:24:28] Step 17/60 (28.3%) | loss=3.0193 | elapsed=5m 3s | ETA=12m 48s
  [5m 10s] 
  [5m 10s]                                                
  [5m 10s] 
  [5m 23s]  28%|██▊       | 17/60 [05:03<11:36, 16.21s/it]
  [5m 23s]  30%|███       | 18/60 [05:17<10:48, 15.45s/it]{'loss': '3.019', 'grad_norm': '0.2277', 'learning_rate': '0.00022', 'epoch': '0.3134'}
  [5m 23s] [TRAIN 13:24:42] Step 18/60 (30.0%) | loss=2.7453 | elapsed=5m 17s | ETA=12m 20s
  [5m 23s] 
  [5m 23s]                                                
  [5m 23s] 
  [5m 42s]  30%|███       | 18/60 [05:17<10:48, 15.45s/it]
  [5m 42s]  32%|███▏      | 19/60 [05:36<11:14, 16.46s/it]{'loss': '2.745', 'grad_norm': '0.1954', 'learning_rate': '0.000215', 'epoch': '0.3318'}
  [5m 42s] [TRAIN 13:25:01] Step 19/60 (31.7%) | loss=2.4556 | elapsed=5m 36s | ETA=12m 5s
  [5m 42s] 
  [5m 42s]                                                
  [5m 42s] 
  [6m 4s]  32%|███▏      | 19/60 [05:36<11:14, 16.46s/it]
  [6m 4s]  33%|███▎      | 20/60 [05:57<11:55, 17.89s/it]{'loss': '2.456', 'grad_norm': '0.1623', 'learning_rate': '0.00021', 'epoch': '0.3502'}
  [6m 4s] [TRAIN 13:25:22] Step 20/60 (33.3%) | loss=2.7132 | elapsed=5m 57s | ETA=11m 55s
  [6m 4s] 
  [6m 4s]                                                
  [6m 4s] 
  [6m 27s]  33%|███▎      | 20/60 [05:57<11:55, 17.89s/it]
  [6m 27s]  35%|███▌      | 21/60 [06:21<12:46, 19.65s/it]{'loss': '2.713', 'grad_norm': '0.1752', 'learning_rate': '0.000205', 'epoch': '0.3687'}
  [6m 27s] [TRAIN 13:25:46] Step 21/60 (35.0%) | loss=2.8130 | elapsed=6m 21s | ETA=11m 48s
  [6m 27s] 
  [6m 27s]                                                
  [6m 27s] 
  [6m 48s]  35%|███▌      | 21/60 [06:21<12:46, 19.65s/it]
  [6m 48s]  37%|███▋      | 22/60 [06:41<12:35, 19.88s/it]{'loss': '2.813', 'grad_norm': '0.2088', 'learning_rate': '0.0002', 'epoch': '0.3871'}
  [6m 48s] [TRAIN 13:26:06] Step 22/60 (36.7%) | loss=2.6546 | elapsed=6m 41s | ETA=11m 33s
  [6m 48s] 
  [6m 48s]                                                
  [6m 48s] 
  [7m 9s]  37%|███▋      | 22/60 [06:41<12:35, 19.88s/it]
  [7m 9s]  38%|███▊      | 23/60 [07:03<12:35, 20.42s/it]{'loss': '2.655', 'grad_norm': '0.182', 'learning_rate': '0.000195', 'epoch': '0.4055'}
  [7m 9s] [TRAIN 13:26:28] Step 23/60 (38.3%) | loss=2.6616 | elapsed=7m 3s | ETA=11m 21s
  [7m 9s] 
  [7m 9s]                                                
  [7m 9s] 
  [7m 32s]  38%|███▊      | 23/60 [07:03<12:35, 20.42s/it]
  [7m 32s]  40%|████      | 24/60 [07:26<12:41, 21.16s/it]{'loss': '2.662', 'grad_norm': '0.175', 'learning_rate': '0.00019', 'epoch': '0.424'}
  [7m 32s] [TRAIN 13:26:51] Step 24/60 (40.0%) | loss=2.5177 | elapsed=7m 26s | ETA=11m 9s
  [7m 32s] 
  [7m 32s]                                                
  [7m 32s] 
  [7m 52s]  40%|████      | 24/60 [07:26<12:41, 21.16s/it]
  [7m 52s]  42%|████▏     | 25/60 [07:46<12:10, 20.87s/it]{'loss': '2.518', 'grad_norm': '0.1841', 'learning_rate': '0.000185', 'epoch': '0.4424'}
  [7m 52s] [TRAIN 13:27:11] Step 25/60 (41.7%) | loss=2.3699 | elapsed=7m 46s | ETA=10m 53s
  [7m 52s] 
  [7m 52s]                                                
  [7m 52s] 
  [8m 12s]  42%|████▏     | 25/60 [07:46<12:10, 20.87s/it]
  [8m 12s]  43%|████▎     | 26/60 [08:05<11:35, 20.47s/it]{'loss': '2.37', 'grad_norm': '0.1827', 'learning_rate': '0.00018', 'epoch': '0.4608'}
  [8m 12s] [TRAIN 13:27:31] Step 26/60 (43.3%) | loss=2.9026 | elapsed=8m 5s | ETA=10m 35s
  [8m 12s] 
  [8m 12s]                                                
  [8m 12s] 
  [8m 32s]  43%|████▎     | 26/60 [08:05<11:35, 20.47s/it]
  [8m 32s]  45%|████▌     | 27/60 [08:25<11:10, 20.31s/it]{'loss': '2.903', 'grad_norm': '0.181', 'learning_rate': '0.000175', 'epoch': '0.4793'}
  [8m 32s] [TRAIN 13:27:51] Step 27/60 (45.0%) | loss=1.9203 | elapsed=8m 25s | ETA=10m 18s
  [8m 32s] 
  [8m 32s]                                                
  [8m 32s] 
  [8m 50s]  45%|████▌     | 27/60 [08:25<11:10, 20.31s/it]
  [8m 50s]  47%|████▋     | 28/60 [08:44<10:31, 19.74s/it]{'loss': '1.92', 'grad_norm': '0.1692', 'learning_rate': '0.00017', 'epoch': '0.4977'}
  [8m 50s] [TRAIN 13:28:09] Step 28/60 (46.7%) | loss=2.5481 | elapsed=8m 44s | ETA=9m 59s
  [8m 50s] 
  [8m 50s]                                                
  [8m 50s] 
  [9m 10s]  47%|████▋     | 28/60 [08:44<10:31, 19.74s/it]
  [9m 10s]  48%|████▊     | 29/60 [09:03<10:09, 19.66s/it]{'loss': '2.548', 'grad_norm': '0.1874', 'learning_rate': '0.000165', 'epoch': '0.5161'}
  [9m 10s] [TRAIN 13:28:28] Step 29/60 (48.3%) | loss=2.9765 | elapsed=9m 3s | ETA=9m 41s
  [9m 10s] 
  [9m 10s]                                                
  [9m 10s] 
  [9m 26s]  48%|████▊     | 29/60 [09:03<10:09, 19.66s/it]
  [9m 26s]  50%|█████     | 30/60 [09:20<09:22, 18.74s/it]{'loss': '2.976', 'grad_norm': '0.2256', 'learning_rate': '0.00016', 'epoch': '0.5346'}
  [9m 26s] [TRAIN 13:28:45] Step 30/60 (50.0%) | loss=2.6225 | elapsed=9m 20s | ETA=9m 20s
  [9m 26s] 
  [9m 26s]                                                
  [9m 26s] 
  [9m 44s]  50%|█████     | 30/60 [09:20<09:22, 18.74s/it]
  [9m 44s]  52%|█████▏    | 31/60 [09:38<08:55, 18.46s/it]{'loss': '2.622', 'grad_norm': '0.2177', 'learning_rate': '0.000155', 'epoch': '0.553'}
  [9m 44s] [TRAIN 13:29:03] Step 31/60 (51.7%) | loss=2.8737 | elapsed=9m 38s | ETA=9m 0s
  [9m 44s] 
  [9m 44s]                                                
  [9m 44s] 
  [10m 4s]  52%|█████▏    | 31/60 [09:38<08:55, 18.46s/it]
  [10m 4s]  53%|█████▎    | 32/60 [09:58<08:48, 18.88s/it]{'loss': '2.874', 'grad_norm': '0.1991', 'learning_rate': '0.00015', 'epoch': '0.5714'}
  [10m 4s] [TRAIN 13:29:23] Step 32/60 (53.3%) | loss=2.5071 | elapsed=9m 58s | ETA=8m 43s
  [10m 4s] 
  [10m 4s]                                                
  [10m 4s] 
  [10m 24s]  53%|█████▎    | 32/60 [09:58<08:48, 18.88s/it]
  [10m 24s]  55%|█████▌    | 33/60 [10:18<08:39, 19.24s/it]{'loss': '2.507', 'grad_norm': '0.1739', 'learning_rate': '0.000145', 'epoch': '0.5899'}
  [10m 24s] [TRAIN 13:29:43] Step 33/60 (55.0%) | loss=2.3630 | elapsed=10m 18s | ETA=8m 25s
  [10m 24s] 
  [10m 24s]                                                
  [10m 24s] 
  [10m 44s]  55%|█████▌    | 33/60 [10:18<08:39, 19.24s/it]
  [10m 44s]  57%|█████▋    | 34/60 [10:38<08:27, 19.52s/it]{'loss': '2.363', 'grad_norm': '0.2125', 'learning_rate': '0.00014', 'epoch': '0.6083'}
  [10m 44s] [TRAIN 13:30:03] Step 34/60 (56.7%) | loss=2.2024 | elapsed=10m 38s | ETA=8m 8s
  [10m 44s] 
  [10m 44s]                                                
  [10m 44s] 
  [11m 7s]  57%|█████▋    | 34/60 [10:38<08:27, 19.52s/it]
  [11m 7s]  58%|█████▊    | 35/60 [11:01<08:33, 20.52s/it]{'loss': '2.202', 'grad_norm': '0.1788', 'learning_rate': '0.000135', 'epoch': '0.6267'}
  [11m 7s] [TRAIN 13:30:26] Step 35/60 (58.3%) | loss=2.5183 | elapsed=11m 1s | ETA=7m 52s
  [11m 7s] 
  [11m 7s]                                                
  [11m 7s] 
  [11m 31s]  58%|█████▊    | 35/60 [11:01<08:33, 20.52s/it]
  [11m 31s]  60%|██████    | 36/60 [11:24<08:35, 21.50s/it]{'loss': '2.518', 'grad_norm': '0.2003', 'learning_rate': '0.00013', 'epoch': '0.6452'}
  [11m 31s] [TRAIN 13:30:50] Step 36/60 (60.0%) | loss=2.1825 | elapsed=11m 24s | ETA=7m 36s
  [11m 31s] 
  [11m 31s]                                                
  [11m 31s] 
  [11m 52s]  60%|██████    | 36/60 [11:24<08:35, 21.50s/it]
  [11m 52s]  62%|██████▏   | 37/60 [11:45<08:08, 21.23s/it]{'loss': '2.182', 'grad_norm': '0.1973', 'learning_rate': '0.000125', 'epoch': '0.6636'}
  [11m 52s] [TRAIN 13:31:10] Step 37/60 (61.7%) | loss=1.9486 | elapsed=11m 45s | ETA=7m 18s
  [11m 52s] 
  [11m 52s]                                                
  [11m 52s] 
  [12m 10s]  62%|██████▏   | 37/60 [11:45<08:08, 21.23s/it]
  [12m 10s]  63%|██████▎   | 38/60 [12:03<07:26, 20.30s/it]{'loss': '1.949', 'grad_norm': '0.191', 'learning_rate': '0.00012', 'epoch': '0.682'}
  [12m 10s] [TRAIN 13:31:28] Step 38/60 (63.3%) | loss=2.9351 | elapsed=12m 3s | ETA=6m 58s
  [12m 10s] 
  [12m 10s]                                                
  [12m 10s] 
  [12m 30s]  63%|██████▎   | 38/60 [12:03<07:26, 20.30s/it]
  [12m 30s]  65%|██████▌   | 39/60 [12:24<07:07, 20.36s/it]{'loss': '2.935', 'grad_norm': '0.2229', 'learning_rate': '0.000115', 'epoch': '0.7005'}
  [12m 30s] [TRAIN 13:31:49] Step 39/60 (65.0%) | loss=1.9531 | elapsed=12m 24s | ETA=6m 40s
  [12m 30s] 
  [12m 30s]                                                
  [12m 30s] 
  [12m 51s]  65%|██████▌   | 39/60 [12:24<07:07, 20.36s/it]
  [12m 51s]  67%|██████▋   | 40/60 [12:44<06:46, 20.34s/it]{'loss': '1.953', 'grad_norm': '0.1924', 'learning_rate': '0.00011', 'epoch': '0.7189'}
  [12m 51s] [TRAIN 13:32:09] Step 40/60 (66.7%) | loss=2.5086 | elapsed=12m 44s | ETA=6m 22s
  [12m 51s] 
  [12m 51s]                                                
  [12m 51s] 
  [13m 7s]  67%|██████▋   | 40/60 [12:44<06:46, 20.34s/it]
  [13m 7s]  68%|██████▊   | 41/60 [13:01<06:04, 19.21s/it]{'loss': '2.509', 'grad_norm': '0.1867', 'learning_rate': '0.000105', 'epoch': '0.7373'}
  [13m 7s] [TRAIN 13:32:26] Step 41/60 (68.3%) | loss=2.6269 | elapsed=13m 1s | ETA=6m 1s
  [13m 7s] 
  [13m 7s]                                                
  [13m 7s] 
  [13m 27s]  68%|██████▊   | 41/60 [13:01<06:04, 19.21s/it]
  [13m 27s]  70%|███████   | 42/60 [13:21<05:50, 19.48s/it]{'loss': '2.627', 'grad_norm': '0.2597', 'learning_rate': '0.0001', 'epoch': '0.7558'}
  [13m 27s] [TRAIN 13:32:46] Step 42/60 (70.0%) | loss=1.7256 | elapsed=13m 21s | ETA=5m 43s
  [13m 27s] 
  [13m 27s]                                                
  [13m 27s] 
  [13m 44s]  70%|███████   | 42/60 [13:21<05:50, 19.48s/it]
  [13m 44s]  72%|███████▏  | 43/60 [13:38<05:18, 18.74s/it]{'loss': '1.726', 'grad_norm': '0.1966', 'learning_rate': '9.5e-05', 'epoch': '0.7742'}
  [13m 44s] [TRAIN 13:33:03] Step 43/60 (71.7%) | loss=2.2503 | elapsed=13m 38s | ETA=5m 23s
  [13m 44s] 
  [13m 44s]                                                
  [13m 44s] 
  [14m 3s]  72%|███████▏  | 43/60 [13:38<05:18, 18.74s/it]
  [14m 3s]  73%|███████▎  | 44/60 [13:56<04:59, 18.73s/it]{'loss': '2.25', 'grad_norm': '0.1947', 'learning_rate': '9e-05', 'epoch': '0.7926'}
  [14m 3s] [TRAIN 13:33:21] Step 44/60 (73.3%) | loss=2.6063 | elapsed=13m 56s | ETA=5m 4s
  [14m 3s] 
  [14m 3s]                                                
  [14m 3s] 
  [14m 20s]  73%|███████▎  | 44/60 [13:56<04:59, 18.73s/it]
  [14m 20s]  75%|███████▌  | 45/60 [14:14<04:34, 18.32s/it]{'loss': '2.606', 'grad_norm': '0.2091', 'learning_rate': '8.5e-05', 'epoch': '0.8111'}
  [14m 20s] [TRAIN 13:33:39] Step 45/60 (75.0%) | loss=3.0735 | elapsed=14m 14s | ETA=4m 44s
  [14m 20s] 
  [14m 20s]                                                
  [14m 20s] 
  [14m 38s]  75%|███████▌  | 45/60 [14:14<04:34, 18.32s/it]
  [14m 38s]  77%|███████▋  | 46/60 [14:32<04:14, 18.15s/it]{'loss': '3.073', 'grad_norm': '0.2233', 'learning_rate': '8e-05', 'epoch': '0.8295'}
  [14m 38s] [TRAIN 13:33:57] Step 46/60 (76.7%) | loss=2.9981 | elapsed=14m 32s | ETA=4m 25s
  [14m 38s] 
  [14m 38s]                                                
  [14m 38s] 
  [14m 56s]  77%|███████▋  | 46/60 [14:32<04:14, 18.15s/it]
  [14m 56s]  78%|███████▊  | 47/60 [14:49<03:54, 18.03s/it]{'loss': '2.998', 'grad_norm': '0.2379', 'learning_rate': '7.5e-05', 'epoch': '0.8479'}
  [14m 56s] [TRAIN 13:34:14] Step 47/60 (78.3%) | loss=2.1076 | elapsed=14m 49s | ETA=4m 6s
  [14m 56s] 
  [14m 56s]                                                
  [14m 56s] 
  [15m 14s]  78%|███████▊  | 47/60 [14:49<03:54, 18.03s/it]
  [15m 14s]  80%|████████  | 48/60 [15:07<03:35, 17.95s/it]{'loss': '2.108', 'grad_norm': '0.4563', 'learning_rate': '7e-05', 'epoch': '0.8664'}
  [15m 14s] [TRAIN 13:34:32] Step 48/60 (80.0%) | loss=2.3669 | elapsed=15m 7s | ETA=3m 46s
  [15m 14s] 
  [15m 14s]                                                
  [15m 14s] 
  [15m 32s]  80%|████████  | 48/60 [15:07<03:35, 17.95s/it]
  [15m 32s]  82%|████████▏ | 49/60 [15:26<03:19, 18.17s/it]{'loss': '2.367', 'grad_norm': '0.1978', 'learning_rate': '6.5e-05', 'epoch': '0.8848'}
  [15m 32s] [TRAIN 13:34:51] Step 49/60 (81.7%) | loss=2.6037 | elapsed=15m 26s | ETA=3m 27s
  [15m 32s] 
  [15m 32s]                                                
  [15m 32s] 
  [15m 50s]  82%|████████▏ | 49/60 [15:26<03:19, 18.17s/it]
  [15m 50s]  83%|████████▎ | 50/60 [15:44<03:01, 18.19s/it]{'loss': '2.604', 'grad_norm': '0.2424', 'learning_rate': '6e-05', 'epoch': '0.9032'}
  [15m 50s] [TRAIN 13:35:09] Step 50/60 (83.3%) | loss=2.0481 | elapsed=15m 44s | ETA=3m 8s
  [15m 50s] 
  [15m 50s]                                                
  [15m 50s] 
  [16m 10s]  83%|████████▎ | 50/60 [15:44<03:01, 18.19s/it]
  [16m 10s]  85%|████████▌ | 51/60 [16:03<02:46, 18.48s/it]{'loss': '2.048', 'grad_norm': '0.1885', 'learning_rate': '5.5e-05', 'epoch': '0.9217'}
  [16m 10s] [TRAIN 13:35:28] Step 51/60 (85.0%) | loss=2.2511 | elapsed=16m 3s | ETA=2m 50s
  [16m 10s] 
  [16m 10s]                                                
  [16m 10s] 
  [16m 28s]  85%|████████▌ | 51/60 [16:03<02:46, 18.48s/it]
  [16m 28s]  87%|████████▋ | 52/60 [16:22<02:28, 18.54s/it]{'loss': '2.251', 'grad_norm': '0.2388', 'learning_rate': '5e-05', 'epoch': '0.9401'}
  [16m 28s] [TRAIN 13:35:47] Step 52/60 (86.7%) | loss=2.8422 | elapsed=16m 22s | ETA=2m 31s
  [16m 28s] 
  [16m 28s]                                                
  [16m 28s] 
  [16m 47s]  87%|████████▋ | 52/60 [16:22<02:28, 18.54s/it]
  [16m 47s]  88%|████████▊ | 53/60 [16:40<02:09, 18.57s/it]{'loss': '2.842', 'grad_norm': '0.2339', 'learning_rate': '4.5e-05', 'epoch': '0.9585'}
  [16m 47s] [TRAIN 13:36:06] Step 53/60 (88.3%) | loss=1.8962 | elapsed=16m 40s | ETA=2m 12s
  [16m 47s] 
  [16m 47s]                                                
  [16m 47s] 
  [16m 58s]  88%|████████▊ | 53/60 [16:40<02:09, 18.57s/it]
  [16m 58s]  90%|█████████ | 54/60 [16:52<01:38, 16.44s/it]{'loss': '1.896', 'grad_norm': '0.1991', 'learning_rate': '4e-05', 'epoch': '0.977'}
  [16m 58s] [TRAIN 13:36:17] Step 54/60 (90.0%) | loss=2.7810 | elapsed=16m 52s | ETA=1m 52s
  [16m 58s] 
  [16m 58s]                                                
  [16m 58s] 
  [17m 3s]  90%|█████████ | 54/60 [16:52<01:38, 16.44s/it]
  [17m 3s]  92%|█████████▏| 55/60 [16:57<01:04, 12.94s/it]{'loss': '2.781', 'grad_norm': '0.2595', 'learning_rate': '3.5e-05', 'epoch': '0.9954'}
  [17m 3s] [TRAIN 13:36:22] Step 55/60 (91.7%) | loss=2.4245 | elapsed=16m 57s | ETA=1m 32s
  [17m 3s] 
  [17m 3s]                                                
  [17m 3s] 
  [17m 19s]  92%|█████████▏| 55/60 [16:57<01:04, 12.94s/it]
  [17m 19s]  93%|█████████▎| 56/60 [17:12<00:54, 13.69s/it]{'loss': '2.425', 'grad_norm': '0.3781', 'learning_rate': '3e-05', 'epoch': '1'}
  [17m 19s] [TRAIN 13:36:37] Step 56/60 (93.3%) | loss=2.2281 | elapsed=17m 12s | ETA=1m 13s
  [17m 19s] 
  [17m 19s]                                                
  [17m 19s] 
  [17m 37s]  93%|█████████▎| 56/60 [17:12<00:54, 13.69s/it]
  [17m 37s]  95%|█████████▌| 57/60 [17:31<00:45, 15.19s/it]{'loss': '2.228', 'grad_norm': '0.2331', 'learning_rate': '2.5e-05', 'epoch': '1.018'}
  [17m 37s] [TRAIN 13:36:56] Step 57/60 (95.0%) | loss=2.6759 | elapsed=17m 31s | ETA=55s
  [17m 37s] 
  [17m 37s]                                                
  [17m 37s] 
  [17m 54s]  95%|█████████▌| 57/60 [17:31<00:45, 15.19s/it]
  [17m 54s]  97%|█████████▋| 58/60 [17:47<00:31, 15.62s/it]{'loss': '2.676', 'grad_norm': '0.2208', 'learning_rate': '2e-05', 'epoch': '1.037'}
  [17m 54s] [TRAIN 13:37:13] Step 58/60 (96.7%) | loss=2.3936 | elapsed=17m 47s | ETA=36s
  [17m 54s] 
  [17m 54s]                                                
  [17m 54s] 
  [18m 13s]  97%|█████████▋| 58/60 [17:47<00:31, 15.62s/it]
  [18m 13s]  98%|█████████▊| 59/60 [18:07<00:16, 16.64s/it]{'loss': '2.394', 'grad_norm': '0.2184', 'learning_rate': '1.5e-05', 'epoch': '1.055'}
  [18m 13s] [TRAIN 13:37:32] Step 59/60 (98.3%) | loss=2.0089 | elapsed=18m 7s | ETA=18s
  [18m 13s] 
  [18m 13s]                                                
  [18m 13s] 
  [18m 33s]  98%|█████████▊| 59/60 [18:07<00:16, 16.64s/it]
  [18m 33s] 100%|██████████| 60/60 [18:26<00:00, 17.52s/it]{'loss': '2.009', 'grad_norm': '0.1951', 'learning_rate': '1e-05', 'epoch': '1.074'}
  [18m 33s] [TRAIN 13:37:51] Step 60/60 (100.0%) | loss=2.5063 | elapsed=18m 26s | ETA=0s
  [18m 33s] 
  [18m 33s]                                                
  [18m 33s] 
  [18m 33s] 100%|██████████| 60/60 [18:26<00:00, 17.52s/it]{'loss': '2.506', 'grad_norm': '0.2063', 'learning_rate': '5e-06', 'epoch': '1.092'}
  [18m 33s] [TRAIN 13:37:51] Step 60/60 (100.0%) | loss=n/a | elapsed=18m 26s | ETA=0s
  [18m 33s] 
  [18m 33s]                                                
  [18m 33s] 
  [18m 33s] 100%|██████████| 60/60 [18:26<00:00, 17.52s/it]{'train_runtime': '1107', 'train_samples_per_second': '0.217', 'train_steps_per_second': '0.054', 'train_loss': '2.527', 'epoch': '1.092'}
  [18m 33s] [TRAIN 13:37:51] Training complete! Steps: 60, elapsed: 18m 26s
  [18m 33s] 
  [18m 33s] 100%|██████████| 60/60 [18:26<00:00, 18.44s/it]
  [18m 33s] [TRAIN 13:37:51] Saving adapter weights...
  [18m 33s] [TRAIN 13:37:51] Training result saved: /home/iredkach/Downloads/bola/bolaAi/models/adapters/qlora_20260410T131918Z/training_result.json
  [18m 33s] {
  [18m 33s]   "run_id": "qlora_20260410T131918Z",
  [18m 33s]   "status": "trained",
  [18m 33s]   "adapters_dir": "/home/iredkach/Downloads/bola/bolaAi/models/adapters/qlora_20260410T131918Z",
  [18m 33s]   "base_model": "Qwen/Qwen2.5-Coder-0.5B-Instruct",
  [18m 33s]   "device": "CPU (no GPU detected)",
  [18m 33s]   "train_chunks": 217,
  [18m 33s]   "estimated_steps": 60,
  [18m 33s]   "actual_steps": 0.054,
  [18m 33s]   "train_loss": 2.5269553283850352
  [18m 33s] }
[13:37:53] [gradient_train] SUCCESS in 18m 34s  rc=0
[13:37:53] [pipeline]   Adapter saved: qlora_20260410T131918Z
[13:37:53] [pipeline]   Train loss: 2.5269553283850352
[13:37:53] [pipeline] STAGE 4: Packaging model for Ollama
[13:37:53] [pipeline]   Packaging adapter: qlora_20260410T131918Z
[13:37:53] [package_ollama] Starting: /usr/bin/python scripts/package_trained_model_for_ollama.py --run-dir /home/iredkach/Downloads/bola/bolaAi/models/adapters/qlora_20260410T131918Z --model-name bola-analyzer
  [3s] `torch_dtype` is deprecated! Use `dtype` instead!
  [3s] Warning: You are sending unauthenticated requests to the HF Hub. Please set a HF_TOKEN to enable higher rate limits and faster downloads.
  [3s] 
  [3s] Loading weights:   0%|          | 0/290 [00:00<?, ?it/s]
  [3s] Loading weights:   0%|          | 1/290 [00:00<00:00, 7653.84it/s, Materializing param=model.embed_tokens.weight]
  [3s] Loading weights:   0%|          | 1/290 [00:00<00:00, 3269.14it/s, Materializing param=model.embed_tokens.weight]
  [3s] Loading weights:   1%|          | 2/290 [00:00<00:00, 395.80it/s, Materializing param=model.layers.0.input_layernorm.weight]
  [3s] Loading weights:   1%|          | 2/290 [00:00<00:00, 386.68it/s, Materializing param=model.layers.0.input_layernorm.weight]
  [3s] Loading weights:   1%|          | 3/290 [00:00<00:00, 559.56it/s, Materializing param=model.layers.0.mlp.down_proj.weight]  
  [3s] Loading weights:   1%|          | 3/290 [00:00<00:00, 552.29it/s, Materializing param=model.layers.0.mlp.down_proj.weight]
  [3s] Loading weights:   1%|▏         | 4/290 [00:00<00:00, 713.50it/s, Materializing param=model.layers.0.mlp.gate_proj.weight]
  [3s] Loading weights:   1%|▏         | 4/290 [00:00<00:00, 703.24it/s, Materializing param=model.layers.0.mlp.gate_proj.weight]
  [3s] Loading weights:   2%|▏         | 5/290 [00:00<00:00, 866.95it/s, Materializing param=model.layers.0.mlp.up_proj.weight]  
  [3s] Loading weights:   2%|▏         | 5/290 [00:00<00:00, 862.28it/s, Materializing param=model.layers.0.mlp.up_proj.weight]
  [3s] Loading weights:   2%|▏         | 6/290 [00:00<00:00, 1023.75it/s, Materializing param=model.layers.0.post_attention_layernorm.weight]
  [3s] Loading weights:   2%|▏         | 6/290 [00:00<00:00, 1017.83it/s, Materializing param=model.layers.0.post_attention_layernorm.weight]
  [3s] Loading weights:   2%|▏         | 7/290 [00:00<00:00, 1174.36it/s, Materializing param=model.layers.0.self_attn.k_proj.bias]          
  [3s] Loading weights:   2%|▏         | 7/290 [00:00<00:00, 1168.24it/s, Materializing param=model.layers.0.self_attn.k_proj.bias]
  [3s] Loading weights:   3%|▎         | 8/290 [00:00<00:00, 1322.76it/s, Materializing param=model.layers.0.self_attn.k_proj.weight]
  [3s] Loading weights:   3%|▎         | 8/290 [00:00<00:00, 1317.15it/s, Materializing param=model.layers.0.self_attn.k_proj.weight]
  [3s] Loading weights:   3%|▎         | 9/290 [00:00<00:00, 1468.37it/s, Materializing param=model.layers.0.self_attn.o_proj.weight]
  [3s] Loading weights:   3%|▎         | 9/290 [00:00<00:00, 1462.05it/s, Materializing param=model.layers.0.self_attn.o_proj.weight]
  [3s] Loading weights:   3%|▎         | 10/290 [00:00<00:00, 1610.59it/s, Materializing param=model.layers.0.self_attn.q_proj.bias] 
  [3s] Loading weights:   3%|▎         | 10/290 [00:00<00:00, 1603.94it/s, Materializing param=model.layers.0.self_attn.q_proj.bias]
  [3s] Loading weights:   4%|▍         | 11/290 [00:00<00:00, 1749.28it/s, Materializing param=model.layers.0.self_attn.q_proj.weight]
  [3s] Loading weights:   4%|▍         | 11/290 [00:00<00:00, 1741.75it/s, Materializing param=model.layers.0.self_attn.q_proj.weight]
  [3s] Loading weights:   4%|▍         | 12/290 [00:00<00:00, 1884.80it/s, Materializing param=model.layers.0.self_attn.v_proj.bias]  
  [3s] Loading weights:   4%|▍         | 12/290 [00:00<00:00, 1877.63it/s, Materializing param=model.layers.0.self_attn.v_proj.bias]
  [3s] Loading weights:   4%|▍         | 13/290 [00:00<00:00, 2015.90it/s, Materializing param=model.layers.0.self_attn.v_proj.weight]
  [3s] Loading weights:   4%|▍         | 13/290 [00:00<00:00, 2008.03it/s, Materializing param=model.layers.0.self_attn.v_proj.weight]
  [3s] Loading weights:   5%|▍         | 14/290 [00:00<00:00, 2146.29it/s, Materializing param=model.layers.1.input_layernorm.weight] 
  [3s] Loading weights:   5%|▍         | 14/290 [00:00<00:00, 2138.31it/s, Materializing param=model.layers.1.input_layernorm.weight]
  [3s] Loading weights:   5%|▌         | 15/290 [00:00<00:00, 2274.90it/s, Materializing param=model.layers.1.mlp.down_proj.weight]  
  [3s] Loading weights:   5%|▌         | 15/290 [00:00<00:00, 2266.78it/s, Materializing param=model.layers.1.mlp.down_proj.weight]
  [3s] Loading weights:   6%|▌         | 16/290 [00:00<00:00, 2281.37it/s, Materializing param=model.layers.1.mlp.gate_proj.weight]
  [3s] Loading weights:   6%|▌         | 16/290 [00:00<00:00, 2271.57it/s, Materializing param=model.layers.1.mlp.gate_proj.weight]
  [3s] Loading weights:   6%|▌         | 17/290 [00:00<00:00, 2397.55it/s, Materializing param=model.layers.1.mlp.up_proj.weight]  
  [3s] Loading weights:   6%|▌         | 17/290 [00:00<00:00, 2389.36it/s, Materializing param=model.layers.1.mlp.up_proj.weight]
  [3s] Loading weights:   6%|▌         | 18/290 [00:00<00:00, 2513.23it/s, Materializing param=model.layers.1.post_attention_layernorm.weight]
  [3s] Loading weights:   6%|▌         | 18/290 [00:00<00:00, 2504.89it/s, Materializing param=model.layers.1.post_attention_layernorm.weight]
  [3s] Loading weights:   7%|▋         | 19/290 [00:00<00:00, 2626.19it/s, Materializing param=model.layers.1.self_attn.k_proj.bias]          
  [3s] Loading weights:   7%|▋         | 19/290 [00:00<00:00, 2616.79it/s, Materializing param=model.layers.1.self_attn.k_proj.bias]
  [3s] Loading weights:   7%|▋         | 20/290 [00:00<00:00, 2633.70it/s, Materializing param=model.layers.1.self_attn.k_proj.weight]
  [3s] Loading weights:   7%|▋         | 20/290 [00:00<00:00, 2605.64it/s, Materializing param=model.layers.1.self_attn.k_proj.weight]
  [3s] Loading weights:   7%|▋         | 21/290 [00:00<00:00, 2499.02it/s, Materializing param=model.layers.1.self_attn.o_proj.weight]
  [3s] Loading weights:   7%|▋         | 21/290 [00:00<00:00, 2434.84it/s, Materializing param=model.layers.1.self_attn.o_proj.weight]
  [3s] Loading weights:   8%|▊         | 22/290 [00:00<00:00, 2456.27it/s, Materializing param=model.layers.1.self_attn.q_proj.bias]  
  [3s] Loading weights:   8%|▊         | 22/290 [00:00<00:00, 2435.97it/s, Materializing param=model.layers.1.self_attn.q_proj.bias]
  [3s] Loading weights:   8%|▊         | 23/290 [00:00<00:00, 2515.55it/s, Materializing param=model.layers.1.self_attn.q_proj.weight]
  [3s] Loading weights:   8%|▊         | 23/290 [00:00<00:00, 2502.50it/s, Materializing param=model.layers.1.self_attn.q_proj.weight]
  [3s] Loading weights:   8%|▊         | 24/290 [00:00<00:00, 2586.75it/s, Materializing param=model.layers.1.self_attn.v_proj.bias]  
  [3s] Loading weights:   8%|▊         | 24/290 [00:00<00:00, 2574.51it/s, Materializing param=model.layers.1.self_attn.v_proj.bias]
  [3s] Loading weights:   9%|▊         | 25/290 [00:00<00:00, 2656.24it/s, Materializing param=model.layers.1.self_attn.v_proj.weight]
  [3s] Loading weights:   9%|▊         | 25/290 [00:00<00:00, 2639.85it/s, Materializing param=model.layers.1.self_attn.v_proj.weight]
  [3s] Loading weights:   9%|▉         | 26/290 [00:00<00:00, 2720.04it/s, Materializing param=model.layers.2.input_layernorm.weight] 
  [3s] Loading weights:   9%|▉         | 26/290 [00:00<00:00, 2707.35it/s, Materializing param=model.layers.2.input_layernorm.weight]
  [3s] Loading weights:   9%|▉         | 27/290 [00:00<00:00, 2741.18it/s, Materializing param=model.layers.2.mlp.down_proj.weight]  
  [3s] Loading weights:   9%|▉         | 27/290 [00:00<00:00, 2724.88it/s, Materializing param=model.layers.2.mlp.down_proj.weight]
  [3s] Loading weights:  10%|▉         | 28/290 [00:00<00:00, 2003.22it/s, Materializing param=model.layers.2.mlp.gate_proj.weight]
  [3s] Loading weights:  10%|▉         | 28/290 [00:00<00:00, 1992.48it/s, Materializing param=model.layers.2.mlp.gate_proj.weight]
  [3s] Loading weights:  10%|█         | 29/290 [00:00<00:00, 1910.54it/s, Materializing param=model.layers.2.mlp.up_proj.weight]  
  [3s] Loading weights:  10%|█         | 29/290 [00:00<00:00, 1904.26it/s, Materializing param=model.layers.2.mlp.up_proj.weight]
  [3s] Loading weights:  10%|█         | 30/290 [00:00<00:00, 1132.45it/s, Materializing param=model.layers.2.post_attention_layernorm.weight]
  [3s] Loading weights:  10%|█         | 30/290 [00:00<00:00, 1129.74it/s, Materializing param=model.layers.2.post_attention_layernorm.weight]
  [3s] Loading weights:  11%|█         | 31/290 [00:00<00:00, 1164.99it/s, Materializing param=model.layers.2.self_attn.k_proj.bias]          
  [3s] Loading weights:  11%|█         | 31/290 [00:00<00:00, 1164.04it/s, Materializing param=model.layers.2.self_attn.k_proj.bias]
  [3s] Loading weights:  11%|█         | 32/290 [00:00<00:00, 1199.53it/s, Materializing param=model.layers.2.self_attn.k_proj.weight]
  [3s] Loading weights:  11%|█         | 32/290 [00:00<00:00, 1198.59it/s, Materializing param=model.layers.2.self_attn.k_proj.weight]
  [3s] Loading weights:  11%|█▏        | 33/290 [00:00<00:00, 1234.16it/s, Materializing param=model.layers.2.self_attn.o_proj.weight]
  [3s] Loading weights:  11%|█▏        | 33/290 [00:00<00:00, 1233.20it/s, Materializing param=model.layers.2.self_attn.o_proj.weight]
  [3s] Loading weights:  12%|█▏        | 34/290 [00:00<00:00, 1268.67it/s, Materializing param=model.layers.2.self_attn.q_proj.bias]  
  [3s] Loading weights:  12%|█▏        | 34/290 [00:00<00:00, 1267.77it/s, Materializing param=model.layers.2.self_attn.q_proj.bias]
  [3s] Loading weights:  12%|█▏        | 35/290 [00:00<00:00, 1303.13it/s, Materializing param=model.layers.2.self_attn.q_proj.weight]
  [3s] Loading weights:  12%|█▏        | 35/290 [00:00<00:00, 1302.19it/s, Materializing param=model.layers.2.self_attn.q_proj.weight]
  [3s] Loading weights:  12%|█▏        | 36/290 [00:00<00:00, 1337.54it/s, Materializing param=model.layers.2.self_attn.v_proj.bias]  
  [3s] Loading weights:  12%|█▏        | 36/290 [00:00<00:00, 1336.62it/s, Materializing param=model.layers.2.self_attn.v_proj.bias]
  [3s] Loading weights:  13%|█▎        | 37/290 [00:00<00:00, 1371.81it/s, Materializing param=model.layers.2.self_attn.v_proj.weight]
  [3s] Loading weights:  13%|█▎        | 37/290 [00:00<00:00, 1370.81it/s, Materializing param=model.layers.2.self_attn.v_proj.weight]
  [3s] Loading weights:  13%|█▎        | 38/290 [00:00<00:00, 1405.92it/s, Materializing param=model.layers.3.input_layernorm.weight] 
  [3s] Loading weights:  13%|█▎        | 38/290 [00:00<00:00, 1404.87it/s, Materializing param=model.layers.3.input_layernorm.weight]
  [3s] Loading weights:  13%|█▎        | 39/290 [00:00<00:00, 1439.69it/s, Materializing param=model.layers.3.mlp.down_proj.weight]  
  [3s] Loading weights:  13%|█▎        | 39/290 [00:00<00:00, 1438.63it/s, Materializing param=model.layers.3.mlp.down_proj.weight]
  [3s] Loading weights:  14%|█▍        | 40/290 [00:00<00:00, 1467.48it/s, Materializing param=model.layers.3.mlp.gate_proj.weight]
  [3s] Loading weights:  14%|█▍        | 40/290 [00:00<00:00, 1466.01it/s, Materializing param=model.layers.3.mlp.gate_proj.weight]
  [3s] Loading weights:  14%|█▍        | 41/290 [00:00<00:00, 1371.84it/s, Materializing param=model.layers.3.mlp.up_proj.weight]  
  [3s] Loading weights:  14%|█▍        | 41/290 [00:00<00:00, 1366.77it/s, Materializing param=model.layers.3.mlp.up_proj.weight]
  [3s] Loading weights:  14%|█▍        | 42/290 [00:00<00:00, 1301.44it/s, Materializing param=model.layers.3.post_attention_layernorm.weight]
  [3s] Loading weights:  14%|█▍        | 42/290 [00:00<00:00, 1297.69it/s, Materializing param=model.layers.3.post_attention_layernorm.weight]
  [3s] Loading weights:  15%|█▍        | 43/290 [00:00<00:00, 1287.23it/s, Materializing param=model.layers.3.self_attn.k_proj.bias]          
  [3s] Loading weights:  15%|█▍        | 43/290 [00:00<00:00, 1281.83it/s, Materializing param=model.layers.3.self_attn.k_proj.bias]
  [3s] Loading weights:  15%|█▌        | 44/290 [00:00<00:00, 1299.76it/s, Materializing param=model.layers.3.self_attn.k_proj.weight]
  [3s] Loading weights:  15%|█▌        | 44/290 [00:00<00:00, 1296.37it/s, Materializing param=model.layers.3.self_attn.k_proj.weight]
  [3s] Loading weights:  16%|█▌        | 45/290 [00:00<00:00, 1322.28it/s, Materializing param=model.layers.3.self_attn.o_proj.weight]
  [3s] Loading weights:  16%|█▌        | 45/290 [00:00<00:00, 1320.53it/s, Materializing param=model.layers.3.self_attn.o_proj.weight]
  [3s] Loading weights:  16%|█▌        | 46/290 [00:00<00:00, 1347.06it/s, Materializing param=model.layers.3.self_attn.q_proj.bias]  
  [3s] Loading weights:  16%|█▌        | 46/290 [00:00<00:00, 1345.48it/s, Materializing param=model.layers.3.self_attn.q_proj.bias]
  [3s] Loading weights:  16%|█▌        | 47/290 [00:00<00:00, 1371.25it/s, Materializing param=model.layers.3.self_attn.q_proj.weight]
  [3s] Loading weights:  16%|█▌        | 47/290 [00:00<00:00, 1369.71it/s, Materializing param=model.layers.3.self_attn.q_proj.weight]
  [3s] Loading weights:  17%|█▋        | 48/290 [00:00<00:00, 1396.05it/s, Materializing param=model.layers.3.self_attn.v_proj.bias]  
  [3s] Loading weights:  17%|█▋        | 48/290 [00:00<00:00, 1394.59it/s, Materializing param=model.layers.3.self_attn.v_proj.bias]
  [3s] Loading weights:  17%|█▋        | 49/290 [00:00<00:00, 1418.30it/s, Materializing param=model.layers.3.self_attn.v_proj.weight]
  [3s] Loading weights:  17%|█▋        | 49/290 [00:00<00:00, 1417.07it/s, Materializing param=model.layers.3.self_attn.v_proj.weight]
  [3s] Loading weights:  17%|█▋        | 50/290 [00:00<00:00, 1443.50it/s, Materializing param=model.layers.4.input_layernorm.weight] 
  [3s] Loading weights:  17%|█▋        | 50/290 [00:00<00:00, 1441.96it/s, Materializing param=model.layers.4.input_layernorm.weight]
  [3s] Loading weights:  18%|█▊        | 51/290 [00:00<00:00, 1467.74it/s, Materializing param=model.layers.4.mlp.down_proj.weight]  
  [3s] Loading weights:  18%|█▊        | 51/290 [00:00<00:00, 1466.02it/s, Materializing param=model.layers.4.mlp.down_proj.weight]
  [3s] Loading weights:  18%|█▊        | 52/290 [00:00<00:00, 1490.39it/s, Materializing param=model.layers.4.mlp.gate_proj.weight]
  [3s] Loading weights:  18%|█▊        | 52/290 [00:00<00:00, 1488.71it/s, Materializing param=model.layers.4.mlp.gate_proj.weight]
  [3s] Loading weights:  18%|█▊        | 53/290 [00:00<00:00, 1514.12it/s, Materializing param=model.layers.4.mlp.up_proj.weight]  
  [3s] Loading weights:  18%|█▊        | 53/290 [00:00<00:00, 1512.56it/s, Materializing param=model.layers.4.mlp.up_proj.weight]
  [3s] Loading weights:  19%|█▊        | 54/290 [00:00<00:00, 1538.68it/s, Materializing param=model.layers.4.post_attention_layernorm.weight]
  [3s] Loading weights:  19%|█▊        | 54/290 [00:00<00:00, 1537.60it/s, Materializing param=model.layers.4.post_attention_layernorm.weight]
  [3s] Loading weights:  19%|█▉        | 55/290 [00:00<00:00, 1563.92it/s, Materializing param=model.layers.4.self_attn.k_proj.bias]          
  [3s] Loading weights:  19%|█▉        | 55/290 [00:00<00:00, 1562.72it/s, Materializing param=model.layers.4.self_attn.k_proj.bias]
  [3s] Loading weights:  19%|█▉        | 56/290 [00:00<00:00, 1588.85it/s, Materializing param=model.layers.4.self_attn.k_proj.weight]
  [3s] Loading weights:  19%|█▉        | 56/290 [00:00<00:00, 1587.80it/s, Materializing param=model.layers.4.self_attn.k_proj.weight]
  [3s] Loading weights:  20%|█▉        | 57/290 [00:00<00:00, 1614.03it/s, Materializing param=model.layers.4.self_attn.o_proj.weight]
  [3s] Loading weights:  20%|█▉        | 57/290 [00:00<00:00, 1612.95it/s, Materializing param=model.layers.4.self_attn.o_proj.weight]
  [3s] Loading weights:  20%|██        | 58/290 [00:00<00:00, 1629.40it/s, Materializing param=model.layers.4.self_attn.q_proj.bias]  
  [3s] Loading weights:  20%|██        | 58/290 [00:00<00:00, 1627.57it/s, Materializing param=model.layers.4.self_attn.q_proj.bias]
  [3s] Loading weights:  20%|██        | 59/290 [00:00<00:00, 1652.90it/s, Materializing param=model.layers.4.self_attn.q_proj.weight]
  [3s] Loading weights:  20%|██        | 59/290 [00:00<00:00, 1651.21it/s, Materializing param=model.layers.4.self_attn.q_proj.weight]
  [3s] Loading weights:  21%|██        | 60/290 [00:00<00:00, 1628.00it/s, Materializing param=model.layers.4.self_attn.v_proj.bias]  
  [3s] Loading weights:  21%|██        | 60/290 [00:00<00:00, 1625.29it/s, Materializing param=model.layers.4.self_attn.v_proj.bias]
  [3s] Loading weights:  21%|██        | 61/290 [00:00<00:00, 1535.78it/s, Materializing param=model.layers.4.self_attn.v_proj.weight]
  [3s] Loading weights:  21%|██        | 61/290 [00:00<00:00, 1528.92it/s, Materializing param=model.layers.4.self_attn.v_proj.weight]
  [3s] Loading weights:  21%|██▏       | 62/290 [00:00<00:00, 1547.60it/s, Materializing param=model.layers.5.input_layernorm.weight] 
  [3s] Loading weights:  21%|██▏       | 62/290 [00:00<00:00, 1545.17it/s, Materializing param=model.layers.5.input_layernorm.weight]
  [3s] Loading weights:  22%|██▏       | 63/290 [00:00<00:00, 1565.44it/s, Materializing param=model.layers.5.mlp.down_proj.weight]  
  [3s] Loading weights:  22%|██▏       | 63/290 [00:00<00:00, 1563.37it/s, Materializing param=model.layers.5.mlp.down_proj.weight]
  [3s] Loading weights:  22%|██▏       | 64/290 [00:00<00:00, 1512.30it/s, Materializing param=model.layers.5.mlp.gate_proj.weight]
  [3s] Loading weights:  22%|██▏       | 64/290 [00:00<00:00, 1509.30it/s, Materializing param=model.layers.5.mlp.gate_proj.weight]
  [3s] Loading weights:  22%|██▏       | 65/290 [00:00<00:00, 1528.65it/s, Materializing param=model.layers.5.mlp.up_proj.weight]  
  [3s] Loading weights:  22%|██▏       | 65/290 [00:00<00:00, 1526.95it/s, Materializing param=model.layers.5.mlp.up_proj.weight]
  [3s] Loading weights:  23%|██▎       | 66/290 [00:00<00:00, 1547.15it/s, Materializing param=model.layers.5.post_attention_layernorm.weight]
  [3s] Loading weights:  23%|██▎       | 66/290 [00:00<00:00, 1545.48it/s, Materializing param=model.layers.5.post_attention_layernorm.weight]
  [3s] Loading weights:  23%|██▎       | 67/290 [00:00<00:00, 1565.68it/s, Materializing param=model.layers.5.self_attn.k_proj.bias]          
  [3s] Loading weights:  23%|██▎       | 67/290 [00:00<00:00, 1564.11it/s, Materializing param=model.layers.5.self_attn.k_proj.bias]
  [3s] Loading weights:  23%|██▎       | 68/290 [00:00<00:00, 1584.34it/s, Materializing param=model.layers.5.self_attn.k_proj.weight]
  [3s] Loading weights:  23%|██▎       | 68/290 [00:00<00:00, 1582.84it/s, Materializing param=model.layers.5.self_attn.k_proj.weight]
  [3s] Loading weights:  24%|██▍       | 69/290 [00:00<00:00, 1603.16it/s, Materializing param=model.layers.5.self_attn.o_proj.weight]
  [3s] Loading weights:  24%|██▍       | 69/290 [00:00<00:00, 1601.66it/s, Materializing param=model.layers.5.self_attn.o_proj.weight]
  [3s] Loading weights:  24%|██▍       | 70/290 [00:00<00:00, 1593.57it/s, Materializing param=model.layers.5.self_attn.q_proj.bias]  
  [3s] Loading weights:  24%|██▍       | 70/290 [00:00<00:00, 1589.71it/s, Materializing param=model.layers.5.self_attn.q_proj.bias]
  [3s] Loading weights:  24%|██▍       | 71/290 [00:00<00:00, 1607.66it/s, Materializing param=model.layers.5.self_attn.q_proj.weight]
  [3s] Loading weights:  24%|██▍       | 71/290 [00:00<00:00, 1605.64it/s, Materializing param=model.layers.5.self_attn.q_proj.weight]
  [3s] Loading weights:  25%|██▍       | 72/290 [00:00<00:00, 1624.50it/s, Materializing param=model.layers.5.self_attn.v_proj.bias]  
  [3s] Loading weights:  25%|██▍       | 72/290 [00:00<00:00, 1622.76it/s, Materializing param=model.layers.5.self_attn.v_proj.bias]
  [3s] Loading weights:  25%|██▌       | 73/290 [00:00<00:00, 1641.47it/s, Materializing param=model.layers.5.self_attn.v_proj.weight]
  [3s] Loading weights:  25%|██▌       | 73/290 [00:00<00:00, 1639.78it/s, Materializing param=model.layers.5.self_attn.v_proj.weight]
  [3s] Loading weights:  26%|██▌       | 74/290 [00:00<00:00, 1659.01it/s, Materializing param=model.layers.6.input_layernorm.weight] 
  [3s] Loading weights:  26%|██▌       | 74/290 [00:00<00:00, 1657.43it/s, Materializing param=model.layers.6.input_layernorm.weight]
  [3s] Loading weights:  26%|██▌       | 75/290 [00:00<00:00, 1676.31it/s, Materializing param=model.layers.6.mlp.down_proj.weight]  
  [3s] Loading weights:  26%|██▌       | 75/290 [00:00<00:00, 1674.69it/s, Materializing param=model.layers.6.mlp.down_proj.weight]
  [3s] Loading weights:  26%|██▌       | 76/290 [00:00<00:00, 1606.67it/s, Materializing param=model.layers.6.mlp.gate_proj.weight]
  [3s] Loading weights:  26%|██▌       | 76/290 [00:00<00:00, 1601.18it/s, Materializing param=model.layers.6.mlp.gate_proj.weight]
  [3s] Loading weights:  27%|██▋       | 77/290 [00:00<00:00, 1618.89it/s, Materializing param=model.layers.6.mlp.up_proj.weight]  
  [3s] Loading weights:  27%|██▋       | 77/290 [00:00<00:00, 1617.74it/s, Materializing param=model.layers.6.mlp.up_proj.weight]
  [3s] Loading weights:  27%|██▋       | 78/290 [00:00<00:00, 1636.61it/s, Materializing param=model.layers.6.post_attention_layernorm.weight]
  [3s] Loading weights:  27%|██▋       | 78/290 [00:00<00:00, 1635.59it/s, Materializing param=model.layers.6.post_attention_layernorm.weight]
  [3s] Loading weights:  27%|██▋       | 79/290 [00:00<00:00, 1654.48it/s, Materializing param=model.layers.6.self_attn.k_proj.bias]          
  [3s] Loading weights:  27%|██▋       | 79/290 [00:00<00:00, 1653.36it/s, Materializing param=model.layers.6.self_attn.k_proj.bias]
  [3s] Loading weights:  28%|██▊       | 80/290 [00:00<00:00, 1672.19it/s, Materializing param=model.layers.6.self_attn.k_proj.weight]
  [3s] Loading weights:  28%|██▊       | 80/290 [00:00<00:00, 1671.17it/s, Materializing param=model.layers.6.self_attn.k_proj.weight]
  [3s] Loading weights:  28%|██▊       | 81/290 [00:00<00:00, 1690.12it/s, Materializing param=model.layers.6.self_attn.o_proj.weight]
  [3s] Loading weights:  28%|██▊       | 81/290 [00:00<00:00, 1689.17it/s, Materializing param=model.layers.6.self_attn.o_proj.weight]
  [3s] Loading weights:  28%|██▊       | 82/290 [00:00<00:00, 1701.75it/s, Materializing param=model.layers.6.self_attn.q_proj.bias]  
  [3s] Loading weights:  28%|██▊       | 82/290 [00:00<00:00, 1700.62it/s, Materializing param=model.layers.6.self_attn.q_proj.bias]
  [3s] Loading weights:  29%|██▊       | 83/290 [00:00<00:00, 1719.52it/s, Materializing param=model.layers.6.self_attn.q_proj.weight]
  [3s] Loading weights:  29%|██▊       | 83/290 [00:00<00:00, 1718.63it/s, Materializing param=model.layers.6.self_attn.q_proj.weight]
  [3s] Loading weights:  29%|██▉       | 84/290 [00:00<00:00, 1737.49it/s, Materializing param=model.layers.6.self_attn.v_proj.bias]  
  [3s] Loading weights:  29%|██▉       | 84/290 [00:00<00:00, 1736.56it/s, Materializing param=model.layers.6.self_attn.v_proj.bias]
  [3s] Loading weights:  29%|██▉       | 85/290 [00:00<00:00, 1755.40it/s, Materializing param=model.layers.6.self_attn.v_proj.weight]
  [3s] Loading weights:  29%|██▉       | 85/290 [00:00<00:00, 1754.20it/s, Materializing param=model.layers.6.self_attn.v_proj.weight]
  [3s] Loading weights:  30%|██▉       | 86/290 [00:00<00:00, 1698.03it/s, Materializing param=model.layers.7.input_layernorm.weight] 
  [3s] Loading weights:  30%|██▉       | 86/290 [00:00<00:00, 1694.47it/s, Materializing param=model.layers.7.input_layernorm.weight]
  [3s] Loading weights:  30%|███       | 87/290 [00:00<00:00, 1709.96it/s, Materializing param=model.layers.7.mlp.down_proj.weight]  
  [3s] Loading weights:  30%|███       | 87/290 [00:00<00:00, 1708.09it/s, Materializing param=model.layers.7.mlp.down_proj.weight]
  [3s] Loading weights:  30%|███       | 88/290 [00:00<00:00, 1640.64it/s, Materializing param=model.layers.7.mlp.gate_proj.weight]
  [3s] Loading weights:  30%|███       | 88/290 [00:00<00:00, 1637.13it/s, Materializing param=model.layers.7.mlp.gate_proj.weight]
  [3s] Loading weights:  31%|███       | 89/290 [00:00<00:00, 1647.88it/s, Materializing param=model.layers.7.mlp.up_proj.weight]  
  [3s] Loading weights:  31%|███       | 89/290 [00:00<00:00, 1645.88it/s, Materializing param=model.layers.7.mlp.up_proj.weight]
  [3s] Loading weights:  31%|███       | 90/290 [00:00<00:00, 1660.25it/s, Materializing param=model.layers.7.post_attention_layernorm.weight]
  [3s] Loading weights:  31%|███       | 90/290 [00:00<00:00, 1658.49it/s, Materializing param=model.layers.7.post_attention_layernorm.weight]
  [3s] Loading weights:  31%|███▏      | 91/290 [00:00<00:00, 1673.50it/s, Materializing param=model.layers.7.self_attn.k_proj.bias]          
  [3s] Loading weights:  31%|███▏      | 91/290 [00:00<00:00, 1671.92it/s, Materializing param=model.layers.7.self_attn.k_proj.bias]
  [3s] Loading weights:  32%|███▏      | 92/290 [00:00<00:00, 1685.09it/s, Materializing param=model.layers.7.self_attn.k_proj.weight]
  [3s] Loading weights:  32%|███▏      | 92/290 [00:00<00:00, 1683.50it/s, Materializing param=model.layers.7.self_attn.k_proj.weight]
  [3s] Loading weights:  32%|███▏      | 93/290 [00:00<00:00, 1698.72it/s, Materializing param=model.layers.7.self_attn.o_proj.weight]
  [3s] Loading weights:  32%|███▏      | 93/290 [00:00<00:00, 1697.33it/s, Materializing param=model.layers.7.self_attn.o_proj.weight]
  [3s] Loading weights:  32%|███▏      | 94/290 [00:00<00:00, 1712.82it/s, Materializing param=model.layers.7.self_attn.q_proj.bias]  
  [3s] Loading weights:  32%|███▏      | 94/290 [00:00<00:00, 1711.50it/s, Materializing param=model.layers.7.self_attn.q_proj.bias]
  [3s] Loading weights:  33%|███▎      | 95/290 [00:00<00:00, 1727.14it/s, Materializing param=model.layers.7.self_attn.q_proj.weight]
  [3s] Loading weights:  33%|███▎      | 95/290 [00:00<00:00, 1725.90it/s, Materializing param=model.layers.7.self_attn.q_proj.weight]
  [3s] Loading weights:  33%|███▎      | 96/290 [00:00<00:00, 1717.59it/s, Materializing param=model.layers.7.self_attn.v_proj.bias]  
  [3s] Loading weights:  33%|███▎      | 96/290 [00:00<00:00, 1715.34it/s, Materializing param=model.layers.7.self_attn.v_proj.bias]
  [3s] Loading weights:  33%|███▎      | 97/290 [00:00<00:00, 1730.26it/s, Materializing param=model.layers.7.self_attn.v_proj.weight]
  [3s] Loading weights:  33%|███▎      | 97/290 [00:00<00:00, 1728.96it/s, Materializing param=model.layers.7.self_attn.v_proj.weight]
  [3s] Loading weights:  34%|███▍      | 98/290 [00:00<00:00, 1744.22it/s, Materializing param=model.layers.8.input_layernorm.weight] 
  [3s] Loading weights:  34%|███▍      | 98/290 [00:00<00:00, 1742.95it/s, Materializing param=model.layers.8.input_layernorm.weight]
  [3s] Loading weights:  34%|███▍      | 99/290 [00:00<00:00, 1758.07it/s, Materializing param=model.layers.8.mlp.down_proj.weight]  
  [3s] Loading weights:  34%|███▍      | 99/290 [00:00<00:00, 1756.73it/s, Materializing param=model.layers.8.mlp.down_proj.weight]
  [3s] Loading weights:  34%|███▍      | 100/290 [00:00<00:00, 1771.54it/s, Materializing param=model.layers.8.mlp.gate_proj.weight]
  [3s] Loading weights:  34%|███▍      | 100/290 [00:00<00:00, 1770.09it/s, Materializing param=model.layers.8.mlp.gate_proj.weight]
  [3s] Loading weights:  35%|███▍      | 101/290 [00:00<00:00, 1673.41it/s, Materializing param=model.layers.8.mlp.up_proj.weight]  
  [3s] Loading weights:  35%|███▍      | 101/290 [00:00<00:00, 1669.72it/s, Materializing param=model.layers.8.mlp.up_proj.weight]
  [3s] Loading weights:  35%|███▌      | 102/290 [00:00<00:00, 1681.82it/s, Materializing param=model.layers.8.post_attention_layernorm.weight]
  [3s] Loading weights:  35%|███▌      | 102/290 [00:00<00:00, 1680.36it/s, Materializing param=model.layers.8.post_attention_layernorm.weight]
  [3s] Loading weights:  36%|███▌      | 103/290 [00:00<00:00, 1693.61it/s, Materializing param=model.layers.8.self_attn.k_proj.bias]          
  [3s] Loading weights:  36%|███▌      | 103/290 [00:00<00:00, 1692.10it/s, Materializing param=model.layers.8.self_attn.k_proj.bias]
  [3s] Loading weights:  36%|███▌      | 104/290 [00:00<00:00, 1705.90it/s, Materializing param=model.layers.8.self_attn.k_proj.weight]
  [3s] Loading weights:  36%|███▌      | 104/290 [00:00<00:00, 1699.05it/s, Materializing param=model.layers.8.self_attn.k_proj.weight]
  [3s] Loading weights:  36%|███▌      | 105/290 [00:00<00:00, 1711.34it/s, Materializing param=model.layers.8.self_attn.o_proj.weight]
  [3s] Loading weights:  36%|███▌      | 105/290 [00:00<00:00, 1709.93it/s, Materializing param=model.layers.8.self_attn.o_proj.weight]
  [3s] Loading weights:  37%|███▋      | 106/290 [00:00<00:00, 1723.07it/s, Materializing param=model.layers.8.self_attn.q_proj.bias]  
  [3s] Loading weights:  37%|███▋      | 106/290 [00:00<00:00, 1721.76it/s, Materializing param=model.layers.8.self_attn.q_proj.bias]
  [3s] Loading weights:  37%|███▋      | 107/290 [00:00<00:00, 1735.67it/s, Materializing param=model.layers.8.self_attn.q_proj.weight]
  [3s] Loading weights:  37%|███▋      | 107/290 [00:00<00:00, 1734.52it/s, Materializing param=model.layers.8.self_attn.q_proj.weight]
  [3s] Loading weights:  37%|███▋      | 108/290 [00:00<00:00, 1748.57it/s, Materializing param=model.layers.8.self_attn.v_proj.bias]  
  [3s] Loading weights:  37%|███▋      | 108/290 [00:00<00:00, 1747.44it/s, Materializing param=model.layers.8.self_attn.v_proj.bias]
  [3s] Loading weights:  38%|███▊      | 109/290 [00:00<00:00, 1759.85it/s, Materializing param=model.layers.8.self_attn.v_proj.weight]
  [3s] Loading weights:  38%|███▊      | 109/290 [00:00<00:00, 1758.01it/s, Materializing param=model.layers.8.self_attn.v_proj.weight]
  [3s] Loading weights:  38%|███▊      | 110/290 [00:00<00:00, 1771.92it/s, Materializing param=model.layers.9.input_layernorm.weight] 
  [3s] Loading weights:  38%|███▊      | 110/290 [00:00<00:00, 1771.01it/s, Materializing param=model.layers.9.input_layernorm.weight]
  [3s] Loading weights:  38%|███▊      | 111/290 [00:00<00:00, 1785.40it/s, Materializing param=model.layers.9.mlp.down_proj.weight]  
  [3s] Loading weights:  38%|███▊      | 111/290 [00:00<00:00, 1784.52it/s, Materializing param=model.layers.9.mlp.down_proj.weight]
  [3s] Loading weights:  39%|███▊      | 112/290 [00:00<00:00, 1799.10it/s, Materializing param=model.layers.9.mlp.gate_proj.weight]
  [3s] Loading weights:  39%|███▊      | 112/290 [00:00<00:00, 1798.21it/s, Materializing param=model.layers.9.mlp.gate_proj.weight]
  [3s] Loading weights:  39%|███▉      | 113/290 [00:00<00:00, 1758.15it/s, Materializing param=model.layers.9.mlp.up_proj.weight]  
  [3s] Loading weights:  39%|███▉      | 113/290 [00:00<00:00, 1756.62it/s, Materializing param=model.layers.9.mlp.up_proj.weight]
  [3s] Loading weights:  39%|███▉      | 114/290 [00:00<00:00, 1770.48it/s, Materializing param=model.layers.9.post_attention_layernorm.weight]
  [3s] Loading weights:  39%|███▉      | 114/290 [00:00<00:00, 1769.70it/s, Materializing param=model.layers.9.post_attention_layernorm.weight]
  [3s] Loading weights:  40%|███▉      | 115/290 [00:00<00:00, 1783.64it/s, Materializing param=model.layers.9.self_attn.k_proj.bias]          
  [3s] Loading weights:  40%|███▉      | 115/290 [00:00<00:00, 1782.97it/s, Materializing param=model.layers.9.self_attn.k_proj.bias]
  [3s] Loading weights:  40%|████      | 116/290 [00:00<00:00, 1797.11it/s, Materializing param=model.layers.9.self_attn.k_proj.weight]
  [3s] Loading weights:  40%|████      | 116/290 [00:00<00:00, 1796.45it/s, Materializing param=model.layers.9.self_attn.k_proj.weight]
  [3s] Loading weights:  40%|████      | 117/290 [00:00<00:00, 1800.12it/s, Materializing param=model.layers.9.self_attn.o_proj.weight]
  [3s] Loading weights:  40%|████      | 117/290 [00:00<00:00, 1798.61it/s, Materializing param=model.layers.9.self_attn.o_proj.weight]
  [3s] Loading weights:  41%|████      | 118/290 [00:00<00:00, 1811.86it/s, Materializing param=model.layers.9.self_attn.q_proj.bias]  
  [3s] Loading weights:  41%|████      | 118/290 [00:00<00:00, 1810.91it/s, Materializing param=model.layers.9.self_attn.q_proj.bias]
  [3s] Loading weights:  41%|████      | 119/290 [00:00<00:00, 1824.44it/s, Materializing param=model.layers.9.self_attn.q_proj.weight]
  [3s] Loading weights:  41%|████      | 119/290 [00:00<00:00, 1823.36it/s, Materializing param=model.layers.9.self_attn.q_proj.weight]
  [3s] Loading weights:  41%|████▏     | 120/290 [00:00<00:00, 1836.88it/s, Materializing param=model.layers.9.self_attn.v_proj.bias]  
  [3s] Loading weights:  41%|████▏     | 120/290 [00:00<00:00, 1835.90it/s, Materializing param=model.layers.9.self_attn.v_proj.bias]
  [3s] Loading weights:  42%|████▏     | 121/290 [00:00<00:00, 1849.12it/s, Materializing param=model.layers.9.self_attn.v_proj.weight]
  [3s] Loading weights:  42%|████▏     | 121/290 [00:00<00:00, 1847.73it/s, Materializing param=model.layers.9.self_attn.v_proj.weight]
  [3s] Loading weights:  42%|████▏     | 122/290 [00:00<00:00, 1819.54it/s, Materializing param=model.layers.10.input_layernorm.weight]
  [3s] Loading weights:  42%|████▏     | 122/290 [00:00<00:00, 1816.68it/s, Materializing param=model.layers.10.input_layernorm.weight]
  [3s] Loading weights:  42%|████▏     | 123/290 [00:00<00:00, 1816.07it/s, Materializing param=model.layers.10.mlp.down_proj.weight]  
  [3s] Loading weights:  42%|████▏     | 123/290 [00:00<00:00, 1813.54it/s, Materializing param=model.layers.10.mlp.down_proj.weight]
  [3s] Loading weights:  43%|████▎     | 124/290 [00:00<00:00, 1791.12it/s, Materializing param=model.layers.10.mlp.gate_proj.weight]
  [3s] Loading weights:  43%|████▎     | 124/290 [00:00<00:00, 1787.66it/s, Materializing param=model.layers.10.mlp.gate_proj.weight]
  [3s] Loading weights:  43%|████▎     | 125/290 [00:00<00:00, 1798.21it/s, Materializing param=model.layers.10.mlp.up_proj.weight]  
  [3s] Loading weights:  43%|████▎     | 125/290 [00:00<00:00, 1796.63it/s, Materializing param=model.layers.10.mlp.up_proj.weight]
  [3s] Loading weights:  43%|████▎     | 126/290 [00:00<00:00, 1755.92it/s, Materializing param=model.layers.10.post_attention_layernorm.weight]
  [3s] Loading weights:  43%|████▎     | 126/290 [00:00<00:00, 1753.09it/s, Materializing param=model.layers.10.post_attention_layernorm.weight]
  [3s] Loading weights:  44%|████▍     | 127/290 [00:00<00:00, 1758.65it/s, Materializing param=model.layers.10.self_attn.k_proj.bias]          
  [3s] Loading weights:  44%|████▍     | 127/290 [00:00<00:00, 1757.16it/s, Materializing param=model.layers.10.self_attn.k_proj.bias]
  [3s] Loading weights:  44%|████▍     | 128/290 [00:00<00:00, 1768.57it/s, Materializing param=model.layers.10.self_attn.k_proj.weight]
  [3s] Loading weights:  44%|████▍     | 128/290 [00:00<00:00, 1767.78it/s, Materializing param=model.layers.10.self_attn.k_proj.weight]
  [3s] Loading weights:  44%|████▍     | 129/290 [00:00<00:00, 1779.80it/s, Materializing param=model.layers.10.self_attn.o_proj.weight]
  [3s] Loading weights:  44%|████▍     | 129/290 [00:00<00:00, 1779.04it/s, Materializing param=model.layers.10.self_attn.o_proj.weight]
  [3s] Loading weights:  45%|████▍     | 130/290 [00:00<00:00, 1791.41it/s, Materializing param=model.layers.10.self_attn.q_proj.bias]  
  [3s] Loading weights:  45%|████▍     | 130/290 [00:00<00:00, 1790.75it/s, Materializing param=model.layers.10.self_attn.q_proj.bias]
  [3s] Loading weights:  45%|████▌     | 131/290 [00:00<00:00, 1803.14it/s, Materializing param=model.layers.10.self_attn.q_proj.weight]
  [3s] Loading weights:  45%|████▌     | 131/290 [00:00<00:00, 1802.49it/s, Materializing param=model.layers.10.self_attn.q_proj.weight]
  [3s] Loading weights:  46%|████▌     | 132/290 [00:00<00:00, 1652.86it/s, Materializing param=model.layers.10.self_attn.v_proj.bias]  
  [3s] Loading weights:  46%|████▌     | 132/290 [00:00<00:00, 1650.49it/s, Materializing param=model.layers.10.self_attn.v_proj.bias]
  [3s] Loading weights:  46%|████▌     | 133/290 [00:00<00:00, 1661.55it/s, Materializing param=model.layers.10.self_attn.v_proj.weight]
  [3s] Loading weights:  46%|████▌     | 133/290 [00:00<00:00, 1661.03it/s, Materializing param=model.layers.10.self_attn.v_proj.weight]
  [3s] Loading weights:  46%|████▌     | 134/290 [00:00<00:00, 1672.54it/s, Materializing param=model.layers.11.input_layernorm.weight] 
  [3s] Loading weights:  46%|████▌     | 134/290 [00:00<00:00, 1672.05it/s, Materializing param=model.layers.11.input_layernorm.weight]
  [3s] Loading weights:  47%|████▋     | 135/290 [00:00<00:00, 1683.54it/s, Materializing param=model.layers.11.mlp.down_proj.weight]  
  [3s] Loading weights:  47%|████▋     | 135/290 [00:00<00:00, 1683.08it/s, Materializing param=model.layers.11.mlp.down_proj.weight]
  [3s] Loading weights:  47%|████▋     | 136/290 [00:00<00:00, 1694.35it/s, Materializing param=model.layers.11.mlp.gate_proj.weight]
  [3s] Loading weights:  47%|████▋     | 136/290 [00:00<00:00, 1693.78it/s, Materializing param=model.layers.11.mlp.gate_proj.weight]
  [3s] Loading weights:  47%|████▋     | 137/290 [00:00<00:00, 1705.30it/s, Materializing param=model.layers.11.mlp.up_proj.weight]  
  [3s] Loading weights:  47%|████▋     | 137/290 [00:00<00:00, 1704.82it/s, Materializing param=model.layers.11.mlp.up_proj.weight]
  [3s] Loading weights:  48%|████▊     | 138/290 [00:00<00:00, 1709.64it/s, Materializing param=model.layers.11.post_attention_layernorm.weight]
  [3s] Loading weights:  48%|████▊     | 138/290 [00:00<00:00, 1708.61it/s, Materializing param=model.layers.11.post_attention_layernorm.weight]
  [3s] Loading weights:  48%|████▊     | 139/290 [00:00<00:00, 1719.31it/s, Materializing param=model.layers.11.self_attn.k_proj.bias]          
  [3s] Loading weights:  48%|████▊     | 139/290 [00:00<00:00, 1718.75it/s, Materializing param=model.layers.11.self_attn.k_proj.bias]
  [3s] Loading weights:  48%|████▊     | 140/290 [00:00<00:00, 1730.10it/s, Materializing param=model.layers.11.self_attn.k_proj.weight]
  [3s] Loading weights:  48%|████▊     | 140/290 [00:00<00:00, 1729.59it/s, Materializing param=model.layers.11.self_attn.k_proj.weight]
  [3s] Loading weights:  49%|████▊     | 141/290 [00:00<00:00, 1740.97it/s, Materializing param=model.layers.11.self_attn.o_proj.weight]
  [3s] Loading weights:  49%|████▊     | 141/290 [00:00<00:00, 1740.51it/s, Materializing param=model.layers.11.self_attn.o_proj.weight]
  [3s] Loading weights:  49%|████▉     | 142/290 [00:00<00:00, 1747.65it/s, Materializing param=model.layers.11.self_attn.q_proj.bias]  
  [3s] Loading weights:  49%|████▉     | 142/290 [00:00<00:00, 1745.42it/s, Materializing param=model.layers.11.self_attn.q_proj.bias]
  [3s] Loading weights:  49%|████▉     | 143/290 [00:00<00:00, 1749.83it/s, Materializing param=model.layers.11.self_attn.q_proj.weight]
  [3s] Loading weights:  49%|████▉     | 143/290 [00:00<00:00, 1748.04it/s, Materializing param=model.layers.11.self_attn.q_proj.weight]
  [3s] Loading weights:  50%|████▉     | 144/290 [00:00<00:00, 1723.17it/s, Materializing param=model.layers.11.self_attn.v_proj.bias]  
  [3s] Loading weights:  50%|████▉     | 144/290 [00:00<00:00, 1720.88it/s, Materializing param=model.layers.11.self_attn.v_proj.bias]
  [3s] Loading weights:  50%|█████     | 145/290 [00:00<00:00, 1729.63it/s, Materializing param=model.layers.11.self_attn.v_proj.weight]
  [3s] Loading weights:  50%|█████     | 145/290 [00:00<00:00, 1728.42it/s, Materializing param=model.layers.11.self_attn.v_proj.weight]
  [3s] Loading weights:  50%|█████     | 146/290 [00:00<00:00, 1738.13it/s, Materializing param=model.layers.12.input_layernorm.weight] 
  [3s] Loading weights:  50%|█████     | 146/290 [00:00<00:00, 1737.11it/s, Materializing param=model.layers.12.input_layernorm.weight]
  [3s] Loading weights:  51%|█████     | 147/290 [00:00<00:00, 1746.88it/s, Materializing param=model.layers.12.mlp.down_proj.weight]  
  [3s] Loading weights:  51%|█████     | 147/290 [00:00<00:00, 1745.91it/s, Materializing param=model.layers.12.mlp.down_proj.weight]
  [3s] Loading weights:  51%|█████     | 148/290 [00:00<00:00, 1719.58it/s, Materializing param=model.layers.12.mlp.gate_proj.weight]
  [3s] Loading weights:  51%|█████     | 148/290 [00:00<00:00, 1716.42it/s, Materializing param=model.layers.12.mlp.gate_proj.weight]
  [3s] Loading weights:  51%|█████▏    | 149/290 [00:00<00:00, 1726.34it/s, Materializing param=model.layers.12.mlp.up_proj.weight]  
  [3s] Loading weights:  51%|█████▏    | 149/290 [00:00<00:00, 1725.48it/s, Materializing param=model.layers.12.mlp.up_proj.weight]
  [3s] Loading weights:  52%|█████▏    | 150/290 [00:00<00:00, 1735.33it/s, Materializing param=model.layers.12.post_attention_layernorm.weight]
  [3s] Loading weights:  52%|█████▏    | 150/290 [00:00<00:00, 1734.19it/s, Materializing param=model.layers.12.post_attention_layernorm.weight]
  [3s] Loading weights:  52%|█████▏    | 151/290 [00:00<00:00, 1744.17it/s, Materializing param=model.layers.12.self_attn.k_proj.bias]          
  [3s] Loading weights:  52%|█████▏    | 151/290 [00:00<00:00, 1743.56it/s, Materializing param=model.layers.12.self_attn.k_proj.bias]
  [3s] Loading weights:  52%|█████▏    | 152/290 [00:00<00:00, 1754.02it/s, Materializing param=model.layers.12.self_attn.k_proj.weight]
  [3s] Loading weights:  52%|█████▏    | 152/290 [00:00<00:00, 1753.51it/s, Materializing param=model.layers.12.self_attn.k_proj.weight]
  [3s] Loading weights:  53%|█████▎    | 153/290 [00:00<00:00, 1764.10it/s, Materializing param=model.layers.12.self_attn.o_proj.weight]
  [3s] Loading weights:  53%|█████▎    | 153/290 [00:00<00:00, 1763.60it/s, Materializing param=model.layers.12.self_attn.o_proj.weight]
  [3s] Loading weights:  53%|█████▎    | 154/290 [00:00<00:00, 1767.81it/s, Materializing param=model.layers.12.self_attn.q_proj.bias]  
  [3s] Loading weights:  53%|█████▎    | 154/290 [00:00<00:00, 1767.12it/s, Materializing param=model.layers.12.self_attn.q_proj.bias]
  [3s] Loading weights:  53%|█████▎    | 155/290 [00:00<00:00, 1777.54it/s, Materializing param=model.layers.12.self_attn.q_proj.weight]
  [3s] Loading weights:  53%|█████▎    | 155/290 [00:00<00:00, 1777.02it/s, Materializing param=model.layers.12.self_attn.q_proj.weight]
  [3s] Loading weights:  54%|█████▍    | 156/290 [00:00<00:00, 1787.48it/s, Materializing param=model.layers.12.self_attn.v_proj.bias]  
  [3s] Loading weights:  54%|█████▍    | 156/290 [00:00<00:00, 1786.94it/s, Materializing param=model.layers.12.self_attn.v_proj.bias]
  [3s] Loading weights:  54%|█████▍    | 157/290 [00:00<00:00, 1797.34it/s, Materializing param=model.layers.12.self_attn.v_proj.weight]
  [3s] Loading weights:  54%|█████▍    | 157/290 [00:00<00:00, 1796.80it/s, Materializing param=model.layers.12.self_attn.v_proj.weight]
  [3s] Loading weights:  54%|█████▍    | 158/290 [00:00<00:00, 1807.19it/s, Materializing param=model.layers.13.input_layernorm.weight] 
  [3s] Loading weights:  54%|█████▍    | 158/290 [00:00<00:00, 1806.47it/s, Materializing param=model.layers.13.input_layernorm.weight]
  [3s] Loading weights:  55%|█████▍    | 159/290 [00:00<00:00, 1816.64it/s, Materializing param=model.layers.13.mlp.down_proj.weight]  
  [3s] Loading weights:  55%|█████▍    | 159/290 [00:00<00:00, 1816.00it/s, Materializing param=model.layers.13.mlp.down_proj.weight]
  [3s] Loading weights:  55%|█████▌    | 160/290 [00:00<00:00, 1742.79it/s, Materializing param=model.layers.13.mlp.gate_proj.weight]
  [3s] Loading weights:  55%|█████▌    | 160/290 [00:00<00:00, 1737.81it/s, Materializing param=model.layers.13.mlp.gate_proj.weight]
  [3s] Loading weights:  56%|█████▌    | 161/290 [00:00<00:00, 1700.54it/s, Materializing param=model.layers.13.mlp.up_proj.weight]  
  [3s] Loading weights:  56%|█████▌    | 161/290 [00:00<00:00, 1695.30it/s, Materializing param=model.layers.13.mlp.up_proj.weight]
  [3s] Loading weights:  56%|█████▌    | 162/290 [00:00<00:00, 1701.54it/s, Materializing param=model.layers.13.post_attention_layernorm.weight]
  [3s] Loading weights:  56%|█████▌    | 162/290 [00:00<00:00, 1700.29it/s, Materializing param=model.layers.13.post_attention_layernorm.weight]
  [3s] Loading weights:  56%|█████▌    | 163/290 [00:00<00:00, 1708.54it/s, Materializing param=model.layers.13.self_attn.k_proj.bias]          
  [3s] Loading weights:  56%|█████▌    | 163/290 [00:00<00:00, 1707.27it/s, Materializing param=model.layers.13.self_attn.k_proj.bias]
  [3s] Loading weights:  57%|█████▋    | 164/290 [00:00<00:00, 1715.77it/s, Materializing param=model.layers.13.self_attn.k_proj.weight]
  [3s] Loading weights:  57%|█████▋    | 164/290 [00:00<00:00, 1714.88it/s, Materializing param=model.layers.13.self_attn.k_proj.weight]
  [3s] Loading weights:  57%|█████▋    | 165/290 [00:00<00:00, 1723.43it/s, Materializing param=model.layers.13.self_attn.o_proj.weight]
  [3s] Loading weights:  57%|█████▋    | 165/290 [00:00<00:00, 1722.58it/s, Materializing param=model.layers.13.self_attn.o_proj.weight]
  [3s] Loading weights:  57%|█████▋    | 166/290 [00:00<00:00, 1731.29it/s, Materializing param=model.layers.13.self_attn.q_proj.bias]  
  [3s] Loading weights:  57%|█████▋    | 166/290 [00:00<00:00, 1730.53it/s, Materializing param=model.layers.13.self_attn.q_proj.bias]
  [3s] Loading weights:  58%|█████▊    | 167/290 [00:00<00:00, 1739.37it/s, Materializing param=model.layers.13.self_attn.q_proj.weight]
  [3s] Loading weights:  58%|█████▊    | 167/290 [00:00<00:00, 1738.61it/s, Materializing param=model.layers.13.self_attn.q_proj.weight]
  [3s] Loading weights:  58%|█████▊    | 168/290 [00:00<00:00, 1743.83it/s, Materializing param=model.layers.13.self_attn.v_proj.bias]  
  [3s] Loading weights:  58%|█████▊    | 168/290 [00:00<00:00, 1742.29it/s, Materializing param=model.layers.13.self_attn.v_proj.bias]
  [3s] Loading weights:  58%|█████▊    | 169/290 [00:00<00:00, 1750.30it/s, Materializing param=model.layers.13.self_attn.v_proj.weight]
  [3s] Loading weights:  58%|█████▊    | 169/290 [00:00<00:00, 1749.32it/s, Materializing param=model.layers.13.self_attn.v_proj.weight]
  [3s] Loading weights:  59%|█████▊    | 170/290 [00:00<00:00, 1757.92it/s, Materializing param=model.layers.14.input_layernorm.weight] 
  [3s] Loading weights:  59%|█████▊    | 170/290 [00:00<00:00, 1757.06it/s, Materializing param=model.layers.14.input_layernorm.weight]
  [3s] Loading weights:  59%|█████▉    | 171/290 [00:00<00:00, 1765.70it/s, Materializing param=model.layers.14.mlp.down_proj.weight]  
  [3s] Loading weights:  59%|█████▉    | 171/290 [00:00<00:00, 1764.87it/s, Materializing param=model.layers.14.mlp.down_proj.weight]
  [3s] Loading weights:  59%|█████▉    | 172/290 [00:00<00:00, 1773.56it/s, Materializing param=model.layers.14.mlp.gate_proj.weight]
  [3s] Loading weights:  59%|█████▉    | 172/290 [00:00<00:00, 1772.79it/s, Materializing param=model.layers.14.mlp.gate_proj.weight]
  [3s] Loading weights:  60%|█████▉    | 173/290 [00:00<00:00, 1775.14it/s, Materializing param=model.layers.14.mlp.up_proj.weight]  
  [3s] Loading weights:  60%|█████▉    | 173/290 [00:00<00:00, 1772.92it/s, Materializing param=model.layers.14.mlp.up_proj.weight]
  [3s] Loading weights:  60%|██████    | 174/290 [00:00<00:00, 1780.67it/s, Materializing param=model.layers.14.post_attention_layernorm.weight]
  [3s] Loading weights:  60%|██████    | 174/290 [00:00<00:00, 1779.67it/s, Materializing param=model.layers.14.post_attention_layernorm.weight]
  [3s] Loading weights:  60%|██████    | 175/290 [00:00<00:00, 1788.06it/s, Materializing param=model.layers.14.self_attn.k_proj.bias]          
  [3s] Loading weights:  60%|██████    | 175/290 [00:00<00:00, 1787.20it/s, Materializing param=model.layers.14.self_attn.k_proj.bias]
  [3s] Loading weights:  61%|██████    | 176/290 [00:00<00:00, 1795.68it/s, Materializing param=model.layers.14.self_attn.k_proj.weight]
  [3s] Loading weights:  61%|██████    | 176/290 [00:00<00:00, 1794.85it/s, Materializing param=model.layers.14.self_attn.k_proj.weight]
  [3s] Loading weights:  61%|██████    | 177/290 [00:00<00:00, 1797.46it/s, Materializing param=model.layers.14.self_attn.o_proj.weight]
  [3s] Loading weights:  61%|██████    | 177/290 [00:00<00:00, 1794.13it/s, Materializing param=model.layers.14.self_attn.o_proj.weight]
  [3s] Loading weights:  61%|██████▏   | 178/290 [00:00<00:00, 1799.25it/s, Materializing param=model.layers.14.self_attn.q_proj.bias]  
  [3s] Loading weights:  61%|██████▏   | 178/290 [00:00<00:00, 1798.24it/s, Materializing param=model.layers.14.self_attn.q_proj.bias]
  [3s] Loading weights:  62%|██████▏   | 179/290 [00:00<00:00, 1806.58it/s, Materializing param=model.layers.14.self_attn.q_proj.weight]
  [3s] Loading weights:  62%|██████▏   | 179/290 [00:00<00:00, 1805.79it/s, Materializing param=model.layers.14.self_attn.q_proj.weight]
  [3s] Loading weights:  62%|██████▏   | 180/290 [00:00<00:00, 1791.45it/s, Materializing param=model.layers.14.self_attn.q_proj.weight]
  [3s] Loading weights:  62%|██████▏   | 180/290 [00:00<00:00, 1791.45it/s, Materializing param=model.layers.14.self_attn.v_proj.bias]  
  [3s] Loading weights:  62%|██████▏   | 180/290 [00:00<00:00, 1791.45it/s, Materializing param=model.layers.14.self_attn.v_proj.bias]
  [3s] Loading weights:  62%|██████▏   | 181/290 [00:00<00:00, 1791.45it/s, Materializing param=model.layers.14.self_attn.v_proj.weight]
  [3s] Loading weights:  62%|██████▏   | 181/290 [00:00<00:00, 1791.45it/s, Materializing param=model.layers.14.self_attn.v_proj.weight]
  [3s] Loading weights:  63%|██████▎   | 182/290 [00:00<00:00, 1791.45it/s, Materializing param=model.layers.15.input_layernorm.weight] 
  [3s] Loading weights:  63%|██████▎   | 182/290 [00:00<00:00, 1791.45it/s, Materializing param=model.layers.15.input_layernorm.weight]
  [3s] Loading weights:  63%|██████▎   | 183/290 [00:00<00:00, 1791.45it/s, Materializing param=model.layers.15.mlp.down_proj.weight]  
  [3s] Loading weights:  63%|██████▎   | 183/290 [00:00<00:00, 1791.45it/s, Materializing param=model.layers.15.mlp.down_proj.weight]
  [3s] Loading weights:  63%|██████▎   | 184/290 [00:00<00:00, 1791.45it/s, Materializing param=model.layers.15.mlp.gate_proj.weight]
  [3s] Loading weights:  63%|██████▎   | 184/290 [00:00<00:00, 1791.45it/s, Materializing param=model.layers.15.mlp.gate_proj.weight]
  [3s] Loading weights:  64%|██████▍   | 185/290 [00:00<00:00, 1791.45it/s, Materializing param=model.layers.15.mlp.up_proj.weight]  
  [3s] Loading weights:  64%|██████▍   | 185/290 [00:00<00:00, 1791.45it/s, Materializing param=model.layers.15.mlp.up_proj.weight]
  [3s] Loading weights:  64%|██████▍   | 186/290 [00:00<00:00, 1791.45it/s, Materializing param=model.layers.15.post_attention_layernorm.weight]
  [3s] Loading weights:  64%|██████▍   | 186/290 [00:00<00:00, 1791.45it/s, Materializing param=model.layers.15.post_attention_layernorm.weight]
  [3s] Loading weights:  64%|██████▍   | 187/290 [00:00<00:00, 1791.45it/s, Materializing param=model.layers.15.self_attn.k_proj.bias]          
  [3s] Loading weights:  64%|██████▍   | 187/290 [00:00<00:00, 1791.45it/s, Materializing param=model.layers.15.self_attn.k_proj.bias]
  [3s] Loading weights:  65%|██████▍   | 188/290 [00:00<00:00, 1791.45it/s, Materializing param=model.layers.15.self_attn.k_proj.weight]
  [3s] Loading weights:  65%|██████▍   | 188/290 [00:00<00:00, 1791.45it/s, Materializing param=model.layers.15.self_attn.k_proj.weight]
  [3s] Loading weights:  65%|██████▌   | 189/290 [00:00<00:00, 1791.45it/s, Materializing param=model.layers.15.self_attn.o_proj.weight]
  [3s] Loading weights:  65%|██████▌   | 189/290 [00:00<00:00, 1791.45it/s, Materializing param=model.layers.15.self_attn.o_proj.weight]
  [3s] Loading weights:  66%|██████▌   | 190/290 [00:00<00:00, 1791.45it/s, Materializing param=model.layers.15.self_attn.q_proj.bias]  
  [3s] Loading weights:  66%|██████▌   | 190/290 [00:00<00:00, 1791.45it/s, Materializing param=model.layers.15.self_attn.q_proj.bias]
  [3s] Loading weights:  66%|██████▌   | 191/290 [00:00<00:00, 1791.45it/s, Materializing param=model.layers.15.self_attn.q_proj.weight]
  [3s] Loading weights:  66%|██████▌   | 191/290 [00:00<00:00, 1791.45it/s, Materializing param=model.layers.15.self_attn.q_proj.weight]
  [3s] Loading weights:  66%|██████▌   | 192/290 [00:00<00:00, 1791.45it/s, Materializing param=model.layers.15.self_attn.v_proj.bias]  
  [3s] Loading weights:  66%|██████▌   | 192/290 [00:00<00:00, 1791.45it/s, Materializing param=model.layers.15.self_attn.v_proj.bias]
  [3s] Loading weights:  67%|██████▋   | 193/290 [00:00<00:00, 1791.45it/s, Materializing param=model.layers.15.self_attn.v_proj.weight]
  [3s] Loading weights:  67%|██████▋   | 193/290 [00:00<00:00, 1791.45it/s, Materializing param=model.layers.15.self_attn.v_proj.weight]
  [3s] Loading weights:  67%|██████▋   | 194/290 [00:00<00:00, 1791.45it/s, Materializing param=model.layers.16.input_layernorm.weight] 
  [3s] Loading weights:  67%|██████▋   | 194/290 [00:00<00:00, 1791.45it/s, Materializing param=model.layers.16.input_layernorm.weight]
  [3s] Loading weights:  67%|██████▋   | 195/290 [00:00<00:00, 1791.45it/s, Materializing param=model.layers.16.mlp.down_proj.weight]  
  [3s] Loading weights:  67%|██████▋   | 195/290 [00:00<00:00, 1791.45it/s, Materializing param=model.layers.16.mlp.down_proj.weight]
  [3s] Loading weights:  68%|██████▊   | 196/290 [00:00<00:00, 1791.45it/s, Materializing param=model.layers.16.mlp.gate_proj.weight]
  [3s] Loading weights:  68%|██████▊   | 196/290 [00:00<00:00, 1791.45it/s, Materializing param=model.layers.16.mlp.gate_proj.weight]
  [3s] Loading weights:  68%|██████▊   | 197/290 [00:00<00:00, 1791.45it/s, Materializing param=model.layers.16.mlp.up_proj.weight]  
  [3s] Loading weights:  68%|██████▊   | 197/290 [00:00<00:00, 1791.45it/s, Materializing param=model.layers.16.mlp.up_proj.weight]
  [3s] Loading weights:  68%|██████▊   | 198/290 [00:00<00:00, 1791.45it/s, Materializing param=model.layers.16.post_attention_layernorm.weight]
  [3s] Loading weights:  68%|██████▊   | 198/290 [00:00<00:00, 1791.45it/s, Materializing param=model.layers.16.post_attention_layernorm.weight]
  [3s] Loading weights:  69%|██████▊   | 199/290 [00:00<00:00, 1791.45it/s, Materializing param=model.layers.16.self_attn.k_proj.bias]          
  [3s] Loading weights:  69%|██████▊   | 199/290 [00:00<00:00, 1791.45it/s, Materializing param=model.layers.16.self_attn.k_proj.bias]
  [3s] Loading weights:  69%|██████▉   | 200/290 [00:00<00:00, 1791.45it/s, Materializing param=model.layers.16.self_attn.k_proj.weight]
  [3s] Loading weights:  69%|██████▉   | 200/290 [00:00<00:00, 1791.45it/s, Materializing param=model.layers.16.self_attn.k_proj.weight]
  [3s] Loading weights:  69%|██████▉   | 201/290 [00:00<00:00, 1791.45it/s, Materializing param=model.layers.16.self_attn.o_proj.weight]
  [3s] Loading weights:  69%|██████▉   | 201/290 [00:00<00:00, 1791.45it/s, Materializing param=model.layers.16.self_attn.o_proj.weight]
  [3s] Loading weights:  70%|██████▉   | 202/290 [00:00<00:00, 1791.45it/s, Materializing param=model.layers.16.self_attn.q_proj.bias]  
  [3s] Loading weights:  70%|██████▉   | 202/290 [00:00<00:00, 1791.45it/s, Materializing param=model.layers.16.self_attn.q_proj.bias]
  [3s] Loading weights:  70%|███████   | 203/290 [00:00<00:00, 1791.45it/s, Materializing param=model.layers.16.self_attn.q_proj.weight]
  [3s] Loading weights:  70%|███████   | 203/290 [00:00<00:00, 1791.45it/s, Materializing param=model.layers.16.self_attn.q_proj.weight]
  [3s] Loading weights:  70%|███████   | 204/290 [00:00<00:00, 1791.45it/s, Materializing param=model.layers.16.self_attn.v_proj.bias]  
  [3s] Loading weights:  70%|███████   | 204/290 [00:00<00:00, 1791.45it/s, Materializing param=model.layers.16.self_attn.v_proj.bias]
  [3s] Loading weights:  71%|███████   | 205/290 [00:00<00:00, 1791.45it/s, Materializing param=model.layers.16.self_attn.v_proj.weight]
  [3s] Loading weights:  71%|███████   | 205/290 [00:00<00:00, 1791.45it/s, Materializing param=model.layers.16.self_attn.v_proj.weight]
  [3s] Loading weights:  71%|███████   | 206/290 [00:00<00:00, 1791.45it/s, Materializing param=model.layers.17.input_layernorm.weight] 
  [3s] Loading weights:  71%|███████   | 206/290 [00:00<00:00, 1791.45it/s, Materializing param=model.layers.17.input_layernorm.weight]
  [3s] Loading weights:  71%|███████▏  | 207/290 [00:00<00:00, 1791.45it/s, Materializing param=model.layers.17.mlp.down_proj.weight]  
  [3s] Loading weights:  71%|███████▏  | 207/290 [00:00<00:00, 1791.45it/s, Materializing param=model.layers.17.mlp.down_proj.weight]
  [3s] Loading weights:  72%|███████▏  | 208/290 [00:00<00:00, 1791.45it/s, Materializing param=model.layers.17.mlp.gate_proj.weight]
  [3s] Loading weights:  72%|███████▏  | 208/290 [00:00<00:00, 1791.45it/s, Materializing param=model.layers.17.mlp.gate_proj.weight]
  [3s] Loading weights:  72%|███████▏  | 209/290 [00:00<00:00, 1791.45it/s, Materializing param=model.layers.17.mlp.up_proj.weight]  
  [3s] Loading weights:  72%|███████▏  | 209/290 [00:00<00:00, 1791.45it/s, Materializing param=model.layers.17.mlp.up_proj.weight]
  [3s] Loading weights:  72%|███████▏  | 210/290 [00:00<00:00, 1791.45it/s, Materializing param=model.layers.17.post_attention_layernorm.weight]
  [3s] Loading weights:  72%|███████▏  | 210/290 [00:00<00:00, 1791.45it/s, Materializing param=model.layers.17.post_attention_layernorm.weight]
  [3s] Loading weights:  73%|███████▎  | 211/290 [00:00<00:00, 1791.45it/s, Materializing param=model.layers.17.self_attn.k_proj.bias]          
  [3s] Loading weights:  73%|███████▎  | 211/290 [00:00<00:00, 1791.45it/s, Materializing param=model.layers.17.self_attn.k_proj.bias]
  [3s] Loading weights:  73%|███████▎  | 212/290 [00:00<00:00, 1791.45it/s, Materializing param=model.layers.17.self_attn.k_proj.weight]
  [3s] Loading weights:  73%|███████▎  | 212/290 [00:00<00:00, 1791.45it/s, Materializing param=model.layers.17.self_attn.k_proj.weight]
  [3s] Loading weights:  73%|███████▎  | 213/290 [00:00<00:00, 1791.45it/s, Materializing param=model.layers.17.self_attn.o_proj.weight]
  [3s] Loading weights:  73%|███████▎  | 213/290 [00:00<00:00, 1791.45it/s, Materializing param=model.layers.17.self_attn.o_proj.weight]
  [3s] Loading weights:  74%|███████▍  | 214/290 [00:00<00:00, 1791.45it/s, Materializing param=model.layers.17.self_attn.q_proj.bias]  
  [3s] Loading weights:  74%|███████▍  | 214/290 [00:00<00:00, 1791.45it/s, Materializing param=model.layers.17.self_attn.q_proj.bias]
  [3s] Loading weights:  74%|███████▍  | 215/290 [00:00<00:00, 1791.45it/s, Materializing param=model.layers.17.self_attn.q_proj.weight]
  [3s] Loading weights:  74%|███████▍  | 215/290 [00:00<00:00, 1791.45it/s, Materializing param=model.layers.17.self_attn.q_proj.weight]
  [3s] Loading weights:  74%|███████▍  | 216/290 [00:00<00:00, 1791.45it/s, Materializing param=model.layers.17.self_attn.v_proj.bias]  
  [3s] Loading weights:  74%|███████▍  | 216/290 [00:00<00:00, 1791.45it/s, Materializing param=model.layers.17.self_attn.v_proj.bias]
  [3s] Loading weights:  75%|███████▍  | 217/290 [00:00<00:00, 1791.45it/s, Materializing param=model.layers.17.self_attn.v_proj.weight]
  [3s] Loading weights:  75%|███████▍  | 217/290 [00:00<00:00, 1791.45it/s, Materializing param=model.layers.17.self_attn.v_proj.weight]
  [3s] Loading weights:  75%|███████▌  | 218/290 [00:00<00:00, 1791.45it/s, Materializing param=model.layers.18.input_layernorm.weight] 
  [3s] Loading weights:  75%|███████▌  | 218/290 [00:00<00:00, 1791.45it/s, Materializing param=model.layers.18.input_layernorm.weight]
  [3s] Loading weights:  76%|███████▌  | 219/290 [00:00<00:00, 1791.45it/s, Materializing param=model.layers.18.mlp.down_proj.weight]  
  [3s] Loading weights:  76%|███████▌  | 219/290 [00:00<00:00, 1791.45it/s, Materializing param=model.layers.18.mlp.down_proj.weight]
  [3s] Loading weights:  76%|███████▌  | 220/290 [00:00<00:00, 1791.45it/s, Materializing param=model.layers.18.mlp.gate_proj.weight]
  [3s] Loading weights:  76%|███████▌  | 220/290 [00:00<00:00, 1791.45it/s, Materializing param=model.layers.18.mlp.gate_proj.weight]
  [3s] Loading weights:  76%|███████▌  | 221/290 [00:00<00:00, 1791.45it/s, Materializing param=model.layers.18.mlp.up_proj.weight]  
  [3s] Loading weights:  76%|███████▌  | 221/290 [00:00<00:00, 1791.45it/s, Materializing param=model.layers.18.mlp.up_proj.weight]
  [3s] Loading weights:  77%|███████▋  | 222/290 [00:00<00:00, 1791.45it/s, Materializing param=model.layers.18.post_attention_layernorm.weight]
  [3s] Loading weights:  77%|███████▋  | 222/290 [00:00<00:00, 1791.45it/s, Materializing param=model.layers.18.post_attention_layernorm.weight]
  [3s] Loading weights:  77%|███████▋  | 223/290 [00:00<00:00, 1791.45it/s, Materializing param=model.layers.18.self_attn.k_proj.bias]          
  [3s] Loading weights:  77%|███████▋  | 223/290 [00:00<00:00, 1791.45it/s, Materializing param=model.layers.18.self_attn.k_proj.bias]
  [3s] Loading weights:  77%|███████▋  | 224/290 [00:00<00:00, 1791.45it/s, Materializing param=model.layers.18.self_attn.k_proj.weight]
  [3s] Loading weights:  77%|███████▋  | 224/290 [00:00<00:00, 1791.45it/s, Materializing param=model.layers.18.self_attn.k_proj.weight]
  [3s] Loading weights:  78%|███████▊  | 225/290 [00:00<00:00, 1791.45it/s, Materializing param=model.layers.18.self_attn.o_proj.weight]
  [3s] Loading weights:  78%|███████▊  | 225/290 [00:00<00:00, 1791.45it/s, Materializing param=model.layers.18.self_attn.o_proj.weight]
  [3s] Loading weights:  78%|███████▊  | 226/290 [00:00<00:00, 1791.45it/s, Materializing param=model.layers.18.self_attn.q_proj.bias]  
  [3s] Loading weights:  78%|███████▊  | 226/290 [00:00<00:00, 1791.45it/s, Materializing param=model.layers.18.self_attn.q_proj.bias]
  [3s] Loading weights:  78%|███████▊  | 227/290 [00:00<00:00, 1791.45it/s, Materializing param=model.layers.18.self_attn.q_proj.weight]
  [3s] Loading weights:  78%|███████▊  | 227/290 [00:00<00:00, 1791.45it/s, Materializing param=model.layers.18.self_attn.q_proj.weight]
  [3s] Loading weights:  79%|███████▊  | 228/290 [00:00<00:00, 1791.45it/s, Materializing param=model.layers.18.self_attn.v_proj.bias]  
  [3s] Loading weights:  79%|███████▊  | 228/290 [00:00<00:00, 1791.45it/s, Materializing param=model.layers.18.self_attn.v_proj.bias]
  [3s] Loading weights:  79%|███████▉  | 229/290 [00:00<00:00, 1791.45it/s, Materializing param=model.layers.18.self_attn.v_proj.weight]
  [3s] Loading weights:  79%|███████▉  | 229/290 [00:00<00:00, 1791.45it/s, Materializing param=model.layers.18.self_attn.v_proj.weight]
  [3s] Loading weights:  79%|███████▉  | 230/290 [00:00<00:00, 1791.45it/s, Materializing param=model.layers.19.input_layernorm.weight] 
  [3s] Loading weights:  79%|███████▉  | 230/290 [00:00<00:00, 1791.45it/s, Materializing param=model.layers.19.input_layernorm.weight]
  [3s] Loading weights:  80%|███████▉  | 231/290 [00:00<00:00, 1791.45it/s, Materializing param=model.layers.19.mlp.down_proj.weight]  
  [3s] Loading weights:  80%|███████▉  | 231/290 [00:00<00:00, 1791.45it/s, Materializing param=model.layers.19.mlp.down_proj.weight]
  [3s] Loading weights:  80%|████████  | 232/290 [00:00<00:00, 1791.45it/s, Materializing param=model.layers.19.mlp.gate_proj.weight]
  [3s] Loading weights:  80%|████████  | 232/290 [00:00<00:00, 1791.45it/s, Materializing param=model.layers.19.mlp.gate_proj.weight]
  [3s] Loading weights:  80%|████████  | 233/290 [00:00<00:00, 1791.45it/s, Materializing param=model.layers.19.mlp.up_proj.weight]  
  [3s] Loading weights:  80%|████████  | 233/290 [00:00<00:00, 1791.45it/s, Materializing param=model.layers.19.mlp.up_proj.weight]
  [3s] Loading weights:  81%|████████  | 234/290 [00:00<00:00, 1791.45it/s, Materializing param=model.layers.19.post_attention_layernorm.weight]
  [3s] Loading weights:  81%|████████  | 234/290 [00:00<00:00, 1791.45it/s, Materializing param=model.layers.19.post_attention_layernorm.weight]
  [3s] Loading weights:  81%|████████  | 235/290 [00:00<00:00, 1791.45it/s, Materializing param=model.layers.19.self_attn.k_proj.bias]          
  [3s] Loading weights:  81%|████████  | 235/290 [00:00<00:00, 1791.45it/s, Materializing param=model.layers.19.self_attn.k_proj.bias]
  [3s] Loading weights:  81%|████████▏ | 236/290 [00:00<00:00, 1791.45it/s, Materializing param=model.layers.19.self_attn.k_proj.weight]
  [3s] Loading weights:  81%|████████▏ | 236/290 [00:00<00:00, 1791.45it/s, Materializing param=model.layers.19.self_attn.k_proj.weight]
  [3s] Loading weights:  82%|████████▏ | 237/290 [00:00<00:00, 1791.45it/s, Materializing param=model.layers.19.self_attn.o_proj.weight]
  [3s] Loading weights:  82%|████████▏ | 237/290 [00:00<00:00, 1791.45it/s, Materializing param=model.layers.19.self_attn.o_proj.weight]
  [3s] Loading weights:  82%|████████▏ | 238/290 [00:00<00:00, 1791.45it/s, Materializing param=model.layers.19.self_attn.q_proj.bias]  
  [3s] Loading weights:  82%|████████▏ | 238/290 [00:00<00:00, 1791.45it/s, Materializing param=model.layers.19.self_attn.q_proj.bias]
  [3s] Loading weights:  82%|████████▏ | 239/290 [00:00<00:00, 1791.45it/s, Materializing param=model.layers.19.self_attn.q_proj.weight]
  [3s] Loading weights:  82%|████████▏ | 239/290 [00:00<00:00, 1791.45it/s, Materializing param=model.layers.19.self_attn.q_proj.weight]
  [3s] Loading weights:  83%|████████▎ | 240/290 [00:00<00:00, 1791.45it/s, Materializing param=model.layers.19.self_attn.v_proj.bias]  
  [3s] Loading weights:  83%|████████▎ | 240/290 [00:00<00:00, 1791.45it/s, Materializing param=model.layers.19.self_attn.v_proj.bias]
  [3s] Loading weights:  83%|████████▎ | 241/290 [00:00<00:00, 1791.45it/s, Materializing param=model.layers.19.self_attn.v_proj.weight]
  [3s] Loading weights:  83%|████████▎ | 241/290 [00:00<00:00, 1791.45it/s, Materializing param=model.layers.19.self_attn.v_proj.weight]
  [3s] Loading weights:  83%|████████▎ | 242/290 [00:00<00:00, 1791.45it/s, Materializing param=model.layers.20.input_layernorm.weight] 
  [3s] Loading weights:  83%|████████▎ | 242/290 [00:00<00:00, 1791.45it/s, Materializing param=model.layers.20.input_layernorm.weight]
  [3s] Loading weights:  84%|████████▍ | 243/290 [00:00<00:00, 1791.45it/s, Materializing param=model.layers.20.mlp.down_proj.weight]  
  [3s] Loading weights:  84%|████████▍ | 243/290 [00:00<00:00, 1791.45it/s, Materializing param=model.layers.20.mlp.down_proj.weight]
  [3s] Loading weights:  84%|████████▍ | 244/290 [00:00<00:00, 1791.45it/s, Materializing param=model.layers.20.mlp.gate_proj.weight]
  [3s] Loading weights:  84%|████████▍ | 244/290 [00:00<00:00, 1791.45it/s, Materializing param=model.layers.20.mlp.gate_proj.weight]
  [3s] Loading weights:  84%|████████▍ | 245/290 [00:00<00:00, 1791.45it/s, Materializing param=model.layers.20.mlp.up_proj.weight]  
  [3s] Loading weights:  84%|████████▍ | 245/290 [00:00<00:00, 1791.45it/s, Materializing param=model.layers.20.mlp.up_proj.weight]
  [3s] Loading weights:  85%|████████▍ | 246/290 [00:00<00:00, 1791.45it/s, Materializing param=model.layers.20.post_attention_layernorm.weight]
  [3s] Loading weights:  85%|████████▍ | 246/290 [00:00<00:00, 1791.45it/s, Materializing param=model.layers.20.post_attention_layernorm.weight]
  [3s] Loading weights:  85%|████████▌ | 247/290 [00:00<00:00, 1791.45it/s, Materializing param=model.layers.20.self_attn.k_proj.bias]          
  [3s] Loading weights:  85%|████████▌ | 247/290 [00:00<00:00, 1791.45it/s, Materializing param=model.layers.20.self_attn.k_proj.bias]
  [3s] Loading weights:  86%|████████▌ | 248/290 [00:00<00:00, 1791.45it/s, Materializing param=model.layers.20.self_attn.k_proj.weight]
  [3s] Loading weights:  86%|████████▌ | 248/290 [00:00<00:00, 1791.45it/s, Materializing param=model.layers.20.self_attn.k_proj.weight]
  [3s] Loading weights:  86%|████████▌ | 249/290 [00:00<00:00, 1791.45it/s, Materializing param=model.layers.20.self_attn.o_proj.weight]
  [3s] Loading weights:  86%|████████▌ | 249/290 [00:00<00:00, 1791.45it/s, Materializing param=model.layers.20.self_attn.o_proj.weight]
  [3s] Loading weights:  86%|████████▌ | 250/290 [00:00<00:00, 1791.45it/s, Materializing param=model.layers.20.self_attn.q_proj.bias]  
  [3s] Loading weights:  86%|████████▌ | 250/290 [00:00<00:00, 1791.45it/s, Materializing param=model.layers.20.self_attn.q_proj.bias]
  [3s] Loading weights:  87%|████████▋ | 251/290 [00:00<00:00, 1791.45it/s, Materializing param=model.layers.20.self_attn.q_proj.weight]
  [3s] Loading weights:  87%|████████▋ | 251/290 [00:00<00:00, 1791.45it/s, Materializing param=model.layers.20.self_attn.q_proj.weight]
  [3s] Loading weights:  87%|████████▋ | 252/290 [00:00<00:00, 1791.45it/s, Materializing param=model.layers.20.self_attn.v_proj.bias]  
  [3s] Loading weights:  87%|████████▋ | 252/290 [00:00<00:00, 1791.45it/s, Materializing param=model.layers.20.self_attn.v_proj.bias]
  [3s] Loading weights:  87%|████████▋ | 253/290 [00:00<00:00, 1791.45it/s, Materializing param=model.layers.20.self_attn.v_proj.weight]
  [3s] Loading weights:  87%|████████▋ | 253/290 [00:00<00:00, 1791.45it/s, Materializing param=model.layers.20.self_attn.v_proj.weight]
  [3s] Loading weights:  88%|████████▊ | 254/290 [00:00<00:00, 1791.45it/s, Materializing param=model.layers.21.input_layernorm.weight] 
  [3s] Loading weights:  88%|████████▊ | 254/290 [00:00<00:00, 1791.45it/s, Materializing param=model.layers.21.input_layernorm.weight]
  [3s] Loading weights:  88%|████████▊ | 255/290 [00:00<00:00, 1791.45it/s, Materializing param=model.layers.21.mlp.down_proj.weight]  
  [3s] Loading weights:  88%|████████▊ | 255/290 [00:00<00:00, 1791.45it/s, Materializing param=model.layers.21.mlp.down_proj.weight]
  [3s] Loading weights:  88%|████████▊ | 256/290 [00:00<00:00, 1791.45it/s, Materializing param=model.layers.21.mlp.gate_proj.weight]
  [3s] Loading weights:  88%|████████▊ | 256/290 [00:00<00:00, 1791.45it/s, Materializing param=model.layers.21.mlp.gate_proj.weight]
  [3s] Loading weights:  89%|████████▊ | 257/290 [00:00<00:00, 1791.45it/s, Materializing param=model.layers.21.mlp.up_proj.weight]  
  [3s] Loading weights:  89%|████████▊ | 257/290 [00:00<00:00, 1791.45it/s, Materializing param=model.layers.21.mlp.up_proj.weight]
  [3s] Loading weights:  89%|████████▉ | 258/290 [00:00<00:00, 1791.45it/s, Materializing param=model.layers.21.post_attention_layernorm.weight]
  [3s] Loading weights:  89%|████████▉ | 258/290 [00:00<00:00, 1791.45it/s, Materializing param=model.layers.21.post_attention_layernorm.weight]
  [3s] Loading weights:  89%|████████▉ | 259/290 [00:00<00:00, 1791.45it/s, Materializing param=model.layers.21.self_attn.k_proj.bias]          
  [3s] Loading weights:  89%|████████▉ | 259/290 [00:00<00:00, 1791.45it/s, Materializing param=model.layers.21.self_attn.k_proj.bias]
  [3s] Loading weights:  90%|████████▉ | 260/290 [00:00<00:00, 1791.45it/s, Materializing param=model.layers.21.self_attn.k_proj.weight]
  [3s] Loading weights:  90%|████████▉ | 260/290 [00:00<00:00, 1791.45it/s, Materializing param=model.layers.21.self_attn.k_proj.weight]
  [3s] Loading weights:  90%|█████████ | 261/290 [00:00<00:00, 1791.45it/s, Materializing param=model.layers.21.self_attn.o_proj.weight]
  [3s] Loading weights:  90%|█████████ | 261/290 [00:00<00:00, 1791.45it/s, Materializing param=model.layers.21.self_attn.o_proj.weight]
  [3s] Loading weights:  90%|█████████ | 262/290 [00:00<00:00, 1791.45it/s, Materializing param=model.layers.21.self_attn.q_proj.bias]  
  [3s] Loading weights:  90%|█████████ | 262/290 [00:00<00:00, 1791.45it/s, Materializing param=model.layers.21.self_attn.q_proj.bias]
  [3s] Loading weights:  91%|█████████ | 263/290 [00:00<00:00, 1791.45it/s, Materializing param=model.layers.21.self_attn.q_proj.weight]
  [3s] Loading weights:  91%|█████████ | 263/290 [00:00<00:00, 1791.45it/s, Materializing param=model.layers.21.self_attn.q_proj.weight]
  [3s] Loading weights:  91%|█████████ | 264/290 [00:00<00:00, 1791.45it/s, Materializing param=model.layers.21.self_attn.v_proj.bias]  
  [3s] Loading weights:  91%|█████████ | 264/290 [00:00<00:00, 1791.45it/s, Materializing param=model.layers.21.self_attn.v_proj.bias]
  [3s] Loading weights:  91%|█████████▏| 265/290 [00:00<00:00, 1791.45it/s, Materializing param=model.layers.21.self_attn.v_proj.weight]
  [3s] Loading weights:  91%|█████████▏| 265/290 [00:00<00:00, 1791.45it/s, Materializing param=model.layers.21.self_attn.v_proj.weight]
  [3s] Loading weights:  92%|█████████▏| 266/290 [00:00<00:00, 1791.45it/s, Materializing param=model.layers.22.input_layernorm.weight] 
  [3s] Loading weights:  92%|█████████▏| 266/290 [00:00<00:00, 1791.45it/s, Materializing param=model.layers.22.input_layernorm.weight]
  [3s] Loading weights:  92%|█████████▏| 267/290 [00:00<00:00, 1791.45it/s, Materializing param=model.layers.22.mlp.down_proj.weight]  
  [3s] Loading weights:  92%|█████████▏| 267/290 [00:00<00:00, 1791.45it/s, Materializing param=model.layers.22.mlp.down_proj.weight]
  [3s] Loading weights:  92%|█████████▏| 268/290 [00:00<00:00, 1791.45it/s, Materializing param=model.layers.22.mlp.gate_proj.weight]
  [3s] Loading weights:  92%|█████████▏| 268/290 [00:00<00:00, 1791.45it/s, Materializing param=model.layers.22.mlp.gate_proj.weight]
  [3s] Loading weights:  93%|█████████▎| 269/290 [00:00<00:00, 1791.45it/s, Materializing param=model.layers.22.mlp.up_proj.weight]  
  [3s] Loading weights:  93%|█████████▎| 269/290 [00:00<00:00, 1791.45it/s, Materializing param=model.layers.22.mlp.up_proj.weight]
  [3s] Loading weights:  93%|█████████▎| 270/290 [00:00<00:00, 1791.45it/s, Materializing param=model.layers.22.post_attention_layernorm.weight]
  [3s] Loading weights:  93%|█████████▎| 270/290 [00:00<00:00, 1791.45it/s, Materializing param=model.layers.22.post_attention_layernorm.weight]
  [3s] Loading weights:  93%|█████████▎| 271/290 [00:00<00:00, 1791.45it/s, Materializing param=model.layers.22.self_attn.k_proj.bias]          
  [3s] Loading weights:  93%|█████████▎| 271/290 [00:00<00:00, 1791.45it/s, Materializing param=model.layers.22.self_attn.k_proj.bias]
  [3s] Loading weights:  94%|█████████▍| 272/290 [00:00<00:00, 1791.45it/s, Materializing param=model.layers.22.self_attn.k_proj.weight]
  [3s] Loading weights:  94%|█████████▍| 272/290 [00:00<00:00, 1791.45it/s, Materializing param=model.layers.22.self_attn.k_proj.weight]
  [3s] Loading weights:  94%|█████████▍| 273/290 [00:00<00:00, 1791.45it/s, Materializing param=model.layers.22.self_attn.o_proj.weight]
  [3s] Loading weights:  94%|█████████▍| 273/290 [00:00<00:00, 1791.45it/s, Materializing param=model.layers.22.self_attn.o_proj.weight]
  [3s] Loading weights:  94%|█████████▍| 274/290 [00:00<00:00, 1791.45it/s, Materializing param=model.layers.22.self_attn.q_proj.bias]  
  [3s] Loading weights:  94%|█████████▍| 274/290 [00:00<00:00, 1791.45it/s, Materializing param=model.layers.22.self_attn.q_proj.bias]
  [3s] Loading weights:  95%|█████████▍| 275/290 [00:00<00:00, 1791.45it/s, Materializing param=model.layers.22.self_attn.q_proj.weight]
  [3s] Loading weights:  95%|█████████▍| 275/290 [00:00<00:00, 1791.45it/s, Materializing param=model.layers.22.self_attn.q_proj.weight]
  [3s] Loading weights:  95%|█████████▌| 276/290 [00:00<00:00, 1791.45it/s, Materializing param=model.layers.22.self_attn.v_proj.bias]  
  [3s] Loading weights:  95%|█████████▌| 276/290 [00:00<00:00, 1791.45it/s, Materializing param=model.layers.22.self_attn.v_proj.bias]
  [3s] Loading weights:  96%|█████████▌| 277/290 [00:00<00:00, 1791.45it/s, Materializing param=model.layers.22.self_attn.v_proj.weight]
  [3s] Loading weights:  96%|█████████▌| 277/290 [00:00<00:00, 1791.45it/s, Materializing param=model.layers.22.self_attn.v_proj.weight]
  [3s] Loading weights:  96%|█████████▌| 278/290 [00:00<00:00, 1791.45it/s, Materializing param=model.layers.23.input_layernorm.weight] 
  [3s] Loading weights:  96%|█████████▌| 278/290 [00:00<00:00, 1791.45it/s, Materializing param=model.layers.23.input_layernorm.weight]
  [3s] Loading weights:  96%|█████████▌| 279/290 [00:00<00:00, 1791.45it/s, Materializing param=model.layers.23.mlp.down_proj.weight]  
  [3s] Loading weights:  96%|█████████▌| 279/290 [00:00<00:00, 1791.45it/s, Materializing param=model.layers.23.mlp.down_proj.weight]
  [3s] Loading weights:  97%|█████████▋| 280/290 [00:00<00:00, 1791.45it/s, Materializing param=model.layers.23.mlp.gate_proj.weight]
  [3s] Loading weights:  97%|█████████▋| 280/290 [00:00<00:00, 1791.45it/s, Materializing param=model.layers.23.mlp.gate_proj.weight]
  [3s] Loading weights:  97%|█████████▋| 281/290 [00:00<00:00, 1791.45it/s, Materializing param=model.layers.23.mlp.up_proj.weight]  
  [3s] Loading weights:  97%|█████████▋| 281/290 [00:00<00:00, 1791.45it/s, Materializing param=model.layers.23.mlp.up_proj.weight]
  [3s] Loading weights:  97%|█████████▋| 282/290 [00:00<00:00, 1791.45it/s, Materializing param=model.layers.23.post_attention_layernorm.weight]
  [3s] Loading weights:  97%|█████████▋| 282/290 [00:00<00:00, 1791.45it/s, Materializing param=model.layers.23.post_attention_layernorm.weight]
  [3s] Loading weights:  98%|█████████▊| 283/290 [00:00<00:00, 1791.45it/s, Materializing param=model.layers.23.self_attn.k_proj.bias]          
  [3s] Loading weights:  98%|█████████▊| 283/290 [00:00<00:00, 1791.45it/s, Materializing param=model.layers.23.self_attn.k_proj.bias]
  [3s] Loading weights:  98%|█████████▊| 284/290 [00:00<00:00, 1791.45it/s, Materializing param=model.layers.23.self_attn.k_proj.weight]
  [3s] Loading weights:  98%|█████████▊| 284/290 [00:00<00:00, 1791.45it/s, Materializing param=model.layers.23.self_attn.k_proj.weight]
  [3s] Loading weights:  98%|█████████▊| 285/290 [00:00<00:00, 1791.45it/s, Materializing param=model.layers.23.self_attn.o_proj.weight]
  [3s] Loading weights:  98%|█████████▊| 285/290 [00:00<00:00, 1791.45it/s, Materializing param=model.layers.23.self_attn.o_proj.weight]
  [3s] Loading weights:  99%|█████████▊| 286/290 [00:00<00:00, 1791.45it/s, Materializing param=model.layers.23.self_attn.q_proj.bias]  
  [3s] Loading weights:  99%|█████████▊| 286/290 [00:00<00:00, 1791.45it/s, Materializing param=model.layers.23.self_attn.q_proj.bias]
  [3s] Loading weights:  99%|█████████▉| 287/290 [00:00<00:00, 1791.45it/s, Materializing param=model.layers.23.self_attn.q_proj.weight]
  [3s] Loading weights:  99%|█████████▉| 287/290 [00:00<00:00, 1791.45it/s, Materializing param=model.layers.23.self_attn.q_proj.weight]
  [3s] Loading weights:  99%|█████████▉| 288/290 [00:00<00:00, 1791.45it/s, Materializing param=model.layers.23.self_attn.v_proj.bias]  
  [3s] Loading weights:  99%|█████████▉| 288/290 [00:00<00:00, 1791.45it/s, Materializing param=model.layers.23.self_attn.v_proj.bias]
  [3s] Loading weights: 100%|█████████▉| 289/290 [00:00<00:00, 1791.45it/s, Materializing param=model.layers.23.self_attn.v_proj.weight]
  [3s] Loading weights: 100%|█████████▉| 289/290 [00:00<00:00, 1791.45it/s, Materializing param=model.layers.23.self_attn.v_proj.weight]
  [3s] Loading weights: 100%|██████████| 290/290 [00:00<00:00, 1791.45it/s, Materializing param=model.norm.weight]                      
  [3s] Loading weights: 100%|██████████| 290/290 [00:00<00:00, 1791.45it/s, Materializing param=model.norm.weight]
  [3s] Loading weights: 100%|██████████| 290/290 [00:00<00:00, 1875.96it/s, Materializing param=model.norm.weight]
  [4s] 
  [6s] Writing model shards:   0%|          | 0/1 [00:00<?, ?it/s]
  [6s] Writing model shards: 100%|██████████| 1/1 [00:01<00:00,  1.71s/it]
  [6s] Writing model shards: 100%|██████████| 1/1 [00:01<00:00,  1.71s/it]
  [9s] [?2026h[?25l[1G⠙ [K[?25h[?2026l[?25l[?2026h[?25l[1G[K[?25h[?2026l[2K[1G[?25hdeleted 'bola-analyzer'
  [11s] [?2026h[?25l[1Ggathering model components ⠋ [K[?25h[?2026l[?2026h[?25l[1Ggathering model components ⠙ [K[?25h[?2026l[?2026h[?25l[1Ggathering model components ⠹ [K[?25h[?2026l[?2026h[?25l[1Ggathering model components ⠸ [K[?25h[?2026l[?2026h[?25l[1Ggathering model components ⠼ [K[?25h[?2026l[?2026h[?25l[1Ggathering model components ⠴ [K[?25h[?2026l[?2026h[?25l[1Ggathering model components ⠦ [K[?25h[?2026l[?2026h[?25l[1Ggathering model components ⠧ [K[?25h[?2026l[?2026h[?25l[1Ggathering model components ⠇ [K[?25h[?2026l[?2026h[?25l[1Ggathering model components ⠏ [K[?25h[?2026l[?2026h[?25l[1Ggathering model components ⠋ [K[?25h[?2026l[?2026h[?25l[1Ggathering model components ⠙ [K[?25h[?2026l[?2026h[?25l[1Ggathering model components [K
  [11s] copying file sha256:855e8df721ac1509352936aa7cf6afda5ea248dd18660ac027ee553ea7a1fd19 2% ⠋ [K
  [11s] copying file sha256:ff075094bac54dcd28820983fc7d8b80812983af5aa7cc12fa80d7388ffe4d66 100% [K
  [11s] copying file sha256:423948d48cf1eeaed92cd7bc2aa4675dea7a8b520d2379f42e92de055e0170ff 100% [K
  [11s] copying file sha256:3fd169731d2cbde95e10bf356d66d5997fd885dd8dbb6fb4684da3f23b2585d8 100% [K
  [11s] copying file sha256:87d16279353acf193291b411a4d6b098a457491f1a46508ba52188eb9297b967 100% [K[?25h[?2026l[?2026h[?25l[A[A[A[A[A[1Ggathering model components [K
  [11s] copying file sha256:855e8df721ac1509352936aa7cf6afda5ea248dd18660ac027ee553ea7a1fd19 4% ⠙ [K
  [11s] copying file sha256:ff075094bac54dcd28820983fc7d8b80812983af5aa7cc12fa80d7388ffe4d66 100% [K
  [11s] copying file sha256:423948d48cf1eeaed92cd7bc2aa4675dea7a8b520d2379f42e92de055e0170ff 100% [K
  [11s] copying file sha256:3fd169731d2cbde95e10bf356d66d5997fd885dd8dbb6fb4684da3f23b2585d8 100% [K
  [11s] copying file sha256:87d16279353acf193291b411a4d6b098a457491f1a46508ba52188eb9297b967 100% [K[?25h[?2026l[?2026h[?25l[A[A[A[A[A[1Ggathering model components [K
  [11s] copying file sha256:855e8df721ac1509352936aa7cf6afda5ea248dd18660ac027ee553ea7a1fd19 10% ⠹ [K
  [11s] copying file sha256:ff075094bac54dcd28820983fc7d8b80812983af5aa7cc12fa80d7388ffe4d66 100% [K
  [11s] copying file sha256:423948d48cf1eeaed92cd7bc2aa4675dea7a8b520d2379f42e92de055e0170ff 100% [K
  [11s] copying file sha256:3fd169731d2cbde95e10bf356d66d5997fd885dd8dbb6fb4684da3f23b2585d8 100% [K
  [11s] copying file sha256:87d16279353acf193291b411a4d6b098a457491f1a46508ba52188eb9297b967 100% [K[?25h[?2026l[?2026h[?25l[A[A[A[A[A[1Ggathering model components [K
  [11s] copying file sha256:855e8df721ac1509352936aa7cf6afda5ea248dd18660ac027ee553ea7a1fd19 15% ⠸ [K
  [11s] copying file sha256:ff075094bac54dcd28820983fc7d8b80812983af5aa7cc12fa80d7388ffe4d66 100% [K
  [11s] copying file sha256:423948d48cf1eeaed92cd7bc2aa4675dea7a8b520d2379f42e92de055e0170ff 100% [K
  [11s] copying file sha256:3fd169731d2cbde95e10bf356d66d5997fd885dd8dbb6fb4684da3f23b2585d8 100% [K
  [11s] copying file sha256:87d16279353acf193291b411a4d6b098a457491f1a46508ba52188eb9297b967 100% [K[?25h[?2026l[?2026h[?25l[A[A[A[A[A[1Ggathering model components [K
  [11s] copying file sha256:855e8df721ac1509352936aa7cf6afda5ea248dd18660ac027ee553ea7a1fd19 18% ⠼ [K
  [11s] copying file sha256:ff075094bac54dcd28820983fc7d8b80812983af5aa7cc12fa80d7388ffe4d66 100% [K
  [11s] copying file sha256:423948d48cf1eeaed92cd7bc2aa4675dea7a8b520d2379f42e92de055e0170ff 100% [K
  [11s] copying file sha256:3fd169731d2cbde95e10bf356d66d5997fd885dd8dbb6fb4684da3f23b2585d8 100% [K
  [11s] copying file sha256:87d16279353acf193291b411a4d6b098a457491f1a46508ba52188eb9297b967 100% [K[?25h[?2026l[?2026h[?25l[A[A[A[A[A[1Ggathering model components [K
  [11s] copying file sha256:855e8df721ac1509352936aa7cf6afda5ea248dd18660ac027ee553ea7a1fd19 24% ⠴ [K
  [11s] copying file sha256:ff075094bac54dcd28820983fc7d8b80812983af5aa7cc12fa80d7388ffe4d66 100% [K
  [11s] copying file sha256:423948d48cf1eeaed92cd7bc2aa4675dea7a8b520d2379f42e92de055e0170ff 100% [K
  [11s] copying file sha256:3fd169731d2cbde95e10bf356d66d5997fd885dd8dbb6fb4684da3f23b2585d8 100% [K
  [11s] copying file sha256:87d16279353acf193291b411a4d6b098a457491f1a46508ba52188eb9297b967 100% [K[?25h[?2026l[?2026h[?25l[A[A[A[A[A[1Ggathering model components [K
  [11s] copying file sha256:855e8df721ac1509352936aa7cf6afda5ea248dd18660ac027ee553ea7a1fd19 29% ⠦ [K
  [11s] copying file sha256:ff075094bac54dcd28820983fc7d8b80812983af5aa7cc12fa80d7388ffe4d66 100% [K
  [11s] copying file sha256:423948d48cf1eeaed92cd7bc2aa4675dea7a8b520d2379f42e92de055e0170ff 100% [K
  [11s] copying file sha256:3fd169731d2cbde95e10bf356d66d5997fd885dd8dbb6fb4684da3f23b2585d8 100% [K
  [11s] copying file sha256:87d16279353acf193291b411a4d6b098a457491f1a46508ba52188eb9297b967 100% [K[?25h[?2026l[?2026h[?25l[A[A[A[A[A[1Ggathering model components [K
  [11s] copying file sha256:855e8df721ac1509352936aa7cf6afda5ea248dd18660ac027ee553ea7a1fd19 31% ⠧ [K
  [11s] copying file sha256:ff075094bac54dcd28820983fc7d8b80812983af5aa7cc12fa80d7388ffe4d66 100% [K
  [11s] copying file sha256:423948d48cf1eeaed92cd7bc2aa4675dea7a8b520d2379f42e92de055e0170ff 100% [K
  [11s] copying file sha256:3fd169731d2cbde95e10bf356d66d5997fd885dd8dbb6fb4684da3f23b2585d8 100% [K
  [11s] copying file sha256:87d16279353acf193291b411a4d6b098a457491f1a46508ba52188eb9297b967 100% [K[?25h[?2026l[?2026h[?25l[A[A[A[A[A[1Ggathering model components [K
  [11s] copying file sha256:855e8df721ac1509352936aa7cf6afda5ea248dd18660ac027ee553ea7a1fd19 36% ⠇ [K
  [11s] copying file sha256:ff075094bac54dcd28820983fc7d8b80812983af5aa7cc12fa80d7388ffe4d66 100% [K
  [11s] copying file sha256:423948d48cf1eeaed92cd7bc2aa4675dea7a8b520d2379f42e92de055e0170ff 100% [K
  [11s] copying file sha256:3fd169731d2cbde95e10bf356d66d5997fd885dd8dbb6fb4684da3f23b2585d8 100% [K
  [12s] copying file sha256:87d16279353acf193291b411a4d6b098a457491f1a46508ba52188eb9297b967 100% [K[?25h[?2026l[?2026h[?25l[A[A[A[A[A[1Ggathering model components [K
  [12s] copying file sha256:855e8df721ac1509352936aa7cf6afda5ea248dd18660ac027ee553ea7a1fd19 40% ⠏ [K
  [12s] copying file sha256:ff075094bac54dcd28820983fc7d8b80812983af5aa7cc12fa80d7388ffe4d66 100% [K
  [12s] copying file sha256:423948d48cf1eeaed92cd7bc2aa4675dea7a8b520d2379f42e92de055e0170ff 100% [K
  [12s] copying file sha256:3fd169731d2cbde95e10bf356d66d5997fd885dd8dbb6fb4684da3f23b2585d8 100% [K
  [12s] copying file sha256:87d16279353acf193291b411a4d6b098a457491f1a46508ba52188eb9297b967 100% [K[?25h[?2026l[?2026h[?25l[A[A[A[A[A[1Ggathering model components [K
  [12s] copying file sha256:855e8df721ac1509352936aa7cf6afda5ea248dd18660ac027ee553ea7a1fd19 42% ⠋ [K
  [12s] copying file sha256:ff075094bac54dcd28820983fc7d8b80812983af5aa7cc12fa80d7388ffe4d66 100% [K
  [12s] copying file sha256:423948d48cf1eeaed92cd7bc2aa4675dea7a8b520d2379f42e92de055e0170ff 100% [K
  [12s] copying file sha256:3fd169731d2cbde95e10bf356d66d5997fd885dd8dbb6fb4684da3f23b2585d8 100% [K
  [12s] copying file sha256:87d16279353acf193291b411a4d6b098a457491f1a46508ba52188eb9297b967 100% [K[?25h[?2026l[?2026h[?25l[A[A[A[A[A[1Ggathering model components [K
  [12s] copying file sha256:855e8df721ac1509352936aa7cf6afda5ea248dd18660ac027ee553ea7a1fd19 46% ⠙ [K
  [12s] copying file sha256:ff075094bac54dcd28820983fc7d8b80812983af5aa7cc12fa80d7388ffe4d66 100% [K
  [12s] copying file sha256:423948d48cf1eeaed92cd7bc2aa4675dea7a8b520d2379f42e92de055e0170ff 100% [K
  [12s] copying file sha256:3fd169731d2cbde95e10bf356d66d5997fd885dd8dbb6fb4684da3f23b2585d8 100% [K
  [12s] copying file sha256:87d16279353acf193291b411a4d6b098a457491f1a46508ba52188eb9297b967 100% [K[?25h[?2026l[?2026h[?25l[A[A[A[A[A[1Ggathering model components [K
  [12s] copying file sha256:855e8df721ac1509352936aa7cf6afda5ea248dd18660ac027ee553ea7a1fd19 51% ⠹ [K
  [12s] copying file sha256:ff075094bac54dcd28820983fc7d8b80812983af5aa7cc12fa80d7388ffe4d66 100% [K
  [12s] copying file sha256:423948d48cf1eeaed92cd7bc2aa4675dea7a8b520d2379f42e92de055e0170ff 100% [K
  [12s] copying file sha256:3fd169731d2cbde95e10bf356d66d5997fd885dd8dbb6fb4684da3f23b2585d8 100% [K
  [12s] copying file sha256:87d16279353acf193291b411a4d6b098a457491f1a46508ba52188eb9297b967 100% [K[?25h[?2026l[?2026h[?25l[A[A[A[A[A[1Ggathering model components [K
  [12s] copying file sha256:855e8df721ac1509352936aa7cf6afda5ea248dd18660ac027ee553ea7a1fd19 54% ⠸ [K
  [12s] copying file sha256:ff075094bac54dcd28820983fc7d8b80812983af5aa7cc12fa80d7388ffe4d66 100% [K
  [12s] copying file sha256:423948d48cf1eeaed92cd7bc2aa4675dea7a8b520d2379f42e92de055e0170ff 100% [K
  [12s] copying file sha256:3fd169731d2cbde95e10bf356d66d5997fd885dd8dbb6fb4684da3f23b2585d8 100% [K
  [12s] copying file sha256:87d16279353acf193291b411a4d6b098a457491f1a46508ba52188eb9297b967 100% [K[?25h[?2026l[?2026h[?25l[A[A[A[A[A[1Ggathering model components [K
  [12s] copying file sha256:855e8df721ac1509352936aa7cf6afda5ea248dd18660ac027ee553ea7a1fd19 59% ⠼ [K
  [12s] copying file sha256:ff075094bac54dcd28820983fc7d8b80812983af5aa7cc12fa80d7388ffe4d66 100% [K
  [12s] copying file sha256:423948d48cf1eeaed92cd7bc2aa4675dea7a8b520d2379f42e92de055e0170ff 100% [K
  [12s] copying file sha256:3fd169731d2cbde95e10bf356d66d5997fd885dd8dbb6fb4684da3f23b2585d8 100% [K
  [12s] copying file sha256:87d16279353acf193291b411a4d6b098a457491f1a46508ba52188eb9297b967 100% [K[?25h[?2026l[?2026h[?25l[A[A[A[A[A[1Ggathering model components [K
  [12s] copying file sha256:855e8df721ac1509352936aa7cf6afda5ea248dd18660ac027ee553ea7a1fd19 65% ⠴ [K
  [12s] copying file sha256:ff075094bac54dcd28820983fc7d8b80812983af5aa7cc12fa80d7388ffe4d66 100% [K
  [12s] copying file sha256:423948d48cf1eeaed92cd7bc2aa4675dea7a8b520d2379f42e92de055e0170ff 100% [K
  [12s] copying file sha256:3fd169731d2cbde95e10bf356d66d5997fd885dd8dbb6fb4684da3f23b2585d8 100% [K
  [12s] copying file sha256:87d16279353acf193291b411a4d6b098a457491f1a46508ba52188eb9297b967 100% [K[?25h[?2026l[?2026h[?25l[A[A[A[A[A[1Ggathering model components [K
  [12s] copying file sha256:855e8df721ac1509352936aa7cf6afda5ea248dd18660ac027ee553ea7a1fd19 68% ⠦ [K
  [12s] copying file sha256:ff075094bac54dcd28820983fc7d8b80812983af5aa7cc12fa80d7388ffe4d66 100% [K
  [12s] copying file sha256:423948d48cf1eeaed92cd7bc2aa4675dea7a8b520d2379f42e92de055e0170ff 100% [K
  [12s] copying file sha256:3fd169731d2cbde95e10bf356d66d5997fd885dd8dbb6fb4684da3f23b2585d8 100% [K
  [12s] copying file sha256:87d16279353acf193291b411a4d6b098a457491f1a46508ba52188eb9297b967 100% [K[?25h[?2026l[?2026h[?25l[A[A[A[A[A[1Ggathering model components [K
  [12s] copying file sha256:855e8df721ac1509352936aa7cf6afda5ea248dd18660ac027ee553ea7a1fd19 72% ⠧ [K
  [12s] copying file sha256:ff075094bac54dcd28820983fc7d8b80812983af5aa7cc12fa80d7388ffe4d66 100% [K
  [12s] copying file sha256:423948d48cf1eeaed92cd7bc2aa4675dea7a8b520d2379f42e92de055e0170ff 100% [K
  [12s] copying file sha256:3fd169731d2cbde95e10bf356d66d5997fd885dd8dbb6fb4684da3f23b2585d8 100% [K
  [12s] copying file sha256:87d16279353acf193291b411a4d6b098a457491f1a46508ba52188eb9297b967 100% [K[?25h[?2026l[?2026h[?25l[A[A[A[A[A[1Ggathering model components [K
  [12s] copying file sha256:855e8df721ac1509352936aa7cf6afda5ea248dd18660ac027ee553ea7a1fd19 78% ⠇ [K
  [12s] copying file sha256:ff075094bac54dcd28820983fc7d8b80812983af5aa7cc12fa80d7388ffe4d66 100% [K
  [12s] copying file sha256:423948d48cf1eeaed92cd7bc2aa4675dea7a8b520d2379f42e92de055e0170ff 100% [K
  [12s] copying file sha256:3fd169731d2cbde95e10bf356d66d5997fd885dd8dbb6fb4684da3f23b2585d8 100% [K
  [13s] copying file sha256:87d16279353acf193291b411a4d6b098a457491f1a46508ba52188eb9297b967 100% [K[?25h[?2026l[?2026h[?25l[A[A[A[A[A[1Ggathering model components [K
  [13s] copying file sha256:855e8df721ac1509352936aa7cf6afda5ea248dd18660ac027ee553ea7a1fd19 81% ⠏ [K
  [13s] copying file sha256:ff075094bac54dcd28820983fc7d8b80812983af5aa7cc12fa80d7388ffe4d66 100% [K
  [13s] copying file sha256:423948d48cf1eeaed92cd7bc2aa4675dea7a8b520d2379f42e92de055e0170ff 100% [K
  [13s] copying file sha256:3fd169731d2cbde95e10bf356d66d5997fd885dd8dbb6fb4684da3f23b2585d8 100% [K
  [13s] copying file sha256:87d16279353acf193291b411a4d6b098a457491f1a46508ba52188eb9297b967 100% [K[?25h[?2026l[?2026h[?25l[A[A[A[A[A[1Ggathering model components [K
  [13s] copying file sha256:855e8df721ac1509352936aa7cf6afda5ea248dd18660ac027ee553ea7a1fd19 86% ⠋ [K
  [13s] copying file sha256:ff075094bac54dcd28820983fc7d8b80812983af5aa7cc12fa80d7388ffe4d66 100% [K
  [13s] copying file sha256:423948d48cf1eeaed92cd7bc2aa4675dea7a8b520d2379f42e92de055e0170ff 100% [K
  [13s] copying file sha256:3fd169731d2cbde95e10bf356d66d5997fd885dd8dbb6fb4684da3f23b2585d8 100% [K
  [13s] copying file sha256:87d16279353acf193291b411a4d6b098a457491f1a46508ba52188eb9297b967 100% [K[?25h[?2026l[?2026h[?25l[A[A[A[A[A[1Ggathering model components [K
  [13s] copying file sha256:855e8df721ac1509352936aa7cf6afda5ea248dd18660ac027ee553ea7a1fd19 91% ⠙ [K
  [13s] copying file sha256:ff075094bac54dcd28820983fc7d8b80812983af5aa7cc12fa80d7388ffe4d66 100% [K
  [13s] copying file sha256:423948d48cf1eeaed92cd7bc2aa4675dea7a8b520d2379f42e92de055e0170ff 100% [K
  [13s] copying file sha256:3fd169731d2cbde95e10bf356d66d5997fd885dd8dbb6fb4684da3f23b2585d8 100% [K
  [13s] copying file sha256:87d16279353acf193291b411a4d6b098a457491f1a46508ba52188eb9297b967 100% [K[?25h[?2026l[?2026h[?25l[A[A[A[A[A[1Ggathering model components [K
  [13s] copying file sha256:855e8df721ac1509352936aa7cf6afda5ea248dd18660ac027ee553ea7a1fd19 94% ⠹ [K
  [13s] copying file sha256:ff075094bac54dcd28820983fc7d8b80812983af5aa7cc12fa80d7388ffe4d66 100% [K
  [13s] copying file sha256:423948d48cf1eeaed92cd7bc2aa4675dea7a8b520d2379f42e92de055e0170ff 100% [K
  [13s] copying file sha256:3fd169731d2cbde95e10bf356d66d5997fd885dd8dbb6fb4684da3f23b2585d8 100% [K
  [13s] copying file sha256:87d16279353acf193291b411a4d6b098a457491f1a46508ba52188eb9297b967 100% [K[?25h[?2026l[?2026h[?25l[A[A[A[A[A[1Ggathering model components [K
  [13s] copying file sha256:855e8df721ac1509352936aa7cf6afda5ea248dd18660ac027ee553ea7a1fd19 100% [K
  [13s] copying file sha256:ff075094bac54dcd28820983fc7d8b80812983af5aa7cc12fa80d7388ffe4d66 100% [K
  [13s] copying file sha256:423948d48cf1eeaed92cd7bc2aa4675dea7a8b520d2379f42e92de055e0170ff 100% [K
  [13s] copying file sha256:3fd169731d2cbde95e10bf356d66d5997fd885dd8dbb6fb4684da3f23b2585d8 100% [K
  [13s] copying file sha256:87d16279353acf193291b411a4d6b098a457491f1a46508ba52188eb9297b967 100% [K
  [13s] converting model ⠋ [K[?25h[?2026l[?2026h[?25l[A[A[A[A[A[A[1Ggathering model components [K
  [13s] copying file sha256:855e8df721ac1509352936aa7cf6afda5ea248dd18660ac027ee553ea7a1fd19 100% [K
  [13s] copying file sha256:ff075094bac54dcd28820983fc7d8b80812983af5aa7cc12fa80d7388ffe4d66 100% [K
  [13s] copying file sha256:423948d48cf1eeaed92cd7bc2aa4675dea7a8b520d2379f42e92de055e0170ff 100% [K
  [13s] copying file sha256:3fd169731d2cbde95e10bf356d66d5997fd885dd8dbb6fb4684da3f23b2585d8 100% [K
  [13s] copying file sha256:87d16279353acf193291b411a4d6b098a457491f1a46508ba52188eb9297b967 100% [K
  [13s] converting model ⠙ [K[?25h[?2026l[?2026h[?25l[A[A[A[A[A[A[1Ggathering model components [K
  [13s] copying file sha256:855e8df721ac1509352936aa7cf6afda5ea248dd18660ac027ee553ea7a1fd19 100% [K
  [13s] copying file sha256:ff075094bac54dcd28820983fc7d8b80812983af5aa7cc12fa80d7388ffe4d66 100% [K
  [13s] copying file sha256:423948d48cf1eeaed92cd7bc2aa4675dea7a8b520d2379f42e92de055e0170ff 100% [K
  [13s] copying file sha256:3fd169731d2cbde95e10bf356d66d5997fd885dd8dbb6fb4684da3f23b2585d8 100% [K
  [13s] copying file sha256:87d16279353acf193291b411a4d6b098a457491f1a46508ba52188eb9297b967 100% [K
  [13s] converting model ⠹ [K[?25h[?2026l[?2026h[?25l[A[A[A[A[A[A[1Ggathering model components [K
  [13s] copying file sha256:855e8df721ac1509352936aa7cf6afda5ea248dd18660ac027ee553ea7a1fd19 100% [K
  [13s] copying file sha256:ff075094bac54dcd28820983fc7d8b80812983af5aa7cc12fa80d7388ffe4d66 100% [K
  [13s] copying file sha256:423948d48cf1eeaed92cd7bc2aa4675dea7a8b520d2379f42e92de055e0170ff 100% [K
  [13s] copying file sha256:3fd169731d2cbde95e10bf356d66d5997fd885dd8dbb6fb4684da3f23b2585d8 100% [K
  [13s] copying file sha256:87d16279353acf193291b411a4d6b098a457491f1a46508ba52188eb9297b967 100% [K
  [13s] converting model ⠸ [K[?25h[?2026l[?2026h[?25l[A[A[A[A[A[A[1Ggathering model components [K
  [13s] copying file sha256:855e8df721ac1509352936aa7cf6afda5ea248dd18660ac027ee553ea7a1fd19 100% [K
  [13s] copying file sha256:ff075094bac54dcd28820983fc7d8b80812983af5aa7cc12fa80d7388ffe4d66 100% [K
  [13s] copying file sha256:423948d48cf1eeaed92cd7bc2aa4675dea7a8b520d2379f42e92de055e0170ff 100% [K
  [13s] copying file sha256:3fd169731d2cbde95e10bf356d66d5997fd885dd8dbb6fb4684da3f23b2585d8 100% [K
  [13s] copying file sha256:87d16279353acf193291b411a4d6b098a457491f1a46508ba52188eb9297b967 100% [K
  [13s] converting model ⠼ [K[?25h[?2026l[?2026h[?25l[A[A[A[A[A[A[1Ggathering model components [K
  [13s] copying file sha256:855e8df721ac1509352936aa7cf6afda5ea248dd18660ac027ee553ea7a1fd19 100% [K
  [13s] copying file sha256:ff075094bac54dcd28820983fc7d8b80812983af5aa7cc12fa80d7388ffe4d66 100% [K
  [13s] copying file sha256:423948d48cf1eeaed92cd7bc2aa4675dea7a8b520d2379f42e92de055e0170ff 100% [K
  [13s] copying file sha256:3fd169731d2cbde95e10bf356d66d5997fd885dd8dbb6fb4684da3f23b2585d8 100% [K
  [13s] copying file sha256:87d16279353acf193291b411a4d6b098a457491f1a46508ba52188eb9297b967 100% [K
  [14s] converting model ⠴ [K[?25h[?2026l[?2026h[?25l[A[A[A[A[A[A[1Ggathering model components [K
  [14s] copying file sha256:855e8df721ac1509352936aa7cf6afda5ea248dd18660ac027ee553ea7a1fd19 100% [K
  [14s] copying file sha256:ff075094bac54dcd28820983fc7d8b80812983af5aa7cc12fa80d7388ffe4d66 100% [K
  [14s] copying file sha256:423948d48cf1eeaed92cd7bc2aa4675dea7a8b520d2379f42e92de055e0170ff 100% [K
  [14s] copying file sha256:3fd169731d2cbde95e10bf356d66d5997fd885dd8dbb6fb4684da3f23b2585d8 100% [K
  [14s] copying file sha256:87d16279353acf193291b411a4d6b098a457491f1a46508ba52188eb9297b967 100% [K
  [14s] converting model ⠦ [K[?25h[?2026l[?2026h[?25l[A[A[A[A[A[A[1Ggathering model components [K
  [14s] copying file sha256:855e8df721ac1509352936aa7cf6afda5ea248dd18660ac027ee553ea7a1fd19 100% [K
  [14s] copying file sha256:ff075094bac54dcd28820983fc7d8b80812983af5aa7cc12fa80d7388ffe4d66 100% [K
  [14s] copying file sha256:423948d48cf1eeaed92cd7bc2aa4675dea7a8b520d2379f42e92de055e0170ff 100% [K
  [14s] copying file sha256:3fd169731d2cbde95e10bf356d66d5997fd885dd8dbb6fb4684da3f23b2585d8 100% [K
  [14s] copying file sha256:87d16279353acf193291b411a4d6b098a457491f1a46508ba52188eb9297b967 100% [K
  [14s] converting model ⠧ [K[?25h[?2026l[?2026h[?25l[A[A[A[A[A[A[1Ggathering model components [K
  [14s] copying file sha256:855e8df721ac1509352936aa7cf6afda5ea248dd18660ac027ee553ea7a1fd19 100% [K
  [14s] copying file sha256:ff075094bac54dcd28820983fc7d8b80812983af5aa7cc12fa80d7388ffe4d66 100% [K
  [14s] copying file sha256:423948d48cf1eeaed92cd7bc2aa4675dea7a8b520d2379f42e92de055e0170ff 100% [K
  [14s] copying file sha256:3fd169731d2cbde95e10bf356d66d5997fd885dd8dbb6fb4684da3f23b2585d8 100% [K
  [14s] copying file sha256:87d16279353acf193291b411a4d6b098a457491f1a46508ba52188eb9297b967 100% [K
  [14s] converting model ⠇ [K[?25h[?2026l[?2026h[?25l[A[A[A[A[A[A[1Ggathering model components [K
  [14s] copying file sha256:855e8df721ac1509352936aa7cf6afda5ea248dd18660ac027ee553ea7a1fd19 100% [K
  [14s] copying file sha256:ff075094bac54dcd28820983fc7d8b80812983af5aa7cc12fa80d7388ffe4d66 100% [K
  [14s] copying file sha256:423948d48cf1eeaed92cd7bc2aa4675dea7a8b520d2379f42e92de055e0170ff 100% [K
  [14s] copying file sha256:3fd169731d2cbde95e10bf356d66d5997fd885dd8dbb6fb4684da3f23b2585d8 100% [K
  [14s] copying file sha256:87d16279353acf193291b411a4d6b098a457491f1a46508ba52188eb9297b967 100% [K
  [14s] converting model ⠏ [K[?25h[?2026l[?2026h[?25l[A[A[A[A[A[A[1Ggathering model components [K
  [14s] copying file sha256:855e8df721ac1509352936aa7cf6afda5ea248dd18660ac027ee553ea7a1fd19 100% [K
  [14s] copying file sha256:ff075094bac54dcd28820983fc7d8b80812983af5aa7cc12fa80d7388ffe4d66 100% [K
  [14s] copying file sha256:423948d48cf1eeaed92cd7bc2aa4675dea7a8b520d2379f42e92de055e0170ff 100% [K
  [14s] copying file sha256:3fd169731d2cbde95e10bf356d66d5997fd885dd8dbb6fb4684da3f23b2585d8 100% [K
  [14s] copying file sha256:87d16279353acf193291b411a4d6b098a457491f1a46508ba52188eb9297b967 100% [K
  [14s] converting model ⠋ [K[?25h[?2026l[?2026h[?25l[A[A[A[A[A[A[1Ggathering model components [K
  [14s] copying file sha256:855e8df721ac1509352936aa7cf6afda5ea248dd18660ac027ee553ea7a1fd19 100% [K
  [14s] copying file sha256:ff075094bac54dcd28820983fc7d8b80812983af5aa7cc12fa80d7388ffe4d66 100% [K
  [14s] copying file sha256:423948d48cf1eeaed92cd7bc2aa4675dea7a8b520d2379f42e92de055e0170ff 100% [K
  [14s] copying file sha256:3fd169731d2cbde95e10bf356d66d5997fd885dd8dbb6fb4684da3f23b2585d8 100% [K
  [14s] copying file sha256:87d16279353acf193291b411a4d6b098a457491f1a46508ba52188eb9297b967 100% [K
  [14s] converting model ⠙ [K[?25h[?2026l[?2026h[?25l[A[A[A[A[A[A[1Ggathering model components [K
  [14s] copying file sha256:855e8df721ac1509352936aa7cf6afda5ea248dd18660ac027ee553ea7a1fd19 100% [K
  [14s] copying file sha256:ff075094bac54dcd28820983fc7d8b80812983af5aa7cc12fa80d7388ffe4d66 100% [K
  [14s] copying file sha256:423948d48cf1eeaed92cd7bc2aa4675dea7a8b520d2379f42e92de055e0170ff 100% [K
  [14s] copying file sha256:3fd169731d2cbde95e10bf356d66d5997fd885dd8dbb6fb4684da3f23b2585d8 100% [K
  [14s] copying file sha256:87d16279353acf193291b411a4d6b098a457491f1a46508ba52188eb9297b967 100% [K
  [14s] converting model ⠹ [K[?25h[?2026l[?2026h[?25l[A[A[A[A[A[A[1Ggathering model components [K
  [14s] copying file sha256:855e8df721ac1509352936aa7cf6afda5ea248dd18660ac027ee553ea7a1fd19 100% [K
  [14s] copying file sha256:ff075094bac54dcd28820983fc7d8b80812983af5aa7cc12fa80d7388ffe4d66 100% [K
  [14s] copying file sha256:423948d48cf1eeaed92cd7bc2aa4675dea7a8b520d2379f42e92de055e0170ff 100% [K
  [14s] copying file sha256:3fd169731d2cbde95e10bf356d66d5997fd885dd8dbb6fb4684da3f23b2585d8 100% [K
  [14s] copying file sha256:87d16279353acf193291b411a4d6b098a457491f1a46508ba52188eb9297b967 100% [K
  [14s] converting model ⠸ [K[?25h[?2026l[?2026h[?25l[A[A[A[A[A[A[1Ggathering model components [K
  [14s] copying file sha256:855e8df721ac1509352936aa7cf6afda5ea248dd18660ac027ee553ea7a1fd19 100% [K
  [14s] copying file sha256:ff075094bac54dcd28820983fc7d8b80812983af5aa7cc12fa80d7388ffe4d66 100% [K
  [14s] copying file sha256:423948d48cf1eeaed92cd7bc2aa4675dea7a8b520d2379f42e92de055e0170ff 100% [K
  [14s] copying file sha256:3fd169731d2cbde95e10bf356d66d5997fd885dd8dbb6fb4684da3f23b2585d8 100% [K
  [14s] copying file sha256:87d16279353acf193291b411a4d6b098a457491f1a46508ba52188eb9297b967 100% [K
  [14s] converting model ⠼ [K[?25h[?2026l[?2026h[?25l[A[A[A[A[A[A[1Ggathering model components [K
  [14s] copying file sha256:855e8df721ac1509352936aa7cf6afda5ea248dd18660ac027ee553ea7a1fd19 100% [K
  [14s] copying file sha256:ff075094bac54dcd28820983fc7d8b80812983af5aa7cc12fa80d7388ffe4d66 100% [K
  [14s] copying file sha256:423948d48cf1eeaed92cd7bc2aa4675dea7a8b520d2379f42e92de055e0170ff 100% [K
  [14s] copying file sha256:3fd169731d2cbde95e10bf356d66d5997fd885dd8dbb6fb4684da3f23b2585d8 100% [K
  [14s] copying file sha256:87d16279353acf193291b411a4d6b098a457491f1a46508ba52188eb9297b967 100% [K
  [15s] converting model ⠴ [K[?25h[?2026l[?2026h[?25l[A[A[A[A[A[A[1Ggathering model components [K
  [15s] copying file sha256:855e8df721ac1509352936aa7cf6afda5ea248dd18660ac027ee553ea7a1fd19 100% [K
  [15s] copying file sha256:ff075094bac54dcd28820983fc7d8b80812983af5aa7cc12fa80d7388ffe4d66 100% [K
  [15s] copying file sha256:423948d48cf1eeaed92cd7bc2aa4675dea7a8b520d2379f42e92de055e0170ff 100% [K
  [15s] copying file sha256:3fd169731d2cbde95e10bf356d66d5997fd885dd8dbb6fb4684da3f23b2585d8 100% [K
  [15s] copying file sha256:87d16279353acf193291b411a4d6b098a457491f1a46508ba52188eb9297b967 100% [K
  [15s] converting model ⠦ [K[?25h[?2026l[?2026h[?25l[A[A[A[A[A[A[1Ggathering model components [K
  [15s] copying file sha256:855e8df721ac1509352936aa7cf6afda5ea248dd18660ac027ee553ea7a1fd19 100% [K
  [15s] copying file sha256:ff075094bac54dcd28820983fc7d8b80812983af5aa7cc12fa80d7388ffe4d66 100% [K
  [15s] copying file sha256:423948d48cf1eeaed92cd7bc2aa4675dea7a8b520d2379f42e92de055e0170ff 100% [K
  [15s] copying file sha256:3fd169731d2cbde95e10bf356d66d5997fd885dd8dbb6fb4684da3f23b2585d8 100% [K
  [15s] copying file sha256:87d16279353acf193291b411a4d6b098a457491f1a46508ba52188eb9297b967 100% [K
  [15s] converting model ⠧ [K[?25h[?2026l[?2026h[?25l[A[A[A[A[A[A[1Ggathering model components [K
  [15s] copying file sha256:855e8df721ac1509352936aa7cf6afda5ea248dd18660ac027ee553ea7a1fd19 100% [K
  [15s] copying file sha256:ff075094bac54dcd28820983fc7d8b80812983af5aa7cc12fa80d7388ffe4d66 100% [K
  [15s] copying file sha256:423948d48cf1eeaed92cd7bc2aa4675dea7a8b520d2379f42e92de055e0170ff 100% [K
  [15s] copying file sha256:3fd169731d2cbde95e10bf356d66d5997fd885dd8dbb6fb4684da3f23b2585d8 100% [K
  [15s] copying file sha256:87d16279353acf193291b411a4d6b098a457491f1a46508ba52188eb9297b967 100% [K
  [15s] converting model ⠇ [K[?25h[?2026l[?2026h[?25l[A[A[A[A[A[A[1Ggathering model components [K
  [15s] copying file sha256:855e8df721ac1509352936aa7cf6afda5ea248dd18660ac027ee553ea7a1fd19 100% [K
  [15s] copying file sha256:ff075094bac54dcd28820983fc7d8b80812983af5aa7cc12fa80d7388ffe4d66 100% [K
  [15s] copying file sha256:423948d48cf1eeaed92cd7bc2aa4675dea7a8b520d2379f42e92de055e0170ff 100% [K
  [15s] copying file sha256:3fd169731d2cbde95e10bf356d66d5997fd885dd8dbb6fb4684da3f23b2585d8 100% [K
  [15s] copying file sha256:87d16279353acf193291b411a4d6b098a457491f1a46508ba52188eb9297b967 100% [K
  [15s] converting model ⠏ [K[?25h[?2026l[?2026h[?25l[A[A[A[A[A[A[1Ggathering model components [K
  [15s] copying file sha256:855e8df721ac1509352936aa7cf6afda5ea248dd18660ac027ee553ea7a1fd19 100% [K
  [15s] copying file sha256:ff075094bac54dcd28820983fc7d8b80812983af5aa7cc12fa80d7388ffe4d66 100% [K
  [15s] copying file sha256:423948d48cf1eeaed92cd7bc2aa4675dea7a8b520d2379f42e92de055e0170ff 100% [K
  [15s] copying file sha256:3fd169731d2cbde95e10bf356d66d5997fd885dd8dbb6fb4684da3f23b2585d8 100% [K
  [15s] copying file sha256:87d16279353acf193291b411a4d6b098a457491f1a46508ba52188eb9297b967 100% [K
  [15s] converting model ⠋ [K[?25h[?2026l[?2026h[?25l[A[A[A[A[A[A[1Ggathering model components [K
  [15s] copying file sha256:855e8df721ac1509352936aa7cf6afda5ea248dd18660ac027ee553ea7a1fd19 100% [K
  [15s] copying file sha256:ff075094bac54dcd28820983fc7d8b80812983af5aa7cc12fa80d7388ffe4d66 100% [K
  [15s] copying file sha256:423948d48cf1eeaed92cd7bc2aa4675dea7a8b520d2379f42e92de055e0170ff 100% [K
  [15s] copying file sha256:3fd169731d2cbde95e10bf356d66d5997fd885dd8dbb6fb4684da3f23b2585d8 100% [K
  [15s] copying file sha256:87d16279353acf193291b411a4d6b098a457491f1a46508ba52188eb9297b967 100% [K
  [15s] converting model ⠙ [K[?25h[?2026l[?2026h[?25l[A[A[A[A[A[A[1Ggathering model components [K
  [15s] copying file sha256:855e8df721ac1509352936aa7cf6afda5ea248dd18660ac027ee553ea7a1fd19 100% [K
  [15s] copying file sha256:ff075094bac54dcd28820983fc7d8b80812983af5aa7cc12fa80d7388ffe4d66 100% [K
  [15s] copying file sha256:423948d48cf1eeaed92cd7bc2aa4675dea7a8b520d2379f42e92de055e0170ff 100% [K
  [15s] copying file sha256:3fd169731d2cbde95e10bf356d66d5997fd885dd8dbb6fb4684da3f23b2585d8 100% [K
  [15s] copying file sha256:87d16279353acf193291b411a4d6b098a457491f1a46508ba52188eb9297b967 100% [K
  [15s] converting model ⠹ [K[?25h[?2026l[?2026h[?25l[A[A[A[A[A[A[1Ggathering model components [K
  [15s] copying file sha256:855e8df721ac1509352936aa7cf6afda5ea248dd18660ac027ee553ea7a1fd19 100% [K
  [15s] copying file sha256:ff075094bac54dcd28820983fc7d8b80812983af5aa7cc12fa80d7388ffe4d66 100% [K
  [15s] copying file sha256:423948d48cf1eeaed92cd7bc2aa4675dea7a8b520d2379f42e92de055e0170ff 100% [K
  [15s] copying file sha256:3fd169731d2cbde95e10bf356d66d5997fd885dd8dbb6fb4684da3f23b2585d8 100% [K
  [15s] copying file sha256:87d16279353acf193291b411a4d6b098a457491f1a46508ba52188eb9297b967 100% [K
  [15s] converting model ⠸ [K[?25h[?2026l[?2026h[?25l[A[A[A[A[A[A[1Ggathering model components [K
  [15s] copying file sha256:855e8df721ac1509352936aa7cf6afda5ea248dd18660ac027ee553ea7a1fd19 100% [K
  [15s] copying file sha256:ff075094bac54dcd28820983fc7d8b80812983af5aa7cc12fa80d7388ffe4d66 100% [K
  [15s] copying file sha256:423948d48cf1eeaed92cd7bc2aa4675dea7a8b520d2379f42e92de055e0170ff 100% [K
  [15s] copying file sha256:3fd169731d2cbde95e10bf356d66d5997fd885dd8dbb6fb4684da3f23b2585d8 100% [K
  [15s] copying file sha256:87d16279353acf193291b411a4d6b098a457491f1a46508ba52188eb9297b967 100% [K
  [15s] converting model ⠼ [K[?25h[?2026l[?2026h[?25l[A[A[A[A[A[A[1Ggathering model components [K
  [15s] copying file sha256:855e8df721ac1509352936aa7cf6afda5ea248dd18660ac027ee553ea7a1fd19 100% [K
  [15s] copying file sha256:ff075094bac54dcd28820983fc7d8b80812983af5aa7cc12fa80d7388ffe4d66 100% [K
  [15s] copying file sha256:423948d48cf1eeaed92cd7bc2aa4675dea7a8b520d2379f42e92de055e0170ff 100% [K
  [15s] copying file sha256:3fd169731d2cbde95e10bf356d66d5997fd885dd8dbb6fb4684da3f23b2585d8 100% [K
  [15s] copying file sha256:87d16279353acf193291b411a4d6b098a457491f1a46508ba52188eb9297b967 100% [K
  [16s] converting model ⠴ [K[?25h[?2026l[?2026h[?25l[A[A[A[A[A[A[1Ggathering model components [K
  [16s] copying file sha256:855e8df721ac1509352936aa7cf6afda5ea248dd18660ac027ee553ea7a1fd19 100% [K
  [16s] copying file sha256:ff075094bac54dcd28820983fc7d8b80812983af5aa7cc12fa80d7388ffe4d66 100% [K
  [16s] copying file sha256:423948d48cf1eeaed92cd7bc2aa4675dea7a8b520d2379f42e92de055e0170ff 100% [K
  [16s] copying file sha256:3fd169731d2cbde95e10bf356d66d5997fd885dd8dbb6fb4684da3f23b2585d8 100% [K
  [16s] copying file sha256:87d16279353acf193291b411a4d6b098a457491f1a46508ba52188eb9297b967 100% [K
  [16s] converting model ⠦ [K[?25h[?2026l[?2026h[?25l[A[A[A[A[A[A[1Ggathering model components [K
  [16s] copying file sha256:855e8df721ac1509352936aa7cf6afda5ea248dd18660ac027ee553ea7a1fd19 100% [K
  [16s] copying file sha256:ff075094bac54dcd28820983fc7d8b80812983af5aa7cc12fa80d7388ffe4d66 100% [K
  [16s] copying file sha256:423948d48cf1eeaed92cd7bc2aa4675dea7a8b520d2379f42e92de055e0170ff 100% [K
  [16s] copying file sha256:3fd169731d2cbde95e10bf356d66d5997fd885dd8dbb6fb4684da3f23b2585d8 100% [K
  [16s] copying file sha256:87d16279353acf193291b411a4d6b098a457491f1a46508ba52188eb9297b967 100% [K
  [16s] converting model ⠧ [K[?25h[?2026l[?2026h[?25l[A[A[A[A[A[A[1Ggathering model components [K
  [16s] copying file sha256:855e8df721ac1509352936aa7cf6afda5ea248dd18660ac027ee553ea7a1fd19 100% [K
  [16s] copying file sha256:ff075094bac54dcd28820983fc7d8b80812983af5aa7cc12fa80d7388ffe4d66 100% [K
  [16s] copying file sha256:423948d48cf1eeaed92cd7bc2aa4675dea7a8b520d2379f42e92de055e0170ff 100% [K
  [16s] copying file sha256:3fd169731d2cbde95e10bf356d66d5997fd885dd8dbb6fb4684da3f23b2585d8 100% [K
  [16s] copying file sha256:87d16279353acf193291b411a4d6b098a457491f1a46508ba52188eb9297b967 100% [K
  [16s] converting model ⠇ [K[?25h[?2026l[?2026h[?25l[A[A[A[A[A[A[1Ggathering model components [K
  [16s] copying file sha256:855e8df721ac1509352936aa7cf6afda5ea248dd18660ac027ee553ea7a1fd19 100% [K
  [16s] copying file sha256:ff075094bac54dcd28820983fc7d8b80812983af5aa7cc12fa80d7388ffe4d66 100% [K
  [16s] copying file sha256:423948d48cf1eeaed92cd7bc2aa4675dea7a8b520d2379f42e92de055e0170ff 100% [K
  [16s] copying file sha256:3fd169731d2cbde95e10bf356d66d5997fd885dd8dbb6fb4684da3f23b2585d8 100% [K
  [16s] copying file sha256:87d16279353acf193291b411a4d6b098a457491f1a46508ba52188eb9297b967 100% [K
  [16s] converting model ⠏ [K[?25h[?2026l[?2026h[?25l[A[A[A[A[A[A[1Ggathering model components [K
  [16s] copying file sha256:855e8df721ac1509352936aa7cf6afda5ea248dd18660ac027ee553ea7a1fd19 100% [K
  [16s] copying file sha256:ff075094bac54dcd28820983fc7d8b80812983af5aa7cc12fa80d7388ffe4d66 100% [K
  [16s] copying file sha256:423948d48cf1eeaed92cd7bc2aa4675dea7a8b520d2379f42e92de055e0170ff 100% [K
  [16s] copying file sha256:3fd169731d2cbde95e10bf356d66d5997fd885dd8dbb6fb4684da3f23b2585d8 100% [K
  [16s] copying file sha256:87d16279353acf193291b411a4d6b098a457491f1a46508ba52188eb9297b967 100% [K
  [16s] converting model ⠋ [K[?25h[?2026l[?2026h[?25l[A[A[A[A[A[A[1Ggathering model components [K
  [16s] copying file sha256:855e8df721ac1509352936aa7cf6afda5ea248dd18660ac027ee553ea7a1fd19 100% [K
  [16s] copying file sha256:ff075094bac54dcd28820983fc7d8b80812983af5aa7cc12fa80d7388ffe4d66 100% [K
  [16s] copying file sha256:423948d48cf1eeaed92cd7bc2aa4675dea7a8b520d2379f42e92de055e0170ff 100% [K
  [16s] copying file sha256:3fd169731d2cbde95e10bf356d66d5997fd885dd8dbb6fb4684da3f23b2585d8 100% [K
  [16s] copying file sha256:87d16279353acf193291b411a4d6b098a457491f1a46508ba52188eb9297b967 100% [K
  [16s] converting model ⠙ [K[?25h[?2026l[?2026h[?25l[A[A[A[A[A[A[1Ggathering model components [K
  [16s] copying file sha256:855e8df721ac1509352936aa7cf6afda5ea248dd18660ac027ee553ea7a1fd19 100% [K
  [16s] copying file sha256:ff075094bac54dcd28820983fc7d8b80812983af5aa7cc12fa80d7388ffe4d66 100% [K
  [16s] copying file sha256:423948d48cf1eeaed92cd7bc2aa4675dea7a8b520d2379f42e92de055e0170ff 100% [K
  [16s] copying file sha256:3fd169731d2cbde95e10bf356d66d5997fd885dd8dbb6fb4684da3f23b2585d8 100% [K
  [16s] copying file sha256:87d16279353acf193291b411a4d6b098a457491f1a46508ba52188eb9297b967 100% [K
  [16s] converting model ⠹ [K[?25h[?2026l[?2026h[?25l[A[A[A[A[A[A[1Ggathering model components [K
  [16s] copying file sha256:855e8df721ac1509352936aa7cf6afda5ea248dd18660ac027ee553ea7a1fd19 100% [K
  [16s] copying file sha256:ff075094bac54dcd28820983fc7d8b80812983af5aa7cc12fa80d7388ffe4d66 100% [K
  [16s] copying file sha256:423948d48cf1eeaed92cd7bc2aa4675dea7a8b520d2379f42e92de055e0170ff 100% [K
  [16s] copying file sha256:3fd169731d2cbde95e10bf356d66d5997fd885dd8dbb6fb4684da3f23b2585d8 100% [K
  [16s] copying file sha256:87d16279353acf193291b411a4d6b098a457491f1a46508ba52188eb9297b967 100% [K
  [16s] converting model ⠸ [K[?25h[?2026l[?2026h[?25l[A[A[A[A[A[A[1Ggathering model components [K
  [16s] copying file sha256:855e8df721ac1509352936aa7cf6afda5ea248dd18660ac027ee553ea7a1fd19 100% [K
  [16s] copying file sha256:ff075094bac54dcd28820983fc7d8b80812983af5aa7cc12fa80d7388ffe4d66 100% [K
  [16s] copying file sha256:423948d48cf1eeaed92cd7bc2aa4675dea7a8b520d2379f42e92de055e0170ff 100% [K
  [16s] copying file sha256:3fd169731d2cbde95e10bf356d66d5997fd885dd8dbb6fb4684da3f23b2585d8 100% [K
  [16s] copying file sha256:87d16279353acf193291b411a4d6b098a457491f1a46508ba52188eb9297b967 100% [K
  [16s] converting model ⠼ [K[?25h[?2026l[?2026h[?25l[A[A[A[A[A[A[1Ggathering model components [K
  [16s] copying file sha256:855e8df721ac1509352936aa7cf6afda5ea248dd18660ac027ee553ea7a1fd19 100% [K
  [16s] copying file sha256:ff075094bac54dcd28820983fc7d8b80812983af5aa7cc12fa80d7388ffe4d66 100% [K
  [16s] copying file sha256:423948d48cf1eeaed92cd7bc2aa4675dea7a8b520d2379f42e92de055e0170ff 100% [K
  [16s] copying file sha256:3fd169731d2cbde95e10bf356d66d5997fd885dd8dbb6fb4684da3f23b2585d8 100% [K
  [16s] copying file sha256:87d16279353acf193291b411a4d6b098a457491f1a46508ba52188eb9297b967 100% [K
  [17s] converting model ⠴ [K[?25h[?2026l[?2026h[?25l[A[A[A[A[A[A[1Ggathering model components [K
  [17s] copying file sha256:855e8df721ac1509352936aa7cf6afda5ea248dd18660ac027ee553ea7a1fd19 100% [K
  [17s] copying file sha256:ff075094bac54dcd28820983fc7d8b80812983af5aa7cc12fa80d7388ffe4d66 100% [K
  [17s] copying file sha256:423948d48cf1eeaed92cd7bc2aa4675dea7a8b520d2379f42e92de055e0170ff 100% [K
  [17s] copying file sha256:3fd169731d2cbde95e10bf356d66d5997fd885dd8dbb6fb4684da3f23b2585d8 100% [K
  [17s] copying file sha256:87d16279353acf193291b411a4d6b098a457491f1a46508ba52188eb9297b967 100% [K
  [17s] converting model ⠦ [K[?25h[?2026l[?2026h[?25l[A[A[A[A[A[A[1Ggathering model components [K
  [17s] copying file sha256:855e8df721ac1509352936aa7cf6afda5ea248dd18660ac027ee553ea7a1fd19 100% [K
  [17s] copying file sha256:ff075094bac54dcd28820983fc7d8b80812983af5aa7cc12fa80d7388ffe4d66 100% [K
  [17s] copying file sha256:423948d48cf1eeaed92cd7bc2aa4675dea7a8b520d2379f42e92de055e0170ff 100% [K
  [17s] copying file sha256:3fd169731d2cbde95e10bf356d66d5997fd885dd8dbb6fb4684da3f23b2585d8 100% [K
  [17s] copying file sha256:87d16279353acf193291b411a4d6b098a457491f1a46508ba52188eb9297b967 100% [K
  [17s] converting model ⠧ [K[?25h[?2026l[?2026h[?25l[A[A[A[A[A[A[1Ggathering model components [K
  [17s] copying file sha256:855e8df721ac1509352936aa7cf6afda5ea248dd18660ac027ee553ea7a1fd19 100% [K
  [17s] copying file sha256:ff075094bac54dcd28820983fc7d8b80812983af5aa7cc12fa80d7388ffe4d66 100% [K
  [17s] copying file sha256:423948d48cf1eeaed92cd7bc2aa4675dea7a8b520d2379f42e92de055e0170ff 100% [K
  [17s] copying file sha256:3fd169731d2cbde95e10bf356d66d5997fd885dd8dbb6fb4684da3f23b2585d8 100% [K
  [17s] copying file sha256:87d16279353acf193291b411a4d6b098a457491f1a46508ba52188eb9297b967 100% [K
  [17s] converting model ⠇ [K[?25h[?2026l[?2026h[?25l[A[A[A[A[A[A[1Ggathering model components [K
  [17s] copying file sha256:855e8df721ac1509352936aa7cf6afda5ea248dd18660ac027ee553ea7a1fd19 100% [K
  [17s] copying file sha256:ff075094bac54dcd28820983fc7d8b80812983af5aa7cc12fa80d7388ffe4d66 100% [K
  [17s] copying file sha256:423948d48cf1eeaed92cd7bc2aa4675dea7a8b520d2379f42e92de055e0170ff 100% [K
  [17s] copying file sha256:3fd169731d2cbde95e10bf356d66d5997fd885dd8dbb6fb4684da3f23b2585d8 100% [K
  [17s] copying file sha256:87d16279353acf193291b411a4d6b098a457491f1a46508ba52188eb9297b967 100% [K
  [17s] converting model ⠏ [K[?25h[?2026l[?2026h[?25l[A[A[A[A[A[A[1Ggathering model components [K
  [17s] copying file sha256:855e8df721ac1509352936aa7cf6afda5ea248dd18660ac027ee553ea7a1fd19 100% [K
  [17s] copying file sha256:ff075094bac54dcd28820983fc7d8b80812983af5aa7cc12fa80d7388ffe4d66 100% [K
  [17s] copying file sha256:423948d48cf1eeaed92cd7bc2aa4675dea7a8b520d2379f42e92de055e0170ff 100% [K
  [17s] copying file sha256:3fd169731d2cbde95e10bf356d66d5997fd885dd8dbb6fb4684da3f23b2585d8 100% [K
  [17s] copying file sha256:87d16279353acf193291b411a4d6b098a457491f1a46508ba52188eb9297b967 100% [K
  [17s] converting model ⠋ [K[?25h[?2026l[?2026h[?25l[A[A[A[A[A[A[1Ggathering model components [K
  [17s] copying file sha256:855e8df721ac1509352936aa7cf6afda5ea248dd18660ac027ee553ea7a1fd19 100% [K
  [17s] copying file sha256:ff075094bac54dcd28820983fc7d8b80812983af5aa7cc12fa80d7388ffe4d66 100% [K
  [17s] copying file sha256:423948d48cf1eeaed92cd7bc2aa4675dea7a8b520d2379f42e92de055e0170ff 100% [K
  [17s] copying file sha256:3fd169731d2cbde95e10bf356d66d5997fd885dd8dbb6fb4684da3f23b2585d8 100% [K
  [17s] copying file sha256:87d16279353acf193291b411a4d6b098a457491f1a46508ba52188eb9297b967 100% [K
  [17s] converting model ⠙ [K[?25h[?2026l[?2026h[?25l[A[A[A[A[A[A[1Ggathering model components [K
  [17s] copying file sha256:855e8df721ac1509352936aa7cf6afda5ea248dd18660ac027ee553ea7a1fd19 100% [K
  [17s] copying file sha256:ff075094bac54dcd28820983fc7d8b80812983af5aa7cc12fa80d7388ffe4d66 100% [K
  [17s] copying file sha256:423948d48cf1eeaed92cd7bc2aa4675dea7a8b520d2379f42e92de055e0170ff 100% [K
  [17s] copying file sha256:3fd169731d2cbde95e10bf356d66d5997fd885dd8dbb6fb4684da3f23b2585d8 100% [K
  [17s] copying file sha256:87d16279353acf193291b411a4d6b098a457491f1a46508ba52188eb9297b967 100% [K
  [17s] converting model ⠹ [K[?25h[?2026l[?2026h[?25l[A[A[A[A[A[A[1Ggathering model components [K
  [17s] copying file sha256:855e8df721ac1509352936aa7cf6afda5ea248dd18660ac027ee553ea7a1fd19 100% [K
  [17s] copying file sha256:ff075094bac54dcd28820983fc7d8b80812983af5aa7cc12fa80d7388ffe4d66 100% [K
  [17s] copying file sha256:423948d48cf1eeaed92cd7bc2aa4675dea7a8b520d2379f42e92de055e0170ff 100% [K
  [17s] copying file sha256:3fd169731d2cbde95e10bf356d66d5997fd885dd8dbb6fb4684da3f23b2585d8 100% [K
  [17s] copying file sha256:87d16279353acf193291b411a4d6b098a457491f1a46508ba52188eb9297b967 100% [K
  [17s] converting model ⠸ [K[?25h[?2026l[?2026h[?25l[A[A[A[A[A[A[1Ggathering model components [K
  [17s] copying file sha256:855e8df721ac1509352936aa7cf6afda5ea248dd18660ac027ee553ea7a1fd19 100% [K
  [17s] copying file sha256:ff075094bac54dcd28820983fc7d8b80812983af5aa7cc12fa80d7388ffe4d66 100% [K
  [17s] copying file sha256:423948d48cf1eeaed92cd7bc2aa4675dea7a8b520d2379f42e92de055e0170ff 100% [K
  [17s] copying file sha256:3fd169731d2cbde95e10bf356d66d5997fd885dd8dbb6fb4684da3f23b2585d8 100% [K
  [17s] copying file sha256:87d16279353acf193291b411a4d6b098a457491f1a46508ba52188eb9297b967 100% [K
  [17s] converting model ⠼ [K[?25h[?2026l[?2026h[?25l[A[A[A[A[A[A[1Ggathering model components [K
  [17s] copying file sha256:855e8df721ac1509352936aa7cf6afda5ea248dd18660ac027ee553ea7a1fd19 100% [K
  [17s] copying file sha256:ff075094bac54dcd28820983fc7d8b80812983af5aa7cc12fa80d7388ffe4d66 100% [K
  [17s] copying file sha256:423948d48cf1eeaed92cd7bc2aa4675dea7a8b520d2379f42e92de055e0170ff 100% [K
  [17s] copying file sha256:3fd169731d2cbde95e10bf356d66d5997fd885dd8dbb6fb4684da3f23b2585d8 100% [K
  [17s] copying file sha256:87d16279353acf193291b411a4d6b098a457491f1a46508ba52188eb9297b967 100% [K
  [18s] converting model ⠴ [K[?25h[?2026l[?2026h[?25l[A[A[A[A[A[A[1Ggathering model components [K
  [18s] copying file sha256:855e8df721ac1509352936aa7cf6afda5ea248dd18660ac027ee553ea7a1fd19 100% [K
  [18s] copying file sha256:ff075094bac54dcd28820983fc7d8b80812983af5aa7cc12fa80d7388ffe4d66 100% [K
  [18s] copying file sha256:423948d48cf1eeaed92cd7bc2aa4675dea7a8b520d2379f42e92de055e0170ff 100% [K
  [18s] copying file sha256:3fd169731d2cbde95e10bf356d66d5997fd885dd8dbb6fb4684da3f23b2585d8 100% [K
  [18s] copying file sha256:87d16279353acf193291b411a4d6b098a457491f1a46508ba52188eb9297b967 100% [K
  [18s] converting model ⠦ [K[?25h[?2026l[?2026h[?25l[A[A[A[A[A[A[1Ggathering model components [K
  [18s] copying file sha256:855e8df721ac1509352936aa7cf6afda5ea248dd18660ac027ee553ea7a1fd19 100% [K
  [18s] copying file sha256:ff075094bac54dcd28820983fc7d8b80812983af5aa7cc12fa80d7388ffe4d66 100% [K
  [18s] copying file sha256:423948d48cf1eeaed92cd7bc2aa4675dea7a8b520d2379f42e92de055e0170ff 100% [K
  [18s] copying file sha256:3fd169731d2cbde95e10bf356d66d5997fd885dd8dbb6fb4684da3f23b2585d8 100% [K
  [18s] copying file sha256:87d16279353acf193291b411a4d6b098a457491f1a46508ba52188eb9297b967 100% [K
  [18s] converting model ⠧ [K[?25h[?2026l[?2026h[?25l[A[A[A[A[A[A[1Ggathering model components [K
  [18s] copying file sha256:855e8df721ac1509352936aa7cf6afda5ea248dd18660ac027ee553ea7a1fd19 100% [K
  [18s] copying file sha256:ff075094bac54dcd28820983fc7d8b80812983af5aa7cc12fa80d7388ffe4d66 100% [K
  [18s] copying file sha256:423948d48cf1eeaed92cd7bc2aa4675dea7a8b520d2379f42e92de055e0170ff 100% [K
  [18s] copying file sha256:3fd169731d2cbde95e10bf356d66d5997fd885dd8dbb6fb4684da3f23b2585d8 100% [K
  [18s] copying file sha256:87d16279353acf193291b411a4d6b098a457491f1a46508ba52188eb9297b967 100% [K
  [18s] converting model ⠇ [K[?25h[?2026l[?2026h[?25l[A[A[A[A[A[A[1Ggathering model components [K
  [18s] copying file sha256:855e8df721ac1509352936aa7cf6afda5ea248dd18660ac027ee553ea7a1fd19 100% [K
  [18s] copying file sha256:ff075094bac54dcd28820983fc7d8b80812983af5aa7cc12fa80d7388ffe4d66 100% [K
  [18s] copying file sha256:423948d48cf1eeaed92cd7bc2aa4675dea7a8b520d2379f42e92de055e0170ff 100% [K
  [18s] copying file sha256:3fd169731d2cbde95e10bf356d66d5997fd885dd8dbb6fb4684da3f23b2585d8 100% [K
  [18s] copying file sha256:87d16279353acf193291b411a4d6b098a457491f1a46508ba52188eb9297b967 100% [K
  [18s] converting model ⠏ [K[?25h[?2026l[?2026h[?25l[A[A[A[A[A[A[1Ggathering model components [K
  [18s] copying file sha256:855e8df721ac1509352936aa7cf6afda5ea248dd18660ac027ee553ea7a1fd19 100% [K
  [18s] copying file sha256:ff075094bac54dcd28820983fc7d8b80812983af5aa7cc12fa80d7388ffe4d66 100% [K
  [18s] copying file sha256:423948d48cf1eeaed92cd7bc2aa4675dea7a8b520d2379f42e92de055e0170ff 100% [K
  [18s] copying file sha256:3fd169731d2cbde95e10bf356d66d5997fd885dd8dbb6fb4684da3f23b2585d8 100% [K
  [18s] copying file sha256:87d16279353acf193291b411a4d6b098a457491f1a46508ba52188eb9297b967 100% [K
  [18s] converting model ⠋ [K[?25h[?2026l[?2026h[?25l[A[A[A[A[A[A[1Ggathering model components [K
  [18s] copying file sha256:855e8df721ac1509352936aa7cf6afda5ea248dd18660ac027ee553ea7a1fd19 100% [K
  [18s] copying file sha256:ff075094bac54dcd28820983fc7d8b80812983af5aa7cc12fa80d7388ffe4d66 100% [K
  [18s] copying file sha256:423948d48cf1eeaed92cd7bc2aa4675dea7a8b520d2379f42e92de055e0170ff 100% [K
  [18s] copying file sha256:3fd169731d2cbde95e10bf356d66d5997fd885dd8dbb6fb4684da3f23b2585d8 100% [K
  [18s] copying file sha256:87d16279353acf193291b411a4d6b098a457491f1a46508ba52188eb9297b967 100% [K
  [18s] converting model ⠙ [K[?25h[?2026l[?2026h[?25l[A[A[A[A[A[A[1Ggathering model components [K
  [18s] copying file sha256:855e8df721ac1509352936aa7cf6afda5ea248dd18660ac027ee553ea7a1fd19 100% [K
  [18s] copying file sha256:ff075094bac54dcd28820983fc7d8b80812983af5aa7cc12fa80d7388ffe4d66 100% [K
  [18s] copying file sha256:423948d48cf1eeaed92cd7bc2aa4675dea7a8b520d2379f42e92de055e0170ff 100% [K
  [18s] copying file sha256:3fd169731d2cbde95e10bf356d66d5997fd885dd8dbb6fb4684da3f23b2585d8 100% [K
  [18s] copying file sha256:87d16279353acf193291b411a4d6b098a457491f1a46508ba52188eb9297b967 100% [K
  [18s] converting model ⠹ [K[?25h[?2026l[?2026h[?25l[A[A[A[A[A[A[1Ggathering model components [K
  [18s] copying file sha256:855e8df721ac1509352936aa7cf6afda5ea248dd18660ac027ee553ea7a1fd19 100% [K
  [18s] copying file sha256:ff075094bac54dcd28820983fc7d8b80812983af5aa7cc12fa80d7388ffe4d66 100% [K
  [18s] copying file sha256:423948d48cf1eeaed92cd7bc2aa4675dea7a8b520d2379f42e92de055e0170ff 100% [K
  [18s] copying file sha256:3fd169731d2cbde95e10bf356d66d5997fd885dd8dbb6fb4684da3f23b2585d8 100% [K
  [18s] copying file sha256:87d16279353acf193291b411a4d6b098a457491f1a46508ba52188eb9297b967 100% [K
  [18s] converting model [K
  [18s] creating new layer sha256:d461f28aa2ccd12049b05a8b2d4298e19deafccefa5b2d5a8811abebfc207598 [K
  [18s] creating new layer sha256:90e36093091095e05fa4deebd5132eea0cd29c512f2e2152fd8daab20a4e6958 [K
  [18s] creating new layer sha256:f12a4f6b7b0b2c9cfd48304d3401d54c41a74d5106db1a11f22a25a6fcf5c439 [K
  [18s] writing manifest [K
  [18s] success [K[?25h[?2026l
  [18s]   Model
  [18s]     architecture        qwen2      
  [18s]     parameters          494.03M    
  [18s]     context length      32768      
  [18s]     embedding length    896        
  [18s]     quantization        F16        
  [18s] 
  [18s]   Capabilities
  [18s]     completion    
  [18s] 
  [18s]   System
  [18s]     You are a security analysis assistant specializing in evidence-grounded vulnerability analysis.    
  [18s]     Rules:                                                                                             
  [18s]     ...                                                                                                
  [18s] 
  [24s] $ docker exec bola-ollama sh -lc 'rm -rf /tmp/qlora_20260410T131918Z-merged-20260410T133753Z'
  [24s] $ docker cp /home/iredkach/Downloads/bola/bolaAi/models/merged/qlora_20260410T131918Z-merged-20260410T133753Z bola-ollama:/tmp/qlora_20260410T131918Z-merged-20260410T133753Z
  [24s] $ docker cp /home/iredkach/Downloads/bola/bolaAi/models/packaged/bola-analyzer-20260410T133753Z/Modelfile bola-ollama:/tmp/bola-analyzer-20260410T133753Z.Modelfile
  [24s] $ docker exec bola-ollama ollama rm bola-analyzer
  [24s] $ docker exec bola-ollama ollama create bola-analyzer -f /tmp/bola-analyzer-20260410T133753Z.Modelfile
  [24s] $ docker exec bola-ollama ollama show bola-analyzer
  [24s] Packaged model assets in: /home/iredkach/Downloads/bola/bolaAi/models/packaged/bola-analyzer-20260410T133753Z
[13:38:19] [package_ollama] SUCCESS in 25s  rc=0
[13:38:19] [pipeline] STAGE 5: Reloading RAG knowledge base
[13:38:19] [reload_rag] Starting: /usr/bin/python src/training/load_knowledge.py
  [0s] 2026-04-10 09:38:19,195 [INFO] bola_ai.training.load_knowledge: Loading BOLA knowledge into RAG store at data/chroma
  [0s] 2026-04-10 09:38:19,195 [INFO] bola_ai.rag.store: DocStore: loading embedder model=all-MiniLM-L6-v2
  [5s] Warning: You are sending unauthenticated requests to the HF Hub. Please set a HF_TOKEN to enable higher rate limits and faster downloads.
  [5s] 
  [5s] Loading weights:   0%|          | 0/103 [00:00<?, ?it/s]
  [5s] Loading weights:   1%|          | 1/103 [00:00<00:00, 18315.74it/s, Materializing param=embeddings.LayerNorm.bias]
  [5s] Loading weights:   1%|          | 1/103 [00:00<00:00, 8738.13it/s, Materializing param=embeddings.LayerNorm.bias] 
  [5s] Loading weights:   2%|▏         | 2/103 [00:00<00:00, 430.12it/s, Materializing param=embeddings.LayerNorm.weight]
  [5s] Loading weights:   2%|▏         | 2/103 [00:00<00:00, 397.88it/s, Materializing param=embeddings.LayerNorm.weight]
  [5s] Loading weights:   3%|▎         | 3/103 [00:00<00:00, 585.88it/s, Materializing param=embeddings.position_embeddings.weight]
  [5s] Loading weights:   3%|▎         | 3/103 [00:00<00:00, 582.25it/s, Materializing param=embeddings.position_embeddings.weight]
  [5s] Loading weights:   4%|▍         | 4/103 [00:00<00:00, 767.98it/s, Materializing param=embeddings.token_type_embeddings.weight]
  [5s] Loading weights:   4%|▍         | 4/103 [00:00<00:00, 764.37it/s, Materializing param=embeddings.token_type_embeddings.weight]
  [5s] Loading weights:   5%|▍         | 5/103 [00:00<00:00, 946.07it/s, Materializing param=embeddings.word_embeddings.weight]      
  [5s] Loading weights:   5%|▍         | 5/103 [00:00<00:00, 942.07it/s, Materializing param=embeddings.word_embeddings.weight]
  [5s] Loading weights:   6%|▌         | 6/103 [00:00<00:00, 1121.27it/s, Materializing param=encoder.layer.0.attention.output.LayerNorm.bias]
  [5s] Loading weights:   6%|▌         | 6/103 [00:00<00:00, 1115.90it/s, Materializing param=encoder.layer.0.attention.output.LayerNorm.bias]
  [5s] Loading weights:   7%|▋         | 7/103 [00:00<00:00, 1226.56it/s, Materializing param=encoder.layer.0.attention.output.LayerNorm.weight]
  [5s] Loading weights:   7%|▋         | 7/103 [00:00<00:00, 1214.68it/s, Materializing param=encoder.layer.0.attention.output.LayerNorm.weight]
  [5s] Loading weights:   8%|▊         | 8/103 [00:00<00:00, 1345.84it/s, Materializing param=encoder.layer.0.attention.output.dense.bias]      
  [5s] Loading weights:   8%|▊         | 8/103 [00:00<00:00, 1336.35it/s, Materializing param=encoder.layer.0.attention.output.dense.bias]
  [5s] Loading weights:   9%|▊         | 9/103 [00:00<00:00, 1487.28it/s, Materializing param=encoder.layer.0.attention.output.dense.weight]
  [5s] Loading weights:   9%|▊         | 9/103 [00:00<00:00, 1481.39it/s, Materializing param=encoder.layer.0.attention.output.dense.weight]
  [5s] Loading weights:  10%|▉         | 10/103 [00:00<00:00, 1193.46it/s, Materializing param=encoder.layer.0.attention.self.key.bias]     
  [5s] Loading weights:  10%|▉         | 10/103 [00:00<00:00, 1189.87it/s, Materializing param=encoder.layer.0.attention.self.key.bias]
  [5s] Loading weights:  11%|█         | 11/103 [00:00<00:00, 1286.85it/s, Materializing param=encoder.layer.0.attention.self.key.weight]
  [5s] Loading weights:  11%|█         | 11/103 [00:00<00:00, 1282.48it/s, Materializing param=encoder.layer.0.attention.self.key.weight]
  [5s] Loading weights:  12%|█▏        | 12/103 [00:00<00:00, 1330.96it/s, Materializing param=encoder.layer.0.attention.self.query.bias]
  [5s] Loading weights:  12%|█▏        | 12/103 [00:00<00:00, 1287.39it/s, Materializing param=encoder.layer.0.attention.self.query.bias]
  [5s] Loading weights:  13%|█▎        | 13/103 [00:00<00:00, 1341.25it/s, Materializing param=encoder.layer.0.attention.self.query.weight]
  [5s] Loading weights:  13%|█▎        | 13/103 [00:00<00:00, 1330.10it/s, Materializing param=encoder.layer.0.attention.self.query.weight]
  [5s] Loading weights:  14%|█▎        | 14/103 [00:00<00:00, 1129.00it/s, Materializing param=encoder.layer.0.attention.self.value.bias]  
  [5s] Loading weights:  14%|█▎        | 14/103 [00:00<00:00, 1112.42it/s, Materializing param=encoder.layer.0.attention.self.value.bias]
  [5s] Loading weights:  15%|█▍        | 15/103 [00:00<00:00, 952.39it/s, Materializing param=encoder.layer.0.attention.self.value.weight]
  [5s] Loading weights:  15%|█▍        | 15/103 [00:00<00:00, 944.22it/s, Materializing param=encoder.layer.0.attention.self.value.weight]
  [5s] Loading weights:  16%|█▌        | 16/103 [00:00<00:00, 996.97it/s, Materializing param=encoder.layer.0.intermediate.dense.bias]    
  [5s] Loading weights:  16%|█▌        | 16/103 [00:00<00:00, 992.84it/s, Materializing param=encoder.layer.0.intermediate.dense.bias]
  [5s] Loading weights:  17%|█▋        | 17/103 [00:00<00:00, 1047.94it/s, Materializing param=encoder.layer.0.intermediate.dense.weight]
  [5s] Loading weights:  17%|█▋        | 17/103 [00:00<00:00, 1044.51it/s, Materializing param=encoder.layer.0.intermediate.dense.weight]
  [5s] Loading weights:  17%|█▋        | 18/103 [00:00<00:00, 1087.44it/s, Materializing param=encoder.layer.0.output.LayerNorm.bias]    
  [5s] Loading weights:  17%|█▋        | 18/103 [00:00<00:00, 1082.53it/s, Materializing param=encoder.layer.0.output.LayerNorm.bias]
  [5s] Loading weights:  18%|█▊        | 19/103 [00:00<00:00, 1006.27it/s, Materializing param=encoder.layer.0.output.LayerNorm.weight]
  [5s] Loading weights:  18%|█▊        | 19/103 [00:00<00:00, 1000.00it/s, Materializing param=encoder.layer.0.output.LayerNorm.weight]
  [5s] Loading weights:  19%|█▉        | 20/103 [00:00<00:00, 1042.45it/s, Materializing param=encoder.layer.0.output.dense.bias]      
  [5s] Loading weights:  19%|█▉        | 20/103 [00:00<00:00, 1030.28it/s, Materializing param=encoder.layer.0.output.dense.bias]
  [5s] Loading weights:  20%|██        | 21/103 [00:00<00:00, 1060.94it/s, Materializing param=encoder.layer.0.output.dense.weight]
  [5s] Loading weights:  20%|██        | 21/103 [00:00<00:00, 1054.44it/s, Materializing param=encoder.layer.0.output.dense.weight]
  [5s] Loading weights:  21%|██▏       | 22/103 [00:00<00:00, 1098.26it/s, Materializing param=encoder.layer.1.attention.output.LayerNorm.bias]
  [5s] Loading weights:  21%|██▏       | 22/103 [00:00<00:00, 1095.40it/s, Materializing param=encoder.layer.1.attention.output.LayerNorm.bias]
  [5s] Loading weights:  22%|██▏       | 23/103 [00:00<00:00, 1131.36it/s, Materializing param=encoder.layer.1.attention.output.LayerNorm.weight]
  [5s] Loading weights:  22%|██▏       | 23/103 [00:00<00:00, 1128.40it/s, Materializing param=encoder.layer.1.attention.output.LayerNorm.weight]
  [5s] Loading weights:  23%|██▎       | 24/103 [00:00<00:00, 1172.37it/s, Materializing param=encoder.layer.1.attention.output.dense.bias]      
  [5s] Loading weights:  23%|██▎       | 24/103 [00:00<00:00, 1170.80it/s, Materializing param=encoder.layer.1.attention.output.dense.bias]
  [5s] Loading weights:  24%|██▍       | 25/103 [00:00<00:00, 1216.76it/s, Materializing param=encoder.layer.1.attention.output.dense.weight]
  [5s] Loading weights:  24%|██▍       | 25/103 [00:00<00:00, 1215.36it/s, Materializing param=encoder.layer.1.attention.output.dense.weight]
  [5s] Loading weights:  25%|██▌       | 26/103 [00:00<00:00, 1260.89it/s, Materializing param=encoder.layer.1.attention.self.key.bias]      
  [5s] Loading weights:  25%|██▌       | 26/103 [00:00<00:00, 1259.49it/s, Materializing param=encoder.layer.1.attention.self.key.bias]
  [5s] Loading weights:  26%|██▌       | 27/103 [00:00<00:00, 1304.92it/s, Materializing param=encoder.layer.1.attention.self.key.weight]
  [5s] Loading weights:  26%|██▌       | 27/103 [00:00<00:00, 1303.54it/s, Materializing param=encoder.layer.1.attention.self.key.weight]
  [5s] Loading weights:  27%|██▋       | 28/103 [00:00<00:00, 1348.95it/s, Materializing param=encoder.layer.1.attention.self.query.bias]
  [5s] Loading weights:  27%|██▋       | 28/103 [00:00<00:00, 1347.63it/s, Materializing param=encoder.layer.1.attention.self.query.bias]
  [5s] Loading weights:  28%|██▊       | 29/103 [00:00<00:00, 1392.10it/s, Materializing param=encoder.layer.1.attention.self.query.weight]
  [5s] Loading weights:  28%|██▊       | 29/103 [00:00<00:00, 1390.49it/s, Materializing param=encoder.layer.1.attention.self.query.weight]
  [5s] Loading weights:  29%|██▉       | 30/103 [00:00<00:00, 1435.50it/s, Materializing param=encoder.layer.1.attention.self.value.bias]  
  [5s] Loading weights:  29%|██▉       | 30/103 [00:00<00:00, 1433.95it/s, Materializing param=encoder.layer.1.attention.self.value.bias]
  [5s] Loading weights:  30%|███       | 31/103 [00:00<00:00, 1478.63it/s, Materializing param=encoder.layer.1.attention.self.value.weight]
  [5s] Loading weights:  30%|███       | 31/103 [00:00<00:00, 1477.04it/s, Materializing param=encoder.layer.1.attention.self.value.weight]
  [5s] Loading weights:  31%|███       | 32/103 [00:00<00:00, 1521.54it/s, Materializing param=encoder.layer.1.intermediate.dense.bias]    
  [5s] Loading weights:  31%|███       | 32/103 [00:00<00:00, 1519.95it/s, Materializing param=encoder.layer.1.intermediate.dense.bias]
  [5s] Loading weights:  32%|███▏      | 33/103 [00:00<00:00, 1564.12it/s, Materializing param=encoder.layer.1.intermediate.dense.weight]
  [5s] Loading weights:  32%|███▏      | 33/103 [00:00<00:00, 1562.53it/s, Materializing param=encoder.layer.1.intermediate.dense.weight]
  [5s] Loading weights:  33%|███▎      | 34/103 [00:00<00:00, 1606.65it/s, Materializing param=encoder.layer.1.output.LayerNorm.bias]    
  [5s] Loading weights:  33%|███▎      | 34/103 [00:00<00:00, 1605.10it/s, Materializing param=encoder.layer.1.output.LayerNorm.bias]
  [5s] Loading weights:  34%|███▍      | 35/103 [00:00<00:00, 1648.26it/s, Materializing param=encoder.layer.1.output.LayerNorm.weight]
  [5s] Loading weights:  34%|███▍      | 35/103 [00:00<00:00, 1646.12it/s, Materializing param=encoder.layer.1.output.LayerNorm.weight]
  [5s] Loading weights:  35%|███▍      | 36/103 [00:00<00:00, 1687.89it/s, Materializing param=encoder.layer.1.output.dense.bias]      
  [5s] Loading weights:  35%|███▍      | 36/103 [00:00<00:00, 1685.46it/s, Materializing param=encoder.layer.1.output.dense.bias]
  [5s] Loading weights:  36%|███▌      | 37/103 [00:00<00:00, 1711.47it/s, Materializing param=encoder.layer.1.output.dense.weight]
  [5s] Loading weights:  36%|███▌      | 37/103 [00:00<00:00, 1709.60it/s, Materializing param=encoder.layer.1.output.dense.weight]
  [5s] Loading weights:  37%|███▋      | 38/103 [00:00<00:00, 1541.52it/s, Materializing param=encoder.layer.2.attention.output.LayerNorm.bias]
  [5s] Loading weights:  37%|███▋      | 38/103 [00:00<00:00, 1527.73it/s, Materializing param=encoder.layer.2.attention.output.LayerNorm.bias]
  [5s] Loading weights:  38%|███▊      | 39/103 [00:00<00:00, 1546.21it/s, Materializing param=encoder.layer.2.attention.output.LayerNorm.weight]
  [5s] Loading weights:  38%|███▊      | 39/103 [00:00<00:00, 1540.85it/s, Materializing param=encoder.layer.2.attention.output.LayerNorm.weight]
  [5s] Loading weights:  39%|███▉      | 40/103 [00:00<00:00, 1572.17it/s, Materializing param=encoder.layer.2.attention.output.dense.bias]      
  [5s] Loading weights:  39%|███▉      | 40/103 [00:00<00:00, 1568.74it/s, Materializing param=encoder.layer.2.attention.output.dense.bias]
  [5s] Loading weights:  40%|███▉      | 41/103 [00:00<00:00, 1495.61it/s, Materializing param=encoder.layer.2.attention.output.dense.weight]
  [5s] Loading weights:  40%|███▉      | 41/103 [00:00<00:00, 1492.69it/s, Materializing param=encoder.layer.2.attention.output.dense.weight]
  [5s] Loading weights:  41%|████      | 42/103 [00:00<00:00, 1526.09it/s, Materializing param=encoder.layer.2.attention.self.key.bias]      
  [5s] Loading weights:  41%|████      | 42/103 [00:00<00:00, 1524.75it/s, Materializing param=encoder.layer.2.attention.self.key.bias]
  [5s] Loading weights:  42%|████▏     | 43/103 [00:00<00:00, 1558.40it/s, Materializing param=encoder.layer.2.attention.self.key.weight]
  [5s] Loading weights:  42%|████▏     | 43/103 [00:00<00:00, 1557.08it/s, Materializing param=encoder.layer.2.attention.self.key.weight]
  [5s] Loading weights:  43%|████▎     | 44/103 [00:00<00:00, 1590.61it/s, Materializing param=encoder.layer.2.attention.self.query.bias]
  [5s] Loading weights:  43%|████▎     | 44/103 [00:00<00:00, 1589.26it/s, Materializing param=encoder.layer.2.attention.self.query.bias]
  [5s] Loading weights:  44%|████▎     | 45/103 [00:00<00:00, 1622.57it/s, Materializing param=encoder.layer.2.attention.self.query.weight]
  [5s] Loading weights:  44%|████▎     | 45/103 [00:00<00:00, 1621.26it/s, Materializing param=encoder.layer.2.attention.self.query.weight]
  [5s] Loading weights:  45%|████▍     | 46/103 [00:00<00:00, 1654.60it/s, Materializing param=encoder.layer.2.attention.self.value.bias]  
  [5s] Loading weights:  45%|████▍     | 46/103 [00:00<00:00, 1653.24it/s, Materializing param=encoder.layer.2.attention.self.value.bias]
  [5s] Loading weights:  46%|████▌     | 47/103 [00:00<00:00, 1686.48it/s, Materializing param=encoder.layer.2.attention.self.value.weight]
  [5s] Loading weights:  46%|████▌     | 47/103 [00:00<00:00, 1685.08it/s, Materializing param=encoder.layer.2.attention.self.value.weight]
  [5s] Loading weights:  47%|████▋     | 48/103 [00:00<00:00, 1718.13it/s, Materializing param=encoder.layer.2.intermediate.dense.bias]    
  [5s] Loading weights:  47%|████▋     | 48/103 [00:00<00:00, 1716.69it/s, Materializing param=encoder.layer.2.intermediate.dense.bias]
  [5s] Loading weights:  48%|████▊     | 49/103 [00:00<00:00, 1749.01it/s, Materializing param=encoder.layer.2.intermediate.dense.weight]
  [5s] Loading weights:  48%|████▊     | 49/103 [00:00<00:00, 1747.70it/s, Materializing param=encoder.layer.2.intermediate.dense.weight]
  [5s] Loading weights:  49%|████▊     | 50/103 [00:00<00:00, 1780.70it/s, Materializing param=encoder.layer.2.output.LayerNorm.bias]    
  [5s] Loading weights:  49%|████▊     | 50/103 [00:00<00:00, 1779.33it/s, Materializing param=encoder.layer.2.output.LayerNorm.bias]
  [5s] Loading weights:  50%|████▉     | 51/103 [00:00<00:00, 1811.84it/s, Materializing param=encoder.layer.2.output.LayerNorm.weight]
  [5s] Loading weights:  50%|████▉     | 51/103 [00:00<00:00, 1810.38it/s, Materializing param=encoder.layer.2.output.LayerNorm.weight]
  [5s] Loading weights:  50%|█████     | 52/103 [00:00<00:00, 1842.86it/s, Materializing param=encoder.layer.2.output.dense.bias]      
  [5s] Loading weights:  50%|█████     | 52/103 [00:00<00:00, 1840.62it/s, Materializing param=encoder.layer.2.output.dense.bias]
  [5s] Loading weights:  51%|█████▏    | 53/103 [00:00<00:00, 1872.61it/s, Materializing param=encoder.layer.2.output.dense.weight]
  [5s] Loading weights:  51%|█████▏    | 53/103 [00:00<00:00, 1871.10it/s, Materializing param=encoder.layer.2.output.dense.weight]
  [5s] Loading weights:  52%|█████▏    | 54/103 [00:00<00:00, 1902.83it/s, Materializing param=encoder.layer.3.attention.output.LayerNorm.bias]
  [5s] Loading weights:  52%|█████▏    | 54/103 [00:00<00:00, 1901.27it/s, Materializing param=encoder.layer.3.attention.output.LayerNorm.bias]
  [5s] Loading weights:  53%|█████▎    | 55/103 [00:00<00:00, 1924.65it/s, Materializing param=encoder.layer.3.attention.output.LayerNorm.weight]
  [5s] Loading weights:  53%|█████▎    | 55/103 [00:00<00:00, 1923.14it/s, Materializing param=encoder.layer.3.attention.output.LayerNorm.weight]
  [5s] Loading weights:  54%|█████▍    | 56/103 [00:00<00:00, 1955.00it/s, Materializing param=encoder.layer.3.attention.output.dense.bias]      
  [5s] Loading weights:  54%|█████▍    | 56/103 [00:00<00:00, 1953.43it/s, Materializing param=encoder.layer.3.attention.output.dense.bias]
  [5s] Loading weights:  55%|█████▌    | 57/103 [00:00<00:00, 1985.30it/s, Materializing param=encoder.layer.3.attention.output.dense.weight]
  [5s] Loading weights:  55%|█████▌    | 57/103 [00:00<00:00, 1983.73it/s, Materializing param=encoder.layer.3.attention.output.dense.weight]
  [5s] Loading weights:  56%|█████▋    | 58/103 [00:00<00:00, 2015.17it/s, Materializing param=encoder.layer.3.attention.self.key.bias]      
  [5s] Loading weights:  56%|█████▋    | 58/103 [00:00<00:00, 2013.49it/s, Materializing param=encoder.layer.3.attention.self.key.bias]
  [5s] Loading weights:  57%|█████▋    | 59/103 [00:00<00:00, 2044.68it/s, Materializing param=encoder.layer.3.attention.self.key.weight]
  [5s] Loading weights:  57%|█████▋    | 59/103 [00:00<00:00, 2043.10it/s, Materializing param=encoder.layer.3.attention.self.key.weight]
  [5s] Loading weights:  58%|█████▊    | 60/103 [00:00<00:00, 2073.70it/s, Materializing param=encoder.layer.3.attention.self.query.bias]
  [5s] Loading weights:  58%|█████▊    | 60/103 [00:00<00:00, 2072.01it/s, Materializing param=encoder.layer.3.attention.self.query.bias]
  [5s] Loading weights:  59%|█████▉    | 61/103 [00:00<00:00, 2102.87it/s, Materializing param=encoder.layer.3.attention.self.query.weight]
  [5s] Loading weights:  59%|█████▉    | 61/103 [00:00<00:00, 2101.11it/s, Materializing param=encoder.layer.3.attention.self.query.weight]
  [5s] Loading weights:  60%|██████    | 62/103 [00:00<00:00, 2132.42it/s, Materializing param=encoder.layer.3.attention.self.value.bias]  
  [5s] Loading weights:  60%|██████    | 62/103 [00:00<00:00, 2130.73it/s, Materializing param=encoder.layer.3.attention.self.value.bias]
  [5s] Loading weights:  61%|██████    | 63/103 [00:00<00:00, 2161.32it/s, Materializing param=encoder.layer.3.attention.self.value.weight]
  [5s] Loading weights:  61%|██████    | 63/103 [00:00<00:00, 2159.57it/s, Materializing param=encoder.layer.3.attention.self.value.weight]
  [5s] Loading weights:  62%|██████▏   | 64/103 [00:00<00:00, 2181.55it/s, Materializing param=encoder.layer.3.intermediate.dense.bias]    
  [5s] Loading weights:  62%|██████▏   | 64/103 [00:00<00:00, 2177.57it/s, Materializing param=encoder.layer.3.intermediate.dense.bias]
  [5s] Loading weights:  63%|██████▎   | 65/103 [00:00<00:00, 2206.37it/s, Materializing param=encoder.layer.3.intermediate.dense.weight]
  [5s] Loading weights:  63%|██████▎   | 65/103 [00:00<00:00, 2204.30it/s, Materializing param=encoder.layer.3.intermediate.dense.weight]
  [5s] Loading weights:  64%|██████▍   | 66/103 [00:00<00:00, 2234.22it/s, Materializing param=encoder.layer.3.output.LayerNorm.bias]    
  [5s] Loading weights:  64%|██████▍   | 66/103 [00:00<00:00, 2232.40it/s, Materializing param=encoder.layer.3.output.LayerNorm.bias]
  [5s] Loading weights:  65%|██████▌   | 67/103 [00:00<00:00, 2261.84it/s, Materializing param=encoder.layer.3.output.LayerNorm.weight]
  [5s] Loading weights:  65%|██████▌   | 67/103 [00:00<00:00, 2260.06it/s, Materializing param=encoder.layer.3.output.LayerNorm.weight]
  [5s] Loading weights:  66%|██████▌   | 68/103 [00:00<00:00, 2289.12it/s, Materializing param=encoder.layer.3.output.dense.bias]      
  [5s] Loading weights:  66%|██████▌   | 68/103 [00:00<00:00, 2287.32it/s, Materializing param=encoder.layer.3.output.dense.bias]
  [5s] Loading weights:  67%|██████▋   | 69/103 [00:00<00:00, 2312.48it/s, Materializing param=encoder.layer.3.output.dense.weight]
  [5s] Loading weights:  67%|██████▋   | 69/103 [00:00<00:00, 2310.80it/s, Materializing param=encoder.layer.3.output.dense.weight]
  [5s] Loading weights:  68%|██████▊   | 70/103 [00:00<00:00, 2340.70it/s, Materializing param=encoder.layer.4.attention.output.LayerNorm.bias]
  [5s] Loading weights:  68%|██████▊   | 70/103 [00:00<00:00, 2338.89it/s, Materializing param=encoder.layer.4.attention.output.LayerNorm.bias]
  [5s] Loading weights:  69%|██████▉   | 71/103 [00:00<00:00, 2350.47it/s, Materializing param=encoder.layer.4.attention.output.LayerNorm.weight]
  [5s] Loading weights:  69%|██████▉   | 71/103 [00:00<00:00, 2347.62it/s, Materializing param=encoder.layer.4.attention.output.LayerNorm.weight]
  [5s] Loading weights:  70%|██████▉   | 72/103 [00:00<00:00, 2376.47it/s, Materializing param=encoder.layer.4.attention.output.dense.bias]      
  [5s] Loading weights:  70%|██████▉   | 72/103 [00:00<00:00, 2374.43it/s, Materializing param=encoder.layer.4.attention.output.dense.bias]
  [5s] Loading weights:  71%|███████   | 73/103 [00:00<00:00, 2403.50it/s, Materializing param=encoder.layer.4.attention.output.dense.weight]
  [5s] Loading weights:  71%|███████   | 73/103 [00:00<00:00, 2401.61it/s, Materializing param=encoder.layer.4.attention.output.dense.weight]
  [5s] Loading weights:  72%|███████▏  | 74/103 [00:00<00:00, 2281.29it/s, Materializing param=encoder.layer.4.attention.self.key.bias]      
  [5s] Loading weights:  72%|███████▏  | 74/103 [00:00<00:00, 2248.27it/s, Materializing param=encoder.layer.4.attention.self.key.bias]
  [5s] Loading weights:  73%|███████▎  | 75/103 [00:00<00:00, 2251.11it/s, Materializing param=encoder.layer.4.attention.self.key.weight]
  [5s] Loading weights:  73%|███████▎  | 75/103 [00:00<00:00, 2242.94it/s, Materializing param=encoder.layer.4.attention.self.key.weight]
  [5s] Loading weights:  74%|███████▍  | 76/103 [00:00<00:00, 2250.58it/s, Materializing param=encoder.layer.4.attention.self.query.bias]
  [5s] Loading weights:  74%|███████▍  | 76/103 [00:00<00:00, 2238.58it/s, Materializing param=encoder.layer.4.attention.self.query.bias]
  [5s] Loading weights:  75%|███████▍  | 77/103 [00:00<00:00, 2110.51it/s, Materializing param=encoder.layer.4.attention.self.query.weight]
  [5s] Loading weights:  75%|███████▍  | 77/103 [00:00<00:00, 2043.65it/s, Materializing param=encoder.layer.4.attention.self.query.weight]
  [5s] Loading weights:  76%|███████▌  | 78/103 [00:00<00:00, 2051.21it/s, Materializing param=encoder.layer.4.attention.self.value.bias]  
  [5s] Loading weights:  76%|███████▌  | 78/103 [00:00<00:00, 2047.54it/s, Materializing param=encoder.layer.4.attention.self.value.bias]
  [5s] Loading weights:  77%|███████▋  | 79/103 [00:00<00:00, 2068.03it/s, Materializing param=encoder.layer.4.attention.self.value.weight]
  [5s] Loading weights:  77%|███████▋  | 79/103 [00:00<00:00, 2065.14it/s, Materializing param=encoder.layer.4.attention.self.value.weight]
  [5s] Loading weights:  78%|███████▊  | 80/103 [00:00<00:00, 2086.29it/s, Materializing param=encoder.layer.4.intermediate.dense.bias]    
  [5s] Loading weights:  78%|███████▊  | 80/103 [00:00<00:00, 2083.91it/s, Materializing param=encoder.layer.4.intermediate.dense.bias]
  [5s] Loading weights:  79%|███████▊  | 81/103 [00:00<00:00, 2105.29it/s, Materializing param=encoder.layer.4.intermediate.dense.weight]
  [5s] Loading weights:  79%|███████▊  | 81/103 [00:00<00:00, 2102.97it/s, Materializing param=encoder.layer.4.intermediate.dense.weight]
  [5s] Loading weights:  80%|███████▉  | 82/103 [00:00<00:00, 2124.49it/s, Materializing param=encoder.layer.4.output.LayerNorm.bias]    
  [5s] Loading weights:  80%|███████▉  | 82/103 [00:00<00:00, 2122.22it/s, Materializing param=encoder.layer.4.output.LayerNorm.bias]
  [5s] Loading weights:  81%|████████  | 83/103 [00:00<00:00, 2143.40it/s, Materializing param=encoder.layer.4.output.LayerNorm.weight]
  [5s] Loading weights:  81%|████████  | 83/103 [00:00<00:00, 2141.16it/s, Materializing param=encoder.layer.4.output.LayerNorm.weight]
  [5s] Loading weights:  82%|████████▏ | 84/103 [00:00<00:00, 2162.61it/s, Materializing param=encoder.layer.4.output.dense.bias]      
  [5s] Loading weights:  82%|████████▏ | 84/103 [00:00<00:00, 2160.37it/s, Materializing param=encoder.layer.4.output.dense.bias]
  [5s] Loading weights:  83%|████████▎ | 85/103 [00:00<00:00, 2181.91it/s, Materializing param=encoder.layer.4.output.dense.weight]
  [5s] Loading weights:  83%|████████▎ | 85/103 [00:00<00:00, 2179.67it/s, Materializing param=encoder.layer.4.output.dense.weight]
  [5s] Loading weights:  83%|████████▎ | 86/103 [00:00<00:00, 2201.12it/s, Materializing param=encoder.layer.5.attention.output.LayerNorm.bias]
  [5s] Loading weights:  83%|████████▎ | 86/103 [00:00<00:00, 2198.84it/s, Materializing param=encoder.layer.5.attention.output.LayerNorm.bias]
  [5s] Loading weights:  84%|████████▍ | 87/103 [00:00<00:00, 2219.65it/s, Materializing param=encoder.layer.5.attention.output.LayerNorm.weight]
  [5s] Loading weights:  84%|████████▍ | 87/103 [00:00<00:00, 2217.39it/s, Materializing param=encoder.layer.5.attention.output.LayerNorm.weight]
  [5s] Loading weights:  85%|████████▌ | 88/103 [00:00<00:00, 2238.05it/s, Materializing param=encoder.layer.5.attention.output.dense.bias]      
  [5s] Loading weights:  85%|████████▌ | 88/103 [00:00<00:00, 2235.74it/s, Materializing param=encoder.layer.5.attention.output.dense.bias]
  [5s] Loading weights:  86%|████████▋ | 89/103 [00:00<00:00, 2256.84it/s, Materializing param=encoder.layer.5.attention.output.dense.weight]
  [5s] Loading weights:  86%|████████▋ | 89/103 [00:00<00:00, 2254.61it/s, Materializing param=encoder.layer.5.attention.output.dense.weight]
  [5s] Loading weights:  87%|████████▋ | 90/103 [00:00<00:00, 2275.78it/s, Materializing param=encoder.layer.5.attention.self.key.bias]      
  [5s] Loading weights:  87%|████████▋ | 90/103 [00:00<00:00, 2273.55it/s, Materializing param=encoder.layer.5.attention.self.key.bias]
  [5s] Loading weights:  88%|████████▊ | 91/103 [00:00<00:00, 2294.19it/s, Materializing param=encoder.layer.5.attention.self.key.weight]
  [5s] Loading weights:  88%|████████▊ | 91/103 [00:00<00:00, 2291.93it/s, Materializing param=encoder.layer.5.attention.self.key.weight]
  [5s] Loading weights:  89%|████████▉ | 92/103 [00:00<00:00, 2312.74it/s, Materializing param=encoder.layer.5.attention.self.query.bias]
  [5s] Loading weights:  89%|████████▉ | 92/103 [00:00<00:00, 2310.50it/s, Materializing param=encoder.layer.5.attention.self.query.bias]
  [5s] Loading weights:  90%|█████████ | 93/103 [00:00<00:00, 2331.26it/s, Materializing param=encoder.layer.5.attention.self.query.weight]
  [5s] Loading weights:  90%|█████████ | 93/103 [00:00<00:00, 2329.00it/s, Materializing param=encoder.layer.5.attention.self.query.weight]
  [5s] Loading weights:  91%|█████████▏| 94/103 [00:00<00:00, 2349.69it/s, Materializing param=encoder.layer.5.attention.self.value.bias]  
  [5s] Loading weights:  91%|█████████▏| 94/103 [00:00<00:00, 2347.46it/s, Materializing param=encoder.layer.5.attention.self.value.bias]
  [5s] Loading weights:  92%|█████████▏| 95/103 [00:00<00:00, 2368.02it/s, Materializing param=encoder.layer.5.attention.self.value.weight]
  [5s] Loading weights:  92%|█████████▏| 95/103 [00:00<00:00, 2365.77it/s, Materializing param=encoder.layer.5.attention.self.value.weight]
  [5s] Loading weights:  93%|█████████▎| 96/103 [00:00<00:00, 2386.35it/s, Materializing param=encoder.layer.5.intermediate.dense.bias]    
  [5s] Loading weights:  93%|█████████▎| 96/103 [00:00<00:00, 2383.78it/s, Materializing param=encoder.layer.5.intermediate.dense.bias]
  [5s] Loading weights:  94%|█████████▍| 97/103 [00:00<00:00, 2404.24it/s, Materializing param=encoder.layer.5.intermediate.dense.weight]
  [5s] Loading weights:  94%|█████████▍| 97/103 [00:00<00:00, 2401.98it/s, Materializing param=encoder.layer.5.intermediate.dense.weight]
  [5s] Loading weights:  95%|█████████▌| 98/103 [00:00<00:00, 2422.57it/s, Materializing param=encoder.layer.5.output.LayerNorm.bias]    
  [5s] Loading weights:  95%|█████████▌| 98/103 [00:00<00:00, 2420.33it/s, Materializing param=encoder.layer.5.output.LayerNorm.bias]
  [5s] Loading weights:  96%|█████████▌| 99/103 [00:00<00:00, 2440.58it/s, Materializing param=encoder.layer.5.output.LayerNorm.weight]
  [5s] Loading weights:  96%|█████████▌| 99/103 [00:00<00:00, 2438.29it/s, Materializing param=encoder.layer.5.output.LayerNorm.weight]
  [5s] Loading weights:  97%|█████████▋| 100/103 [00:00<00:00, 2458.29it/s, Materializing param=encoder.layer.5.output.dense.bias]     
  [5s] Loading weights:  97%|█████████▋| 100/103 [00:00<00:00, 2455.90it/s, Materializing param=encoder.layer.5.output.dense.bias]
  [5s] Loading weights:  98%|█████████▊| 101/103 [00:00<00:00, 2476.02it/s, Materializing param=encoder.layer.5.output.dense.weight]
  [5s] Loading weights:  98%|█████████▊| 101/103 [00:00<00:00, 2473.72it/s, Materializing param=encoder.layer.5.output.dense.weight]
  [5s] Loading weights:  99%|█████████▉| 102/103 [00:00<00:00, 2493.87it/s, Materializing param=pooler.dense.bias]                  
  [5s] Loading weights:  99%|█████████▉| 102/103 [00:00<00:00, 2491.59it/s, Materializing param=pooler.dense.bias]
  [5s] Loading weights: 100%|██████████| 103/103 [00:00<00:00, 2511.68it/s, Materializing param=pooler.dense.weight]
  [5s] Loading weights: 100%|██████████| 103/103 [00:00<00:00, 2509.41it/s, Materializing param=pooler.dense.weight]
  [5s] Loading weights: 100%|██████████| 103/103 [00:00<00:00, 2503.08it/s, Materializing param=pooler.dense.weight]
  [5s] [1mBertModel LOAD REPORT[0m from: sentence-transformers/all-MiniLM-L6-v2
  [5s] Key                     | Status     |  | 
  [5s] ------------------------+------------+--+-
  [5s] embeddings.position_ids | UNEXPECTED |  | 
  [5s] 
  [5s] [3mNotes:
  [5s] - UNEXPECTED[3m	:can be ignored when loading from different task/architecture; not ok if you expect identical arch.[0m
  [6s] 2026-04-10 09:38:25,501 [INFO] bola_ai.training.load_knowledge: Resetting collection before knowledge load
  [6s] 2026-04-10 09:38:25,531 [INFO] bola_ai.rag.store: Store reset: collection bola_docs cleared
  [6s] 2026-04-10 09:38:25,531 [INFO] bola_ai.training.load_knowledge: Loading knowledge file: bola_patterns.md
  [7s] 2026-04-10 09:38:26,197 [INFO] bola_ai.training.load_knowledge: Loading knowledge file: ai_teacher_bola_quality_patterns.md
  [7s] 2026-04-10 09:38:26,375 [INFO] bola_ai.training.load_knowledge: Loading knowledge file: phase1_small_model_guidelines.md
  [7s] 2026-04-10 09:38:26,436 [INFO] bola_ai.training.load_knowledge: Loading RAG chunks: /home/iredkach/Downloads/bola/bolaAi/data/training/bola_rag_chunks.txt
  [16s] 2026-04-10 09:38:35,612 [INFO] bola_ai.training.load_knowledge: Loaded 13 document(s) into RAG. Total chunks: 502
  [16s] Loaded 13 document(s) into RAG. Total chunks: 502
[13:38:36] [reload_rag] SUCCESS in 17s  rc=0
[13:38:36] [pipeline] STAGE 6: Evaluating on holdout set
[13:38:36] [eval_holdout] Starting: /usr/bin/python scripts/eval_security_agent_model.py
  [0s] {
  [0s]   "all_pass": false,
  [0s]   "report_json": "/home/iredkach/Downloads/bola/bolaAi/docs/eval_reports/model_eval_20260410T133837Z.json",
  [0s]   "report_md": "/home/iredkach/Downloads/bola/bolaAi/docs/eval_reports/model_eval_20260410T133837Z.md"
  [0s] }
[13:38:37] [eval_holdout] SUCCESS in 0s  rc=0
[13:38:37] [pipeline] STAGE 7: Running E2E tests against live API
[13:38:37] [e2e_tests] Starting: /usr/bin/python scripts/run_agent_e2e_loop_once.py http://localhost:8000
  [42s] Wrote /home/iredkach/Downloads/bola/bolaAi/docs/e2e_loop_last_run.json
  [42s] Person E2E completed: 6 separate analyze calls.
  [42s] LOGICAL CORRECTNESS FAILURES (4):
  [42s]   - q1: Expected structured findings or rationale+verification but found neither
  [42s]   - q2: Expected structured findings or rationale+verification but found neither
  [42s]   - q3: Expected either GraphQL verification steps or explicit 'not applicable' statement
  [42s]   - q4_detail_runbook: Expected numbered steps for runbook question but found none
[13:39:19] [e2e_tests] SUCCESS in 42s  rc=0
[13:39:19] [pipeline] STAGE 8: Verifying published model bundle for Docker bake
[13:39:19] [pipeline]   Published bundle found: bola-analyzer-20260410T133753Z (20 parts)
[13:39:19] [pipeline] STAGE 9: Building all-in-one Docker image
[13:39:19] [docker_build] Starting: docker build -f docker/Dockerfile.allinone -t ghcr.io/igorredkach/bolai:latest -t docker-bola-ai:latest .
  [0s] #0 building with "default" instance using docker driver
  [0s] 
  [0s] #1 [internal] load build definition from Dockerfile.allinone
  [0s] #1 transferring dockerfile: 3.54kB done
  [0s] #1 DONE 0.0s
  [0s] 
  [0s] #2 [internal] load metadata for docker.io/library/python:3.11-slim
  [0s] #2 DONE 0.5s
  [0s] 
  [0s] #3 [internal] load .dockerignore
  [0s] #3 transferring context: 2B done
  [0s] #3 DONE 0.0s
  [0s] 
  [0s] #4 [ 1/13] FROM docker.io/library/python:3.11-slim@sha256:233de06753d30d120b1a3ce359d8d3be8bda78524cd8f520c99883bfe33964cf
  [0s] #4 resolve docker.io/library/python:3.11-slim@sha256:233de06753d30d120b1a3ce359d8d3be8bda78524cd8f520c99883bfe33964cf 0.0s done
  [0s] #4 CACHED
  [0s] 
  [0s] #5 [internal] load build context
  [5s] #5 transferring context: 1.42GB 5.0s
  [8s] #5 transferring context: 2.00GB 7.4s done
  [8s] #5 DONE 7.4s
  [8s] 
  [8s] #6 [ 2/13] RUN apt-get update && apt-get install -y --no-install-recommends curl zstd ca-certificates &&     curl -fsSL https://ollama.com/download/ollama-linux-amd64.tar.zst | tar x --zstd -C /usr &&     apt-get purge -y zstd && apt-get autoremove -y && rm -rf /var/lib/apt/lists/*
  [8s] #6 0.411 Hit:1 http://deb.debian.org/debian trixie InRelease
  [8s] #6 0.672 Get:2 http://deb.debian.org/debian trixie-updates InRelease [47.3 kB]
  [8s] #6 0.716 Get:3 http://deb.debian.org/debian-security trixie-security InRelease [43.4 kB]
  [8s] #6 0.744 Get:4 http://deb.debian.org/debian trixie/main amd64 Packages [9671 kB]
  [8s] #6 1.200 Get:5 http://deb.debian.org/debian trixie-updates/main amd64 Packages [5412 B]
  [8s] #6 1.219 Get:6 http://deb.debian.org/debian-security trixie-security/main amd64 Packages [121 kB]
  [8s] #6 2.098 Fetched 9887 kB in 2s (5407 kB/s)
  [8s] #6 2.098 Reading package lists...
  [8s] #6 2.890 Reading package lists...
  [8s] #6 3.608 Building dependency tree...
  [8s] #6 3.775 Reading state information...
  [8s] #6 4.115 ca-certificates is already the newest version (20250419).
  [8s] #6 4.115 The following additional packages will be installed:
  [8s] #6 4.116   libbrotli1 libcom-err2 libcurl4t64 libgnutls30t64 libgssapi-krb5-2 libidn2-0
  [8s] #6 4.116   libk5crypto3 libkeyutils1 libkrb5-3 libkrb5support0 libldap2 libnghttp2-14
  [8s] #6 4.117   libnghttp3-9 libp11-kit0 libpsl5t64 librtmp1 libsasl2-2 libsasl2-modules-db
  [8s] #6 4.118   libssh2-1t64 libtasn1-6 libunistring5
  [8s] #6 4.121 Suggested packages:
  [8s] #6 4.121   gnutls-bin krb5-doc krb5-user
  [8s] #6 4.121 Recommended packages:
  [8s] #6 4.121   bash-completion krb5-locales libldap-common publicsuffix libsasl2-modules
  [8s] #6 4.364 The following NEW packages will be installed:
  [8s] #6 4.365   curl libbrotli1 libcom-err2 libcurl4t64 libgnutls30t64 libgssapi-krb5-2
  [8s] #6 4.365   libidn2-0 libk5crypto3 libkeyutils1 libkrb5-3 libkrb5support0 libldap2
  [8s] #6 4.366   libnghttp2-14 libnghttp3-9 libp11-kit0 libpsl5t64 librtmp1 libsasl2-2
  [8s] #6 4.367   libsasl2-modules-db libssh2-1t64 libtasn1-6 libunistring5 zstd
  [8s] #6 4.546 0 upgraded, 23 newly installed, 0 to remove and 3 not upgraded.
  [8s] #6 4.546 Need to get 5642 kB of archives.
  [8s] #6 4.546 After this operation, 17.1 MB of additional disk space will be used.
  [8s] #6 4.546 Get:1 http://deb.debian.org/debian trixie/main amd64 libbrotli1 amd64 1.1.0-2+b7 [307 kB]
  [8s] #6 4.776 Get:2 http://deb.debian.org/debian trixie/main amd64 libkrb5support0 amd64 1.21.3-5 [33.0 kB]
  [8s] #6 4.791 Get:3 http://deb.debian.org/debian trixie/main amd64 libcom-err2 amd64 1.47.2-3+b10 [25.0 kB]
  [8s] #6 4.811 Get:4 http://deb.debian.org/debian trixie/main amd64 libk5crypto3 amd64 1.21.3-5 [81.5 kB]
  [8s] #6 4.863 Get:5 http://deb.debian.org/debian trixie/main amd64 libkeyutils1 amd64 1.6.3-6 [9456 B]
  [8s] #6 4.867 Get:6 http://deb.debian.org/debian trixie/main amd64 libkrb5-3 amd64 1.21.3-5 [326 kB]
  [8s] #6 5.029 Get:7 http://deb.debian.org/debian trixie/main amd64 libgssapi-krb5-2 amd64 1.21.3-5 [138 kB]
  [8s] #6 5.101 Get:8 http://deb.debian.org/debian trixie/main amd64 libunistring5 amd64 1.3-2 [477 kB]
  [8s] #6 5.308 Get:9 http://deb.debian.org/debian trixie/main amd64 libidn2-0 amd64 2.3.8-2 [109 kB]
  [8s] #6 5.351 Get:10 http://deb.debian.org/debian trixie/main amd64 libsasl2-modules-db amd64 2.1.28+dfsg1-9 [19.8 kB]
  [8s] #6 5.359 Get:11 http://deb.debian.org/debian trixie/main amd64 libsasl2-2 amd64 2.1.28+dfsg1-9 [57.5 kB]
  [8s] #6 5.387 Get:12 http://deb.debian.org/debian trixie/main amd64 libldap2 amd64 2.6.10+dfsg-1 [194 kB]
  [8s] #6 5.460 Get:13 http://deb.debian.org/debian trixie/main amd64 libnghttp2-14 amd64 1.64.0-1.1 [76.0 kB]
  [8s] #6 5.487 Get:14 http://deb.debian.org/debian trixie/main amd64 libnghttp3-9 amd64 1.8.0-1 [67.7 kB]
  [8s] #6 5.506 Get:15 http://deb.debian.org/debian trixie/main amd64 libpsl5t64 amd64 0.21.2-1.1+b1 [57.2 kB]
  [8s] #6 5.525 Get:16 http://deb.debian.org/debian trixie/main amd64 libp11-kit0 amd64 0.25.5-3 [425 kB]
  [8s] #6 5.672 Get:17 http://deb.debian.org/debian trixie/main amd64 libtasn1-6 amd64 4.20.0-2 [49.9 kB]
  [8s] #6 5.688 Get:18 http://deb.debian.org/debian trixie/main amd64 libgnutls30t64 amd64 3.8.9-3+deb13u2 [1468 kB]
  [8s] #6 6.150 Get:19 http://deb.debian.org/debian trixie/main amd64 librtmp1 amd64 2.4+20151223.gitfa8646d.1-2+b5 [58.8 kB]
  [8s] #6 6.162 Get:20 http://deb.debian.org/debian trixie/main amd64 libssh2-1t64 amd64 1.11.1-1 [245 kB]
  [8s] #6 6.232 Get:21 http://deb.debian.org/debian trixie/main amd64 libcurl4t64 amd64 8.14.1-2+deb13u2 [391 kB]
  [8s] #6 6.339 Get:22 http://deb.debian.org/debian trixie/main amd64 curl amd64 8.14.1-2+deb13u2 [270 kB]
  [8s] #6 6.400 Get:23 http://deb.debian.org/debian trixie/main amd64 zstd amd64 1.5.7+dfsg-1 [756 kB]
  [8s] #6 6.820 debconf: unable to initialize frontend: Dialog
  [8s] #6 6.820 debconf: (TERM is not set, so the dialog frontend is not usable.)
  [8s] #6 6.820 debconf: falling back to frontend: Readline
  [8s] #6 6.820 debconf: unable to initialize frontend: Readline
  [8s] #6 6.820 debconf: (Can't locate Term/ReadLine.pm in @INC (you may need to install the Term::ReadLine module) (@INC entries checked: /etc/perl /usr/local/lib/x86_64-linux-gnu/perl/5.40.1 /usr/local/share/perl/5.40.1 /usr/lib/x86_64-linux-gnu/perl5/5.40 /usr/share/perl5 /usr/lib/x86_64-linux-gnu/perl-base /usr/lib/x86_64-linux-gnu/perl/5.40 /usr/share/perl/5.40 /usr/local/lib/site_perl) at /usr/share/perl5/Debconf/FrontEnd/Readline.pm line 8, <STDIN> line 23.)
  [8s] #6 6.820 debconf: falling back to frontend: Teletype
  [8s] #6 6.824 debconf: unable to initialize frontend: Teletype
  [8s] #6 6.824 debconf: (This frontend requires a controlling tty.)
  [8s] #6 6.824 debconf: falling back to frontend: Noninteractive
  [8s] #6 7.621 Fetched 5642 kB in 2s (2528 kB/s)
  [8s] #6 7.672 Selecting previously unselected package libbrotli1:amd64.
  [8s] #6 7.672 (Reading database ... 
  [8s] (Reading database ... 5%
  [8s] (Reading database ... 10%
  [8s] (Reading database ... 15%
  [8s] (Reading database ... 20%
  [8s] (Reading database ... 25%
  [8s] (Reading database ... 30%
  [8s] (Reading database ... 35%
  [8s] (Reading database ... 40%
  [8s] (Reading database ... 45%
  [8s] (Reading database ... 50%
  [8s] (Reading database ... 55%
  [8s] (Reading database ... 60%
  [8s] (Reading database ... 65%
  [8s] (Reading database ... 70%
  [8s] (Reading database ... 75%
  [8s] (Reading database ... 80%
  [8s] (Reading database ... 85%
  [8s] (Reading database ... 90%
  [8s] (Reading database ... 95%
  [8s] (Reading database ... 100%
  [8s] (Reading database ... 5645 files and directories currently installed.)
  [8s] #6 7.711 Preparing to unpack .../00-libbrotli1_1.1.0-2+b7_amd64.deb ...
  [8s] #6 7.778 Unpacking libbrotli1:amd64 (1.1.0-2+b7) ...
  [8s] #6 7.815 Selecting previously unselected package libkrb5support0:amd64.
  [8s] #6 7.816 Preparing to unpack .../01-libkrb5support0_1.21.3-5_amd64.deb ...
  [8s] #6 7.819 Unpacking libkrb5support0:amd64 (1.21.3-5) ...
  [8s] #6 7.845 Selecting previously unselected package libcom-err2:amd64.
  [8s] #6 7.846 Preparing to unpack .../02-libcom-err2_1.47.2-3+b10_amd64.deb ...
  [8s] #6 7.848 Unpacking libcom-err2:amd64 (1.47.2-3+b10) ...
  [8s] #6 7.868 Selecting previously unselected package libk5crypto3:amd64.
  [8s] #6 7.869 Preparing to unpack .../03-libk5crypto3_1.21.3-5_amd64.deb ...
  [8s] #6 7.871 Unpacking libk5crypto3:amd64 (1.21.3-5) ...
  [8s] #6 7.894 Selecting previously unselected package libkeyutils1:amd64.
  [8s] #6 7.896 Preparing to unpack .../04-libkeyutils1_1.6.3-6_amd64.deb ...
  [8s] #6 7.898 Unpacking libkeyutils1:amd64 (1.6.3-6) ...
  [8s] #6 7.921 Selecting previously unselected package libkrb5-3:amd64.
  [8s] #6 7.922 Preparing to unpack .../05-libkrb5-3_1.21.3-5_amd64.deb ...
  [8s] #6 7.924 Unpacking libkrb5-3:amd64 (1.21.3-5) ...
  [8s] #6 7.957 Selecting previously unselected package libgssapi-krb5-2:amd64.
  [8s] #6 7.959 Preparing to unpack .../06-libgssapi-krb5-2_1.21.3-5_amd64.deb ...
  [8s] #6 7.961 Unpacking libgssapi-krb5-2:amd64 (1.21.3-5) ...
  [8s] #6 7.986 Selecting previously unselected package libunistring5:amd64.
  [8s] #6 7.987 Preparing to unpack .../07-libunistring5_1.3-2_amd64.deb ...
  [8s] #6 7.989 Unpacking libunistring5:amd64 (1.3-2) ...
  [8s] #6 8.034 Selecting previously unselected package libidn2-0:amd64.
  [8s] #6 8.035 Preparing to unpack .../08-libidn2-0_2.3.8-2_amd64.deb ...
  [8s] #6 8.037 Unpacking libidn2-0:amd64 (2.3.8-2) ...
  [8s] #6 8.060 Selecting previously unselected package libsasl2-modules-db:amd64.
  [8s] #6 8.061 Preparing to unpack .../09-libsasl2-modules-db_2.1.28+dfsg1-9_amd64.deb ...
  [8s] #6 8.063 Unpacking libsasl2-modules-db:amd64 (2.1.28+dfsg1-9) ...
  [8s] #6 8.082 Selecting previously unselected package libsasl2-2:amd64.
  [8s] #6 8.084 Preparing to unpack .../10-libsasl2-2_2.1.28+dfsg1-9_amd64.deb ...
  [8s] #6 8.086 Unpacking libsasl2-2:amd64 (2.1.28+dfsg1-9) ...
  [8s] #6 8.107 Selecting previously unselected package libldap2:amd64.
  [8s] #6 8.109 Preparing to unpack .../11-libldap2_2.6.10+dfsg-1_amd64.deb ...
  [8s] #6 8.111 Unpacking libldap2:amd64 (2.6.10+dfsg-1) ...
  [8s] #6 8.139 Selecting previously unselected package libnghttp2-14:amd64.
  [9s] #6 8.140 Preparing to unpack .../12-libnghttp2-14_1.64.0-1.1_amd64.deb ...
  [9s] #6 8.142 Unpacking libnghttp2-14:amd64 (1.64.0-1.1) ...
  [9s] #6 8.164 Selecting previously unselected package libnghttp3-9:amd64.
  [9s] #6 8.165 Preparing to unpack .../13-libnghttp3-9_1.8.0-1_amd64.deb ...
  [9s] #6 8.167 Unpacking libnghttp3-9:amd64 (1.8.0-1) ...
  [9s] #6 8.188 Selecting previously unselected package libpsl5t64:amd64.
  [9s] #6 8.189 Preparing to unpack .../14-libpsl5t64_0.21.2-1.1+b1_amd64.deb ...
  [9s] #6 8.191 Unpacking libpsl5t64:amd64 (0.21.2-1.1+b1) ...
  [9s] #6 8.213 Selecting previously unselected package libp11-kit0:amd64.
  [9s] #6 8.215 Preparing to unpack .../15-libp11-kit0_0.25.5-3_amd64.deb ...
  [9s] #6 8.217 Unpacking libp11-kit0:amd64 (0.25.5-3) ...
  [9s] #6 8.253 Selecting previously unselected package libtasn1-6:amd64.
  [9s] #6 8.254 Preparing to unpack .../16-libtasn1-6_4.20.0-2_amd64.deb ...
  [9s] #6 8.256 Unpacking libtasn1-6:amd64 (4.20.0-2) ...
  [9s] #6 8.278 Selecting previously unselected package libgnutls30t64:amd64.
  [9s] #6 8.279 Preparing to unpack .../17-libgnutls30t64_3.8.9-3+deb13u2_amd64.deb ...
  [9s] #6 8.280 Unpacking libgnutls30t64:amd64 (3.8.9-3+deb13u2) ...
  [9s] #6 8.339 Selecting previously unselected package librtmp1:amd64.
  [9s] #6 8.341 Preparing to unpack .../18-librtmp1_2.4+20151223.gitfa8646d.1-2+b5_amd64.deb ...
  [9s] #6 8.342 Unpacking librtmp1:amd64 (2.4+20151223.gitfa8646d.1-2+b5) ...
  [9s] #6 8.363 Selecting previously unselected package libssh2-1t64:amd64.
  [9s] #6 8.364 Preparing to unpack .../19-libssh2-1t64_1.11.1-1_amd64.deb ...
  [9s] #6 8.366 Unpacking libssh2-1t64:amd64 (1.11.1-1) ...
  [9s] #6 8.392 Selecting previously unselected package libcurl4t64:amd64.
  [9s] #6 8.394 Preparing to unpack .../20-libcurl4t64_8.14.1-2+deb13u2_amd64.deb ...
  [9s] #6 8.396 Unpacking libcurl4t64:amd64 (8.14.1-2+deb13u2) ...
  [9s] #6 8.430 Selecting previously unselected package curl.
  [9s] #6 8.431 Preparing to unpack .../21-curl_8.14.1-2+deb13u2_amd64.deb ...
  [9s] #6 8.433 Unpacking curl (8.14.1-2+deb13u2) ...
  [9s] #6 8.460 Selecting previously unselected package zstd.
  [9s] #6 8.463 Preparing to unpack .../22-zstd_1.5.7+dfsg-1_amd64.deb ...
  [9s] #6 8.465 Unpacking zstd (1.5.7+dfsg-1) ...
  [9s] #6 8.517 Setting up libkeyutils1:amd64 (1.6.3-6) ...
  [9s] #6 8.523 Setting up libbrotli1:amd64 (1.1.0-2+b7) ...
  [9s] #6 8.528 Setting up libnghttp2-14:amd64 (1.64.0-1.1) ...
  [9s] #6 8.533 Setting up libcom-err2:amd64 (1.47.2-3+b10) ...
  [9s] #6 8.540 Setting up libkrb5support0:amd64 (1.21.3-5) ...
  [9s] #6 8.545 Setting up libsasl2-modules-db:amd64 (2.1.28+dfsg1-9) ...
  [9s] #6 8.550 Setting up libp11-kit0:amd64 (0.25.5-3) ...
  [9s] #6 8.555 Setting up libunistring5:amd64 (1.3-2) ...
  [9s] #6 8.560 Setting up libk5crypto3:amd64 (1.21.3-5) ...
  [9s] #6 8.565 Setting up libsasl2-2:amd64 (2.1.28+dfsg1-9) ...
  [9s] #6 8.570 Setting up libnghttp3-9:amd64 (1.8.0-1) ...
  [9s] #6 8.574 Setting up libtasn1-6:amd64 (4.20.0-2) ...
  [9s] #6 8.580 Setting up libkrb5-3:amd64 (1.21.3-5) ...
  [9s] #6 8.585 Setting up libssh2-1t64:amd64 (1.11.1-1) ...
  [9s] #6 8.590 Setting up zstd (1.5.7+dfsg-1) ...
  [9s] #6 8.596 Setting up libldap2:amd64 (2.6.10+dfsg-1) ...
  [9s] #6 8.601 Setting up libidn2-0:amd64 (2.3.8-2) ...
  [9s] #6 8.606 Setting up libgssapi-krb5-2:amd64 (1.21.3-5) ...
  [9s] #6 8.611 Setting up libgnutls30t64:amd64 (3.8.9-3+deb13u2) ...
  [9s] #6 8.616 Setting up libpsl5t64:amd64 (0.21.2-1.1+b1) ...
  [9s] #6 8.622 Setting up librtmp1:amd64 (2.4+20151223.gitfa8646d.1-2+b5) ...
  [9s] #6 8.627 Setting up libcurl4t64:amd64 (8.14.1-2+deb13u2) ...
  [9s] #6 8.632 Setting up curl (8.14.1-2+deb13u2) ...
  [9s] #6 8.638 Processing triggers for libc-bin (2.41-12+deb13u2) ...
  [38s] #6 37.15 Reading package lists...
  [38s] #6 37.64 Building dependency tree...
  [38s] #6 37.76 Reading state information...
  [38s] #6 37.95 The following packages will be REMOVED:
  [38s] #6 37.95   zstd*
  [38s] #6 38.09 0 upgraded, 0 newly installed, 1 to remove and 3 not upgraded.
  [38s] #6 38.09 After this operation, 2376 kB disk space will be freed.
  [39s] #6 38.10 (Reading database ... 
  [39s] (Reading database ... 5%
  [39s] (Reading database ... 10%
  [39s] (Reading database ... 15%
  [39s] (Reading database ... 20%
  [39s] (Reading database ... 25%
  [39s] (Reading database ... 30%
  [39s] (Reading database ... 35%
  [39s] (Reading database ... 40%
  [39s] (Reading database ... 45%
  [39s] (Reading database ... 50%
  [39s] (Reading database ... 55%
  [39s] (Reading database ... 60%
  [39s] (Reading database ... 65%
  [39s] (Reading database ... 70%
  [39s] (Reading database ... 75%
  [39s] (Reading database ... 80%
  [39s] (Reading database ... 85%
  [39s] (Reading database ... 90%
  [39s] (Reading database ... 95%
  [39s] (Reading database ... 100%
  [39s] (Reading database ... 5890 files and directories currently installed.)
  [39s] #6 38.11 Removing zstd (1.5.7+dfsg-1) ...
  [39s] #6 38.16 Reading package lists...
  [39s] #6 38.62 Building dependency tree...
  [39s] #6 38.75 Reading state information...
  [39s] #6 38.95 0 upgraded, 0 newly installed, 0 to remove and 3 not upgraded.
  [40s] #6 DONE 39.3s
  [40s] 
  [40s] #7 [ 3/13] WORKDIR /app
  [40s] #7 DONE 0.1s
  [40s] 
  [40s] #8 [ 4/13] RUN pip install --no-cache-dir fastapi "uvicorn[standard]" httpx pydantic chromadb sentence-transformers python-multipart jinja2 pyyaml
  [41s] #8 1.724 Collecting fastapi
  [43s] #8 2.847   Downloading fastapi-0.135.3-py3-none-any.whl.metadata (28 kB)
  [43s] #8 2.940 Collecting httpx
  [43s] #8 2.961   Downloading httpx-0.28.1-py3-none-any.whl.metadata (7.1 kB)
  [43s] #8 3.145 Collecting pydantic
  [43s] #8 3.176   Downloading pydantic-2.12.5-py3-none-any.whl.metadata (90 kB)
  [43s] #8 3.205      ━━━━━━━━━━━━━━━━━━━━━━━━━━━━━━━━━━━━━━━━ 90.6/90.6 kB 3.1 MB/s eta 0:00:00
  [43s] #8 3.275 Collecting chromadb
  [43s] #8 3.296   Downloading chromadb-1.5.7-cp39-abi3-manylinux_2_17_x86_64.manylinux2014_x86_64.whl.metadata (5.0 kB)
  [43s] #8 3.335 Collecting sentence-transformers
  [43s] #8 3.356   Downloading sentence_transformers-5.4.0-py3-none-any.whl.metadata (17 kB)
  [43s] #8 3.395 Collecting python-multipart
  [43s] #8 3.415   Downloading python_multipart-0.0.25-py3-none-any.whl.metadata (2.1 kB)
  [43s] #8 3.449 Collecting jinja2
  [43s] #8 3.471   Downloading jinja2-3.1.6-py3-none-any.whl.metadata (2.9 kB)
  [43s] #8 3.539 Collecting pyyaml
  [43s] #8 3.565   Downloading pyyaml-6.0.3-cp311-cp311-manylinux2014_x86_64.manylinux_2_17_x86_64.manylinux_2_28_x86_64.whl.metadata (2.4 kB)
  [43s] #8 3.619 Collecting uvicorn[standard]
  [43s] #8 3.641   Downloading uvicorn-0.44.0-py3-none-any.whl.metadata (6.7 kB)
  [43s] #8 3.708 Collecting starlette>=0.46.0 (from fastapi)
  [43s] #8 3.731   Downloading starlette-1.0.0-py3-none-any.whl.metadata (6.3 kB)
  [43s] #8 3.811 Collecting typing-extensions>=4.8.0 (from fastapi)
  [44s] #8 3.831   Downloading typing_extensions-4.15.0-py3-none-any.whl.metadata (3.3 kB)
  [44s] #8 3.865 Collecting typing-inspection>=0.4.2 (from fastapi)
  [44s] #8 3.901   Downloading typing_inspection-0.4.2-py3-none-any.whl.metadata (2.6 kB)
  [44s] #8 3.931 Collecting annotated-doc>=0.0.2 (from fastapi)
  [44s] #8 3.956   Downloading annotated_doc-0.0.4-py3-none-any.whl.metadata (6.6 kB)
  [44s] #8 4.004 Collecting click>=7.0 (from uvicorn[standard])
  [44s] #8 4.042   Downloading click-8.3.2-py3-none-any.whl.metadata (2.6 kB)
  [44s] #8 4.078 Collecting h11>=0.8 (from uvicorn[standard])
  [44s] #8 4.101   Downloading h11-0.16.0-py3-none-any.whl.metadata (8.3 kB)
  [44s] #8 4.160 Collecting httptools>=0.6.3 (from uvicorn[standard])
  [44s] #8 4.192   Downloading httptools-0.7.1-cp311-cp311-manylinux1_x86_64.manylinux_2_28_x86_64.manylinux_2_5_x86_64.whl.metadata (3.5 kB)
  [44s] #8 4.242 Collecting python-dotenv>=0.13 (from uvicorn[standard])
  [44s] #8 4.492   Downloading python_dotenv-1.2.2-py3-none-any.whl.metadata (27 kB)
  [44s] #8 4.566 Collecting uvloop>=0.15.1 (from uvicorn[standard])
  [44s] #8 4.587   Downloading uvloop-0.22.1-cp311-cp311-manylinux2014_x86_64.manylinux_2_17_x86_64.manylinux_2_28_x86_64.whl.metadata (4.9 kB)
  [44s] #8 4.703 Collecting watchfiles>=0.20 (from uvicorn[standard])
  [45s] #8 4.726   Downloading watchfiles-1.1.1-cp311-cp311-manylinux_2_17_x86_64.manylinux2014_x86_64.whl.metadata (4.9 kB)
  [45s] #8 4.870 Collecting websockets>=10.4 (from uvicorn[standard])
  [45s] #8 4.897   Downloading websockets-16.0-cp311-cp311-manylinux1_x86_64.manylinux_2_28_x86_64.manylinux_2_5_x86_64.whl.metadata (6.8 kB)
  [45s] #8 4.948 Collecting anyio (from httpx)
  [45s] #8 4.968   Downloading anyio-4.13.0-py3-none-any.whl.metadata (4.5 kB)
  [45s] #8 5.007 Collecting certifi (from httpx)
  [45s] #8 5.043   Downloading certifi-2026.2.25-py3-none-any.whl.metadata (2.5 kB)
  [45s] #8 5.083 Collecting httpcore==1.* (from httpx)
  [45s] #8 5.116   Downloading httpcore-1.0.9-py3-none-any.whl.metadata (21 kB)
  [45s] #8 5.149 Collecting idna (from httpx)
  [45s] #8 5.172   Downloading idna-3.11-py3-none-any.whl.metadata (8.4 kB)
  [45s] #8 5.216 Collecting annotated-types>=0.6.0 (from pydantic)
  [45s] #8 5.237   Downloading annotated_types-0.7.0-py3-none-any.whl.metadata (15 kB)
  [46s] #8 6.244 Collecting pydantic-core==2.41.5 (from pydantic)
  [46s] #8 6.269   Downloading pydantic_core-2.41.5-cp311-cp311-manylinux_2_17_x86_64.manylinux2014_x86_64.whl.metadata (7.3 kB)
  [46s] #8 6.317 Collecting build>=1.0.3 (from chromadb)
  [46s] #8 6.342   Downloading build-1.4.2-py3-none-any.whl.metadata (5.8 kB)
  [46s] #8 6.387 Collecting pydantic-settings>=2.0 (from chromadb)
  [46s] #8 6.412   Downloading pydantic_settings-2.13.1-py3-none-any.whl.metadata (3.4 kB)
  [46s] #8 6.550 Collecting pybase64>=1.4.1 (from chromadb)
  [46s] #8 6.571   Downloading pybase64-1.4.3-cp311-cp311-manylinux1_x86_64.manylinux2014_x86_64.manylinux_2_17_x86_64.manylinux_2_5_x86_64.whl.metadata (8.7 kB)
  [47s] #8 6.915 Collecting numpy>=1.22.5 (from chromadb)
  [47s] #8 6.940   Downloading numpy-2.4.4-cp311-cp311-manylinux_2_27_x86_64.manylinux_2_28_x86_64.whl.metadata (6.6 kB)
  [47s] #8 7.042 Collecting onnxruntime>=1.14.1 (from chromadb)
  [47s] #8 7.062   Downloading onnxruntime-1.24.4-cp311-cp311-manylinux_2_27_x86_64.manylinux_2_28_x86_64.whl.metadata (5.2 kB)
  [47s] #8 7.107 Collecting opentelemetry-api>=1.2.0 (from chromadb)
  [47s] #8 7.132   Downloading opentelemetry_api-1.41.0-py3-none-any.whl.metadata (1.5 kB)
  [47s] #8 7.176 Collecting opentelemetry-exporter-otlp-proto-grpc>=1.2.0 (from chromadb)
  [47s] #8 7.197   Downloading opentelemetry_exporter_otlp_proto_grpc-1.41.0-py3-none-any.whl.metadata (2.6 kB)
  [47s] #8 7.249 Collecting opentelemetry-sdk>=1.2.0 (from chromadb)
  [47s] #8 7.275   Downloading opentelemetry_sdk-1.41.0-py3-none-any.whl.metadata (1.7 kB)
  [47s] #8 7.471 Collecting tokenizers>=0.13.2 (from chromadb)
  [47s] #8 7.497   Downloading tokenizers-0.22.2-cp39-abi3-manylinux_2_17_x86_64.manylinux2014_x86_64.whl.metadata (7.3 kB)
  [47s] #8 7.615 Collecting pypika>=0.48.9 (from chromadb)
  [47s] #8 7.639   Downloading pypika-0.51.1-py2.py3-none-any.whl.metadata (51 kB)
  [47s] #8 7.649      ━━━━━━━━━━━━━━━━━━━━━━━━━━━━━━━━━━━━━━━━ 52.0/52.0 kB 5.7 MB/s eta 0:00:00
  [47s] #8 7.732 Collecting tqdm>=4.65.0 (from chromadb)
  [48s] #8 7.761   Downloading tqdm-4.67.3-py3-none-any.whl.metadata (57 kB)
  [48s] #8 7.781      ━━━━━━━━━━━━━━━━━━━━━━━━━━━━━━━━━━━━━━━━ 57.7/57.7 kB 3.4 MB/s eta 0:00:00
  [48s] #8 7.815 Collecting overrides>=7.3.1 (from chromadb)
  [48s] #8 7.842   Downloading overrides-7.7.0-py3-none-any.whl.metadata (5.8 kB)
  [48s] #8 7.887 Collecting importlib-resources (from chromadb)
  [48s] #8 7.913   Downloading importlib_resources-6.5.2-py3-none-any.whl.metadata (3.9 kB)
  [48s] #8 8.761 Collecting grpcio>=1.58.0 (from chromadb)
  [49s] #8 8.787   Downloading grpcio-1.80.0-cp311-cp311-manylinux2014_x86_64.manylinux_2_17_x86_64.whl.metadata (3.8 kB)
  [49s] #8 8.856 Collecting bcrypt>=4.0.1 (from chromadb)
  [49s] #8 8.878   Downloading bcrypt-5.0.0-cp39-abi3-manylinux_2_34_x86_64.whl.metadata (10 kB)
  [49s] #8 8.931 Collecting typer>=0.9.0 (from chromadb)
  [49s] #8 8.957   Downloading typer-0.24.1-py3-none-any.whl.metadata (16 kB)
  [49s] #8 9.004 Collecting kubernetes>=28.1.0 (from chromadb)
  [49s] #8 9.031   Downloading kubernetes-35.0.0-py2.py3-none-any.whl.metadata (1.7 kB)
  [49s] #8 9.068 Collecting tenacity>=8.2.3 (from chromadb)
  [49s] #8 9.092   Downloading tenacity-9.1.4-py3-none-any.whl.metadata (1.2 kB)
  [49s] #8 9.159 Collecting mmh3>=4.0.1 (from chromadb)
  [49s] #8 9.182   Downloading mmh3-5.2.1-cp311-cp311-manylinux1_x86_64.manylinux_2_28_x86_64.manylinux_2_5_x86_64.whl.metadata (14 kB)
  [49s] #8 9.513 Collecting orjson>=3.9.12 (from chromadb)
  [49s] #8 9.537   Downloading orjson-3.11.8-cp311-cp311-manylinux_2_17_x86_64.manylinux2014_x86_64.whl.metadata (41 kB)
  [49s] #8 9.546      ━━━━━━━━━━━━━━━━━━━━━━━━━━━━━━━━━━━━━━━━ 42.0/42.0 kB 5.5 MB/s eta 0:00:00
  [49s] #8 9.633 Collecting rich>=10.11.0 (from chromadb)
  [49s] #8 9.659   Downloading rich-14.3.3-py3-none-any.whl.metadata (18 kB)
  [49s] #8 9.725 Collecting jsonschema>=4.19.0 (from chromadb)
  [49s] #8 9.748   Downloading jsonschema-4.26.0-py3-none-any.whl.metadata (7.6 kB)
  [50s] #8 9.848 Collecting transformers<6.0.0,>=4.41.0 (from sentence-transformers)
  [50s] #8 9.873   Downloading transformers-5.5.3-py3-none-any.whl.metadata (32 kB)
  [50s] #8 9.985 Collecting huggingface-hub>=0.23.0 (from sentence-transformers)
  [50s] #8 10.01   Downloading huggingface_hub-1.10.1-py3-none-any.whl.metadata (14 kB)
  [50s] #8 10.09 Collecting torch>=1.11.0 (from sentence-transformers)
  [50s] #8 10.12   Downloading torch-2.11.0-cp311-cp311-manylinux_2_28_x86_64.whl.metadata (29 kB)
  [50s] #8 10.39 Collecting scikit-learn>=0.22.0 (from sentence-transformers)
  [50s] #8 10.42   Downloading scikit_learn-1.8.0-cp311-cp311-manylinux_2_27_x86_64.manylinux_2_28_x86_64.whl.metadata (11 kB)
  [50s] #8 10.59 Collecting scipy>=1.0.0 (from sentence-transformers)
  [50s] #8 10.62   Downloading scipy-1.17.1-cp311-cp311-manylinux_2_27_x86_64.manylinux_2_28_x86_64.whl.metadata (62 kB)
  [50s] #8 10.63      ━━━━━━━━━━━━━━━━━━━━━━━━━━━━━━━━━━━━━━━━ 62.1/62.1 kB 6.0 MB/s eta 0:00:00
  [50s] #8 10.72 Collecting MarkupSafe>=2.0 (from jinja2)
  [51s] #8 10.74   Downloading markupsafe-3.0.3-cp311-cp311-manylinux2014_x86_64.manylinux_2_17_x86_64.manylinux_2_28_x86_64.whl.metadata (2.7 kB)
  [51s] #8 10.79 Collecting packaging>=24.0 (from build>=1.0.3->chromadb)
  [51s] #8 10.82   Downloading packaging-26.0-py3-none-any.whl.metadata (3.3 kB)
  [51s] #8 10.85 Collecting pyproject_hooks (from build>=1.0.3->chromadb)
  [51s] #8 10.88   Downloading pyproject_hooks-1.2.0-py3-none-any.whl.metadata (1.3 kB)
  [51s] #8 10.98 Collecting filelock>=3.10.0 (from huggingface-hub>=0.23.0->sentence-transformers)
  [51s] #8 11.00   Downloading filelock-3.25.2-py3-none-any.whl.metadata (2.0 kB)
  [51s] #8 11.05 Collecting fsspec>=2023.5.0 (from huggingface-hub>=0.23.0->sentence-transformers)
  [51s] #8 11.07   Downloading fsspec-2026.3.0-py3-none-any.whl.metadata (10 kB)
  [51s] #8 11.17 Collecting hf-xet<2.0.0,>=1.4.3 (from huggingface-hub>=0.23.0->sentence-transformers)
  [51s] #8 11.20   Downloading hf_xet-1.4.3-cp37-abi3-manylinux2014_x86_64.manylinux_2_17_x86_64.whl.metadata (4.9 kB)
  [51s] #8 11.27 Collecting attrs>=22.2.0 (from jsonschema>=4.19.0->chromadb)
  [51s] #8 11.30   Downloading attrs-26.1.0-py3-none-any.whl.metadata (8.8 kB)
  [51s] #8 11.34 Collecting jsonschema-specifications>=2023.03.6 (from jsonschema>=4.19.0->chromadb)
  [51s] #8 11.36   Downloading jsonschema_specifications-2025.9.1-py3-none-any.whl.metadata (2.9 kB)
  [51s] #8 11.41 Collecting referencing>=0.28.4 (from jsonschema>=4.19.0->chromadb)
  [51s] #8 11.43   Downloading referencing-0.37.0-py3-none-any.whl.metadata (2.8 kB)
  [51s] #8 11.78 Collecting rpds-py>=0.25.0 (from jsonschema>=4.19.0->chromadb)
  [52s] #8 11.82   Downloading rpds_py-0.30.0-cp311-cp311-manylinux_2_17_x86_64.manylinux2014_x86_64.whl.metadata (4.1 kB)
  [52s] #8 11.86 Collecting six>=1.9.0 (from kubernetes>=28.1.0->chromadb)
  [52s] #8 11.89   Downloading six-1.17.0-py2.py3-none-any.whl.metadata (1.7 kB)
  [52s] #8 11.92 Collecting python-dateutil>=2.5.3 (from kubernetes>=28.1.0->chromadb)
  [52s] #8 11.94   Downloading python_dateutil-2.9.0.post0-py2.py3-none-any.whl.metadata (8.4 kB)
  [52s] #8 12.00 Collecting websocket-client!=0.40.0,!=0.41.*,!=0.42.*,>=0.32.0 (from kubernetes>=28.1.0->chromadb)
  [52s] #8 12.03   Downloading websocket_client-1.9.0-py3-none-any.whl.metadata (8.3 kB)
  [52s] #8 12.08 Collecting requests (from kubernetes>=28.1.0->chromadb)
  [52s] #8 12.11   Downloading requests-2.33.1-py3-none-any.whl.metadata (4.8 kB)
  [52s] #8 12.14 Collecting requests-oauthlib (from kubernetes>=28.1.0->chromadb)
  [52s] #8 12.17   Downloading requests_oauthlib-2.0.0-py2.py3-none-any.whl.metadata (11 kB)
  [52s] #8 12.23 Collecting urllib3!=2.6.0,>=1.24.2 (from kubernetes>=28.1.0->chromadb)
  [52s] #8 12.26   Downloading urllib3-2.6.3-py3-none-any.whl.metadata (6.9 kB)
  [52s] #8 12.30 Collecting durationpy>=0.7 (from kubernetes>=28.1.0->chromadb)
  [52s] #8 12.32   Downloading durationpy-0.10-py3-none-any.whl.metadata (340 bytes)
  [52s] #8 12.38 Collecting flatbuffers (from onnxruntime>=1.14.1->chromadb)
  [52s] #8 12.40   Downloading flatbuffers-25.12.19-py2.py3-none-any.whl.metadata (1.0 kB)
  [53s] #8 12.82 Collecting protobuf (from onnxruntime>=1.14.1->chromadb)
  [53s] #8 12.84   Downloading protobuf-7.34.1-cp310-abi3-manylinux2014_x86_64.whl.metadata (595 bytes)
  [53s] #8 12.89 Collecting sympy (from onnxruntime>=1.14.1->chromadb)
  [53s] #8 12.91   Downloading sympy-1.14.0-py3-none-any.whl.metadata (12 kB)
  [53s] #8 12.99 Collecting importlib-metadata<8.8.0,>=6.0 (from opentelemetry-api>=1.2.0->chromadb)
  [53s] #8 13.01   Downloading importlib_metadata-8.7.1-py3-none-any.whl.metadata (4.7 kB)
  [53s] #8 13.05 Collecting googleapis-common-protos~=1.57 (from opentelemetry-exporter-otlp-proto-grpc>=1.2.0->chromadb)
  [53s] #8 13.08   Downloading googleapis_common_protos-1.74.0-py3-none-any.whl.metadata (9.2 kB)
  [53s] #8 13.13 Collecting opentelemetry-exporter-otlp-proto-common==1.41.0 (from opentelemetry-exporter-otlp-proto-grpc>=1.2.0->chromadb)
  [53s] #8 13.16   Downloading opentelemetry_exporter_otlp_proto_common-1.41.0-py3-none-any.whl.metadata (1.9 kB)
  [53s] #8 13.20 Collecting opentelemetry-proto==1.41.0 (from opentelemetry-exporter-otlp-proto-grpc>=1.2.0->chromadb)
  [53s] #8 13.24   Downloading opentelemetry_proto-1.41.0-py3-none-any.whl.metadata (2.4 kB)
  [53s] #8 13.27 Collecting protobuf (from onnxruntime>=1.14.1->chromadb)
  [53s] #8 13.53   Downloading protobuf-6.33.6-cp39-abi3-manylinux2014_x86_64.whl.metadata (593 bytes)
  [53s] #8 13.59 Collecting opentelemetry-semantic-conventions==0.62b0 (from opentelemetry-sdk>=1.2.0->chromadb)
  [53s] #8 13.61   Downloading opentelemetry_semantic_conventions-0.62b0-py3-none-any.whl.metadata (2.5 kB)
  [53s] #8 13.75 Collecting markdown-it-py>=2.2.0 (from rich>=10.11.0->chromadb)
  [54s] #8 13.77   Downloading markdown_it_py-4.0.0-py3-none-any.whl.metadata (7.3 kB)
  [54s] #8 13.81 Collecting pygments<3.0.0,>=2.13.0 (from rich>=10.11.0->chromadb)
  [54s] #8 13.84   Downloading pygments-2.20.0-py3-none-any.whl.metadata (2.5 kB)
  [54s] #8 13.93 Collecting joblib>=1.3.0 (from scikit-learn>=0.22.0->sentence-transformers)
  [54s] #8 13.95   Downloading joblib-1.5.3-py3-none-any.whl.metadata (5.5 kB)
  [54s] #8 13.98 Collecting threadpoolctl>=3.2.0 (from scikit-learn>=0.22.0->sentence-transformers)
  [54s] #8 14.01   Downloading threadpoolctl-3.6.0-py3-none-any.whl.metadata (13 kB)
  [54s] #8 14.12 Requirement already satisfied: setuptools<82 in /usr/local/lib/python3.11/site-packages (from torch>=1.11.0->sentence-transformers) (79.0.1)
  [54s] #8 14.17 Collecting networkx>=2.5.1 (from torch>=1.11.0->sentence-transformers)
  [54s] #8 14.20   Downloading networkx-3.6.1-py3-none-any.whl.metadata (6.8 kB)
  [54s] #8 14.24 Collecting cuda-toolkit==13.0.2 (from cuda-toolkit[cublas,cudart,cufft,cufile,cupti,curand,cusolver,cusparse,nvjitlink,nvrtc,nvtx]==13.0.2; platform_system == "Linux"->torch>=1.11.0->sentence-transformers)
  [54s] #8 14.27   Downloading cuda_toolkit-13.0.2-py2.py3-none-any.whl.metadata (9.4 kB)
  [54s] #8 14.32 Collecting cuda-bindings<14,>=13.0.3 (from torch>=1.11.0->sentence-transformers)
  [54s] #8 14.34   Downloading cuda_bindings-13.2.0-cp311-cp311-manylinux_2_24_x86_64.manylinux_2_28_x86_64.whl.metadata (2.3 kB)
  [54s] #8 14.60 Collecting nvidia-cudnn-cu13==9.19.0.56 (from torch>=1.11.0->sentence-transformers)
  [54s] #8 14.62   Downloading nvidia_cudnn_cu13-9.19.0.56-py3-none-manylinux_2_27_x86_64.whl.metadata (1.9 kB)
  [54s] #8 14.65 Collecting nvidia-cusparselt-cu13==0.8.0 (from torch>=1.11.0->sentence-transformers)
  [54s] #8 14.68   Downloading nvidia_cusparselt_cu13-0.8.0-py3-none-manylinux2014_x86_64.whl.metadata (12 kB)
  [54s] #8 14.73 Collecting nvidia-nccl-cu13==2.28.9 (from torch>=1.11.0->sentence-transformers)
  [55s] #8 14.75   Downloading nvidia_nccl_cu13-2.28.9-py3-none-manylinux_2_18_x86_64.whl.metadata (2.0 kB)
  [55s] #8 14.78 Collecting nvidia-nvshmem-cu13==3.4.5 (from torch>=1.11.0->sentence-transformers)
  [55s] #8 14.82   Downloading nvidia_nvshmem_cu13-3.4.5-py3-none-manylinux2014_x86_64.manylinux_2_17_x86_64.whl.metadata (2.1 kB)
  [55s] #8 14.85 Collecting triton==3.6.0 (from torch>=1.11.0->sentence-transformers)
  [55s] #8 14.91   Downloading triton-3.6.0-cp311-cp311-manylinux_2_27_x86_64.manylinux_2_28_x86_64.whl.metadata (1.7 kB)
  [55s] #8 15.05 Collecting nvidia-cublas==13.1.0.3.* (from cuda-toolkit[cublas,cudart,cufft,cufile,cupti,curand,cusolver,cusparse,nvjitlink,nvrtc,nvtx]==13.0.2; platform_system == "Linux"->torch>=1.11.0->sentence-transformers)
  [55s] #8 15.31   Downloading nvidia_cublas-13.1.0.3-py3-none-manylinux_2_27_x86_64.whl.metadata (1.7 kB)
  [55s] #8 15.34 Collecting nvidia-cuda-runtime==13.0.96.* (from cuda-toolkit[cublas,cudart,cufft,cufile,cupti,curand,cusolver,cusparse,nvjitlink,nvrtc,nvtx]==13.0.2; platform_system == "Linux"->torch>=1.11.0->sentence-transformers)
  [55s] #8 15.36   Downloading nvidia_cuda_runtime-13.0.96-py3-none-manylinux2014_x86_64.manylinux_2_17_x86_64.whl.metadata (1.7 kB)
  [55s] #8 15.39 Collecting nvidia-cufft==12.0.0.61.* (from cuda-toolkit[cublas,cudart,cufft,cufile,cupti,curand,cusolver,cusparse,nvjitlink,nvrtc,nvtx]==13.0.2; platform_system == "Linux"->torch>=1.11.0->sentence-transformers)
  [55s] #8 15.42   Downloading nvidia_cufft-12.0.0.61-py3-none-manylinux2014_x86_64.manylinux_2_17_x86_64.whl.metadata (1.8 kB)
  [55s] #8 15.45 Collecting nvidia-cufile==1.15.1.6.* (from cuda-toolkit[cublas,cudart,cufft,cufile,cupti,curand,cusolver,cusparse,nvjitlink,nvrtc,nvtx]==13.0.2; platform_system == "Linux"->torch>=1.11.0->sentence-transformers)
  [55s] #8 15.71   Downloading nvidia_cufile-1.15.1.6-py3-none-manylinux2014_x86_64.manylinux_2_17_x86_64.whl.metadata (1.7 kB)
  [56s] #8 15.76 Collecting nvidia-cuda-cupti==13.0.85.* (from cuda-toolkit[cublas,cudart,cufft,cufile,cupti,curand,cusolver,cusparse,nvjitlink,nvrtc,nvtx]==13.0.2; platform_system == "Linux"->torch>=1.11.0->sentence-transformers)
  [56s] #8 15.79   Downloading nvidia_cuda_cupti-13.0.85-py3-none-manylinux_2_25_x86_64.whl.metadata (1.7 kB)
  [56s] #8 15.82 Collecting nvidia-curand==10.4.0.35.* (from cuda-toolkit[cublas,cudart,cufft,cufile,cupti,curand,cusolver,cusparse,nvjitlink,nvrtc,nvtx]==13.0.2; platform_system == "Linux"->torch>=1.11.0->sentence-transformers)
  [56s] #8 15.84   Downloading nvidia_curand-10.4.0.35-py3-none-manylinux_2_27_x86_64.whl.metadata (1.7 kB)
  [56s] #8 15.87 Collecting nvidia-cusolver==12.0.4.66.* (from cuda-toolkit[cublas,cudart,cufft,cufile,cupti,curand,cusolver,cusparse,nvjitlink,nvrtc,nvtx]==13.0.2; platform_system == "Linux"->torch>=1.11.0->sentence-transformers)
  [56s] #8 15.89   Downloading nvidia_cusolver-12.0.4.66-py3-none-manylinux_2_27_x86_64.whl.metadata (1.8 kB)
  [56s] #8 15.93 Collecting nvidia-cusparse==12.6.3.3.* (from cuda-toolkit[cublas,cudart,cufft,cufile,cupti,curand,cusolver,cusparse,nvjitlink,nvrtc,nvtx]==13.0.2; platform_system == "Linux"->torch>=1.11.0->sentence-transformers)
  [56s] #8 15.95   Downloading nvidia_cusparse-12.6.3.3-py3-none-manylinux2014_x86_64.manylinux_2_17_x86_64.whl.metadata (1.8 kB)
  [56s] #8 15.98 Collecting nvidia-nvjitlink==13.0.88.* (from cuda-toolkit[cublas,cudart,cufft,cufile,cupti,curand,cusolver,cusparse,nvjitlink,nvrtc,nvtx]==13.0.2; platform_system == "Linux"->torch>=1.11.0->sentence-transformers)
  [56s] #8 16.03   Downloading nvidia_nvjitlink-13.0.88-py3-none-manylinux2010_x86_64.manylinux_2_12_x86_64.whl.metadata (1.7 kB)
  [56s] #8 16.06 Collecting nvidia-cuda-nvrtc==13.0.88.* (from cuda-toolkit[cublas,cudart,cufft,cufile,cupti,curand,cusolver,cusparse,nvjitlink,nvrtc,nvtx]==13.0.2; platform_system == "Linux"->torch>=1.11.0->sentence-transformers)
  [56s] #8 16.09   Downloading nvidia_cuda_nvrtc-13.0.88-py3-none-manylinux2010_x86_64.manylinux_2_12_x86_64.whl.metadata (1.7 kB)
  [56s] #8 16.11 Collecting nvidia-nvtx==13.0.85.* (from cuda-toolkit[cublas,cudart,cufft,cufile,cupti,curand,cusolver,cusparse,nvjitlink,nvrtc,nvtx]==13.0.2; platform_system == "Linux"->torch>=1.11.0->sentence-transformers)
  [56s] #8 16.14   Downloading nvidia_nvtx-13.0.85-py3-none-manylinux1_x86_64.manylinux_2_5_x86_64.whl.metadata (1.8 kB)
  [57s] #8 16.82 Collecting regex>=2025.10.22 (from transformers<6.0.0,>=4.41.0->sentence-transformers)
  [57s] #8 16.85   Downloading regex-2026.4.4-cp311-cp311-manylinux2014_x86_64.manylinux_2_17_x86_64.manylinux_2_28_x86_64.whl.metadata (40 kB)
  [57s] #8 16.86      ━━━━━━━━━━━━━━━━━━━━━━━━━━━━━━━━━━━━━━━━ 40.4/40.4 kB 4.5 MB/s eta 0:00:00
  [57s] #8 17.01 Collecting safetensors>=0.4.3 (from transformers<6.0.0,>=4.41.0->sentence-transformers)
  [57s] #8 17.04   Downloading safetensors-0.7.0-cp38-abi3-manylinux_2_17_x86_64.manylinux2014_x86_64.whl.metadata (4.1 kB)
  [57s] #8 17.10 Collecting shellingham>=1.3.0 (from typer>=0.9.0->chromadb)
  [57s] #8 17.15   Downloading shellingham-1.5.4-py2.py3-none-any.whl.metadata (3.5 kB)
  [57s] #8 17.29 Collecting cuda-pathfinder~=1.1 (from cuda-bindings<14,>=13.0.3->torch>=1.11.0->sentence-transformers)
  [57s] #8 17.35   Downloading cuda_pathfinder-1.5.2-py3-none-any.whl.metadata (1.9 kB)
  [57s] #8 17.49 Collecting zipp>=3.20 (from importlib-metadata<8.8.0,>=6.0->opentelemetry-api>=1.2.0->chromadb)
  [57s] #8 17.51   Downloading zipp-3.23.0-py3-none-any.whl.metadata (3.6 kB)
  [57s] #8 17.58 Collecting mdurl~=0.1 (from markdown-it-py>=2.2.0->rich>=10.11.0->chromadb)
  [57s] #8 17.60   Downloading mdurl-0.1.2-py3-none-any.whl.metadata (1.6 kB)
  [58s] #8 17.82 Collecting mpmath<1.4,>=1.1.0 (from sympy->onnxruntime>=1.14.1->chromadb)
  [58s] #8 17.84   Downloading mpmath-1.3.0-py3-none-any.whl.metadata (8.6 kB)
  [58s] #8 18.29 Collecting charset_normalizer<4,>=2 (from requests->kubernetes>=28.1.0->chromadb)
  [58s] #8 18.31   Downloading charset_normalizer-3.4.7-cp311-cp311-manylinux2014_x86_64.manylinux_2_17_x86_64.manylinux_2_28_x86_64.whl.metadata (40 kB)
  [58s] #8 18.32      ━━━━━━━━━━━━━━━━━━━━━━━━━━━━━━━━━━━━━━━━ 40.9/40.9 kB 5.4 MB/s eta 0:00:00
  [58s] #8 18.40 Collecting oauthlib>=3.0.0 (from requests-oauthlib->kubernetes>=28.1.0->chromadb)
  [58s] #8 18.41   Downloading oauthlib-3.3.1-py3-none-any.whl.metadata (7.9 kB)
  [58s] #8 18.53 Downloading fastapi-0.135.3-py3-none-any.whl (117 kB)
  [58s] #8 18.56    ━━━━━━━━━━━━━━━━━━━━━━━━━━━━━━━━━━━━━━━━ 117.7/117.7 kB 4.0 MB/s eta 0:00:00
  [58s] #8 18.59 Downloading httpx-0.28.1-py3-none-any.whl (73 kB)
  [58s] #8 18.60    ━━━━━━━━━━━━━━━━━━━━━━━━━━━━━━━━━━━━━━━━ 73.5/73.5 kB 6.0 MB/s eta 0:00:00
  [58s] #8 18.63 Downloading httpcore-1.0.9-py3-none-any.whl (78 kB)
  [58s] #8 18.64    ━━━━━━━━━━━━━━━━━━━━━━━━━━━━━━━━━━━━━━━━ 78.8/78.8 kB 5.8 MB/s eta 0:00:00
  [58s] #8 18.67 Downloading pydantic-2.12.5-py3-none-any.whl (463 kB)
  [59s] #8 18.81    ━━━━━━━━━━━━━━━━━━━━━━━━━━━━━━━━━━━━━━━━ 463.6/463.6 kB 3.5 MB/s eta 0:00:00
  [59s] #8 18.84 Downloading pydantic_core-2.41.5-cp311-cp311-manylinux_2_17_x86_64.manylinux2014_x86_64.whl (2.1 MB)
  [59s] #8 19.32    ━━━━━━━━━━━━━━━━━━━━━━━━━━━━━━━━━━━━━━━━ 2.1/2.1 MB 4.3 MB/s eta 0:00:00
  [59s] #8 19.34 Downloading chromadb-1.5.7-cp39-abi3-manylinux_2_17_x86_64.manylinux2014_x86_64.whl (23.0 MB)
  [1m 1s] #8 20.89    ━━━━━━━━━━━━━━━━━━━━━━━━━━━━━━━━━━━━━━━━ 23.0/23.0 MB 29.6 MB/s eta 0:00:00
  [1m 1s] #8 20.92 Downloading sentence_transformers-5.4.0-py3-none-any.whl (570 kB)
  [1m 1s] #8 20.94    ━━━━━━━━━━━━━━━━━━━━━━━━━━━━━━━━━━━━━━━━ 570.8/570.8 kB 47.5 MB/s eta 0:00:00
  [1m 1s] #8 21.03 Downloading python_multipart-0.0.25-py3-none-any.whl (28 kB)
  [1m 1s] #8 21.05 Downloading jinja2-3.1.6-py3-none-any.whl (134 kB)
  [1m 1s] #8 21.05    ━━━━━━━━━━━━━━━━━━━━━━━━━━━━━━━━━━━━━━━ 134.9/134.9 kB 345.2 MB/s eta 0:00:00
  [1m 1s] #8 21.08 Downloading pyyaml-6.0.3-cp311-cp311-manylinux2014_x86_64.manylinux_2_17_x86_64.manylinux_2_28_x86_64.whl (806 kB)
  [1m 1s] #8 21.09    ━━━━━━━━━━━━━━━━━━━━━━━━━━━━━━━━━━━━━━━━ 806.6/806.6 kB 72.9 MB/s eta 0:00:00
  [1m 1s] #8 21.11 Downloading annotated_doc-0.0.4-py3-none-any.whl (5.3 kB)
  [1m 1s] #8 21.14 Downloading annotated_types-0.7.0-py3-none-any.whl (13 kB)
  [1m 1s] #8 21.16 Downloading bcrypt-5.0.0-cp39-abi3-manylinux_2_34_x86_64.whl (278 kB)
  [1m 1s] #8 21.16    ━━━━━━━━━━━━━━━━━━━━━━━━━━━━━━━━━━━━━━━ 278.2/278.2 kB 121.5 MB/s eta 0:00:00
  [1m 1s] #8 21.19 Downloading build-1.4.2-py3-none-any.whl (24 kB)
  [1m 1s] #8 21.22 Downloading click-8.3.2-py3-none-any.whl (108 kB)
  [1m 1s] #8 21.22    ━━━━━━━━━━━━━━━━━━━━━━━━━━━━━━━━━━━━━━━ 108.4/108.4 kB 291.9 MB/s eta 0:00:00
  [1m 1s] #8 21.47 Downloading grpcio-1.80.0-cp311-cp311-manylinux2014_x86_64.manylinux_2_17_x86_64.whl (6.8 MB)
  [1m 1s] #8 21.59    ━━━━━━━━━━━━━━━━━━━━━━━━━━━━━━━━━━━━━━━━ 6.8/6.8 MB 60.5 MB/s eta 0:00:00
  [1m 1s] #8 21.63 Downloading h11-0.16.0-py3-none-any.whl (37 kB)
  [1m 1s] #8 21.65 Downloading httptools-0.7.1-cp311-cp311-manylinux1_x86_64.manylinux_2_28_x86_64.manylinux_2_5_x86_64.whl (456 kB)
  [1m 1s] #8 21.66    ━━━━━━━━━━━━━━━━━━━━━━━━━━━━━━━━━━━━━━━ 456.6/456.6 kB 126.2 MB/s eta 0:00:00
  [1m 1s] #8 21.68 Downloading huggingface_hub-1.10.1-py3-none-any.whl (642 kB)
  [1m 1s] #8 21.69    ━━━━━━━━━━━━━━━━━━━━━━━━━━━━━━━━━━━━━━━ 642.6/642.6 kB 101.3 MB/s eta 0:00:00
  [1m 1s] #8 21.71 Downloading jsonschema-4.26.0-py3-none-any.whl (90 kB)
  [1m 2s] #8 21.71    ━━━━━━━━━━━━━━━━━━━━━━━━━━━━━━━━━━━━━━━━ 90.6/90.6 kB 68.1 MB/s eta 0:00:00
  [1m 2s] #8 21.74 Downloading kubernetes-35.0.0-py2.py3-none-any.whl (2.0 MB)
  [1m 2s] #8 21.77    ━━━━━━━━━━━━━━━━━━━━━━━━━━━━━━━━━━━━━━━━ 2.0/2.0 MB 75.7 MB/s eta 0:00:00
  [1m 2s] #8 21.82 Downloading certifi-2026.2.25-py3-none-any.whl (153 kB)
  [1m 2s] #8 21.82    ━━━━━━━━━━━━━━━━━━━━━━━━━━━━━━━━━━━━━━━ 153.7/153.7 kB 119.5 MB/s eta 0:00:00
  [1m 2s] #8 21.85 Downloading markupsafe-3.0.3-cp311-cp311-manylinux2014_x86_64.manylinux_2_17_x86_64.manylinux_2_28_x86_64.whl (22 kB)
  [1m 2s] #8 21.87 Downloading mmh3-5.2.1-cp311-cp311-manylinux1_x86_64.manylinux_2_28_x86_64.manylinux_2_5_x86_64.whl (103 kB)
  [1m 2s] #8 21.87    ━━━━━━━━━━━━━━━━━━━━━━━━━━━━━━━━━━━━━━━ 103.1/103.1 kB 292.7 MB/s eta 0:00:00
  [1m 2s] #8 21.90 Downloading numpy-2.4.4-cp311-cp311-manylinux_2_27_x86_64.manylinux_2_28_x86_64.whl (16.9 MB)
  [1m 2s] #8 22.13    ━━━━━━━━━━━━━━━━━━━━━━━━━━━━━━━━━━━━━━━━ 16.9/16.9 MB 76.8 MB/s eta 0:00:00
  [1m 2s] #8 22.16 Downloading onnxruntime-1.24.4-cp311-cp311-manylinux_2_27_x86_64.manylinux_2_28_x86_64.whl (17.2 MB)
  [1m 2s] #8 22.32    ━━━━━━━━━━━━━━━━━━━━━━━━━━━━━━━━━━━━━━━━ 17.2/17.2 MB 109.9 MB/s eta 0:00:00
  [1m 2s] #8 22.36 Downloading opentelemetry_api-1.41.0-py3-none-any.whl (69 kB)
  [1m 2s] #8 22.36    ━━━━━━━━━━━━━━━━━━━━━━━━━━━━━━━━━━━━━━━━ 69.0/69.0 kB 278.9 MB/s eta 0:00:00
  [1m 2s] #8 22.39 Downloading opentelemetry_exporter_otlp_proto_grpc-1.41.0-py3-none-any.whl (20 kB)
  [1m 2s] #8 22.42 Downloading opentelemetry_exporter_otlp_proto_common-1.41.0-py3-none-any.whl (18 kB)
  [1m 2s] #8 22.44 Downloading opentelemetry_proto-1.41.0-py3-none-any.whl (72 kB)
  [1m 2s] #8 22.44    ━━━━━━━━━━━━━━━━━━━━━━━━━━━━━━━━━━━━━━━━ 72.1/72.1 kB 285.3 MB/s eta 0:00:00
  [1m 2s] #8 22.47 Downloading opentelemetry_sdk-1.41.0-py3-none-any.whl (180 kB)
  [1m 2s] #8 22.47    ━━━━━━━━━━━━━━━━━━━━━━━━━━━━━━━━━━━━━━━ 180.2/180.2 kB 318.1 MB/s eta 0:00:00
  [1m 2s] #8 22.49 Downloading opentelemetry_semantic_conventions-0.62b0-py3-none-any.whl (231 kB)
  [1m 2s] #8 22.50    ━━━━━━━━━━━━━━━━━━━━━━━━━━━━━━━━━━━━━━━ 231.6/231.6 kB 113.8 MB/s eta 0:00:00
  [1m 2s] #8 22.52 Downloading orjson-3.11.8-cp311-cp311-manylinux_2_17_x86_64.manylinux2014_x86_64.whl (133 kB)
  [1m 2s] #8 22.52    ━━━━━━━━━━━━━━━━━━━━━━━━━━━━━━━━━━━━━━━ 133.6/133.6 kB 297.6 MB/s eta 0:00:00
  [1m 2s] #8 22.55 Downloading overrides-7.7.0-py3-none-any.whl (17 kB)
  [1m 2s] #8 22.58 Downloading pybase64-1.4.3-cp311-cp311-manylinux1_x86_64.manylinux2014_x86_64.manylinux_2_17_x86_64.manylinux_2_5_x86_64.whl (71 kB)
  [1m 2s] #8 22.58    ━━━━━━━━━━━━━━━━━━━━━━━━━━━━━━━━━━━━━━━━ 71.4/71.4 kB 279.3 MB/s eta 0:00:00
  [1m 2s] #8 22.60 Downloading pydantic_settings-2.13.1-py3-none-any.whl (58 kB)
  [1m 2s] #8 22.60    ━━━━━━━━━━━━━━━━━━━━━━━━━━━━━━━━━━━━━━━━ 58.9/58.9 kB 330.3 MB/s eta 0:00:00
  [1m 2s] #8 22.64 Downloading pypika-0.51.1-py2.py3-none-any.whl (60 kB)
  [1m 2s] #8 22.64    ━━━━━━━━━━━━━━━━━━━━━━━━━━━━━━━━━━━━━━━━ 60.6/60.6 kB 397.0 MB/s eta 0:00:00
  [1m 2s] #8 22.67 Downloading python_dotenv-1.2.2-py3-none-any.whl (22 kB)
  [1m 3s] #8 22.92 Downloading rich-14.3.3-py3-none-any.whl (310 kB)
  [1m 3s] #8 22.92    ━━━━━━━━━━━━━━━━━━━━━━━━━━━━━━━━━━━━━━━ 310.5/310.5 kB 232.9 MB/s eta 0:00:00
  [1m 3s] #8 22.96 Downloading scikit_learn-1.8.0-cp311-cp311-manylinux_2_27_x86_64.manylinux_2_28_x86_64.whl (9.1 MB)
  [1m 3s] #8 23.04    ━━━━━━━━━━━━━━━━━━━━━━━━━━━━━━━━━━━━━━━━ 9.1/9.1 MB 116.8 MB/s eta 0:00:00
  [1m 3s] #8 23.12 Downloading scipy-1.17.1-cp311-cp311-manylinux_2_27_x86_64.manylinux_2_28_x86_64.whl (35.3 MB)
  [1m 3s] #8 23.44    ━━━━━━━━━━━━━━━━━━━━━━━━━━━━━━━━━━━━━━━━ 35.3/35.3 MB 114.7 MB/s eta 0:00:00
  [1m 3s] #8 23.48 Downloading starlette-1.0.0-py3-none-any.whl (72 kB)
  [1m 3s] #8 23.48    ━━━━━━━━━━━━━━━━━━━━━━━━━━━━━━━━━━━━━━━━ 72.7/72.7 kB 570.4 MB/s eta 0:00:00
  [1m 3s] #8 23.50 Downloading anyio-4.13.0-py3-none-any.whl (114 kB)
  [1m 3s] #8 23.50    ━━━━━━━━━━━━━━━━━━━━━━━━━━━━━━━━━━━━━━━ 114.4/114.4 kB 110.4 MB/s eta 0:00:00
  [1m 3s] #8 23.53 Downloading idna-3.11-py3-none-any.whl (71 kB)
  [1m 3s] #8 23.53    ━━━━━━━━━━━━━━━━━━━━━━━━━━━━━━━━━━━━━━━━ 71.0/71.0 kB 248.4 MB/s eta 0:00:00
  [1m 3s] #8 23.56 Downloading tenacity-9.1.4-py3-none-any.whl (28 kB)
  [1m 3s] #8 23.59 Downloading tokenizers-0.22.2-cp39-abi3-manylinux_2_17_x86_64.manylinux2014_x86_64.whl (3.3 MB)
  [1m 3s] #8 23.62    ━━━━━━━━━━━━━━━━━━━━━━━━━━━━━━━━━━━━━━━━ 3.3/3.3 MB 124.8 MB/s eta 0:00:00
  [1m 3s] #8 23.67 Downloading torch-2.11.0-cp311-cp311-manylinux_2_28_x86_64.whl (530.6 MB)
  [1m 9s] #8 28.58    ━━━━━━━━━━━━━━━━━━━━━━━━━━━━━━━━━━━━━━━━ 530.6/530.6 MB 94.8 MB/s eta 0:00:00
  [1m 9s] #8 28.64 Downloading cuda_toolkit-13.0.2-py2.py3-none-any.whl (2.4 kB)
  [1m 9s] #8 28.67 Downloading nvidia_cudnn_cu13-9.19.0.56-py3-none-manylinux_2_27_x86_64.whl (366.1 MB)
  [1m 12s] #8 32.15    ━━━━━━━━━━━━━━━━━━━━━━━━━━━━━━━━━━━━━━━ 366.1/366.1 MB 114.4 MB/s eta 0:00:00
  [1m 12s] #8 32.22 Downloading nvidia_cusparselt_cu13-0.8.0-py3-none-manylinux2014_x86_64.whl (169.9 MB)
  [1m 14s] #8 33.91    ━━━━━━━━━━━━━━━━━━━━━━━━━━━━━━━━━━━━━━━━ 169.9/169.9 MB 96.0 MB/s eta 0:00:00
  [1m 14s] #8 33.94 Downloading nvidia_nccl_cu13-2.28.9-py3-none-manylinux_2_18_x86_64.whl (196.5 MB)
  [1m 16s] #8 35.82    ━━━━━━━━━━━━━━━━━━━━━━━━━━━━━━━━━━━━━━━━ 196.5/196.5 MB 90.9 MB/s eta 0:00:00
  [1m 16s] #8 35.85 Downloading nvidia_nvshmem_cu13-3.4.5-py3-none-manylinux2014_x86_64.manylinux_2_17_x86_64.whl (60.4 MB)
  [1m 16s] #8 36.44    ━━━━━━━━━━━━━━━━━━━━━━━━━━━━━━━━━━━━━━━━ 60.4/60.4 MB 115.9 MB/s eta 0:00:00
  [1m 16s] #8 36.70 Downloading triton-3.6.0-cp311-cp311-manylinux_2_27_x86_64.manylinux_2_28_x86_64.whl (188.2 MB)
  [1m 18s] #8 38.57    ━━━━━━━━━━━━━━━━━━━━━━━━━━━━━━━━━━━━━━━ 188.2/188.2 MB 100.7 MB/s eta 0:00:00
  [1m 18s] #8 38.62 Downloading nvidia_cublas-13.1.0.3-py3-none-manylinux_2_27_x86_64.whl (423.1 MB)
  [1m 22s] #8 42.68    ━━━━━━━━━━━━━━━━━━━━━━━━━━━━━━━━━━━━━━━ 423.1/423.1 MB 115.7 MB/s eta 0:00:00
  [1m 22s] #8 42.70 Downloading nvidia_cuda_cupti-13.0.85-py3-none-manylinux_2_25_x86_64.whl (10.7 MB)
  [1m 22s] #8 42.79    ━━━━━━━━━━━━━━━━━━━━━━━━━━━━━━━━━━━━━━━━ 10.7/10.7 MB 114.6 MB/s eta 0:00:00
  [1m 23s] #8 42.81 Downloading nvidia_cuda_nvrtc-13.0.88-py3-none-manylinux2010_x86_64.manylinux_2_12_x86_64.whl (90.2 MB)
  [1m 23s] #8 43.63    ━━━━━━━━━━━━━━━━━━━━━━━━━━━━━━━━━━━━━━━━ 90.2/90.2 MB 118.1 MB/s eta 0:00:00
  [1m 23s] #8 43.71 Downloading nvidia_cuda_runtime-13.0.96-py3-none-manylinux2014_x86_64.manylinux_2_17_x86_64.whl (2.2 MB)
  [1m 24s] #8 43.74    ━━━━━━━━━━━━━━━━━━━━━━━━━━━━━━━━━━━━━━━━ 2.2/2.2 MB 78.3 MB/s eta 0:00:00
  [1m 24s] #8 43.77 Downloading nvidia_cufft-12.0.0.61-py3-none-manylinux2014_x86_64.manylinux_2_17_x86_64.whl (214.1 MB)
  [1m 25s] #8 45.73    ━━━━━━━━━━━━━━━━━━━━━━━━━━━━━━━━━━━━━━━ 214.1/214.1 MB 116.0 MB/s eta 0:00:00
  [1m 26s] #8 45.78 Downloading nvidia_cufile-1.15.1.6-py3-none-manylinux2014_x86_64.manylinux_2_17_x86_64.whl (1.2 MB)
  [1m 26s] #8 45.79    ━━━━━━━━━━━━━━━━━━━━━━━━━━━━━━━━━━━━━━━━ 1.2/1.2 MB 94.0 MB/s eta 0:00:00
  [1m 26s] #8 45.82 Downloading nvidia_curand-10.4.0.35-py3-none-manylinux_2_27_x86_64.whl (59.5 MB)
  [1m 26s] #8 46.34    ━━━━━━━━━━━━━━━━━━━━━━━━━━━━━━━━━━━━━━━━ 59.5/59.5 MB 111.4 MB/s eta 0:00:00
  [1m 26s] #8 46.37 Downloading nvidia_cusolver-12.0.4.66-py3-none-manylinux_2_27_x86_64.whl (200.9 MB)
  [1m 28s] #8 48.16    ━━━━━━━━━━━━━━━━━━━━━━━━━━━━━━━━━━━━━━━ 200.9/200.9 MB 115.9 MB/s eta 0:00:00
  [1m 28s] #8 48.19 Downloading nvidia_cusparse-12.6.3.3-py3-none-manylinux2014_x86_64.manylinux_2_17_x86_64.whl (145.9 MB)
  [1m 29s] #8 49.55    ━━━━━━━━━━━━━━━━━━━━━━━━━━━━━━━━━━━━━━━ 145.9/145.9 MB 115.7 MB/s eta 0:00:00
  [1m 29s] #8 49.58 Downloading nvidia_nvjitlink-13.0.88-py3-none-manylinux2010_x86_64.manylinux_2_12_x86_64.whl (40.7 MB)
  [1m 30s] #8 49.95    ━━━━━━━━━━━━━━━━━━━━━━━━━━━━━━━━━━━━━━━━ 40.7/40.7 MB 113.3 MB/s eta 0:00:00
  [1m 30s] #8 50.03 Downloading nvidia_nvtx-13.0.85-py3-none-manylinux1_x86_64.manylinux_2_5_x86_64.whl (148 kB)
  [1m 30s] #8 50.03    ━━━━━━━━━━━━━━━━━━━━━━━━━━━━━━━━━━━━━━━ 148.0/148.0 kB 302.5 MB/s eta 0:00:00
  [1m 30s] #8 50.05 Downloading tqdm-4.67.3-py3-none-any.whl (78 kB)
  [1m 30s] #8 50.05    ━━━━━━━━━━━━━━━━━━━━━━━━━━━━━━━━━━━━━━━━ 78.4/78.4 kB 167.3 MB/s eta 0:00:00
  [1m 30s] #8 50.08 Downloading transformers-5.5.3-py3-none-any.whl (10.2 MB)
  [1m 30s] #8 50.17    ━━━━━━━━━━━━━━━━━━━━━━━━━━━━━━━━━━━━━━━━ 10.2/10.2 MB 120.3 MB/s eta 0:00:00
  [1m 30s] #8 50.19 Downloading typer-0.24.1-py3-none-any.whl (56 kB)
  [1m 30s] #8 50.19    ━━━━━━━━━━━━━━━━━━━━━━━━━━━━━━━━━━━━━━━━ 56.1/56.1 kB 221.8 MB/s eta 0:00:00
  [1m 30s] #8 50.23 Downloading typing_extensions-4.15.0-py3-none-any.whl (44 kB)
  [1m 30s] #8 50.23    ━━━━━━━━━━━━━━━━━━━━━━━━━━━━━━━━━━━━━━━━ 44.6/44.6 kB 299.4 MB/s eta 0:00:00
  [1m 30s] #8 50.25 Downloading typing_inspection-0.4.2-py3-none-any.whl (14 kB)
  [1m 30s] #8 50.28 Downloading uvicorn-0.44.0-py3-none-any.whl (69 kB)
  [1m 30s] #8 50.28    ━━━━━━━━━━━━━━━━━━━━━━━━━━━━━━━━━━━━━━━━ 69.4/69.4 kB 265.4 MB/s eta 0:00:00
  [1m 30s] #8 50.32 Downloading uvloop-0.22.1-cp311-cp311-manylinux2014_x86_64.manylinux_2_17_x86_64.manylinux_2_28_x86_64.whl (3.8 MB)
  [1m 30s] #8 50.35    ━━━━━━━━━━━━━━━━━━━━━━━━━━━━━━━━━━━━━━━━ 3.8/3.8 MB 123.6 MB/s eta 0:00:00
  [1m 30s] #8 50.42 Downloading watchfiles-1.1.1-cp311-cp311-manylinux_2_17_x86_64.manylinux2014_x86_64.whl (456 kB)
  [1m 30s] #8 50.42    ━━━━━━━━━━━━━━━━━━━━━━━━━━━━━━━━━━━━━━━ 456.1/456.1 kB 395.1 MB/s eta 0:00:00
  [1m 30s] #8 50.44 Downloading websockets-16.0-cp311-cp311-manylinux1_x86_64.manylinux_2_28_x86_64.manylinux_2_5_x86_64.whl (184 kB)
  [1m 30s] #8 50.45    ━━━━━━━━━━━━━━━━━━━━━━━━━━━━━━━━━━━━━━━ 184.6/184.6 kB 112.2 MB/s eta 0:00:00
  [1m 30s] #8 50.47 Downloading importlib_resources-6.5.2-py3-none-any.whl (37 kB)
  [1m 30s] #8 50.50 Downloading attrs-26.1.0-py3-none-any.whl (67 kB)
  [1m 30s] #8 50.50    ━━━━━━━━━━━━━━━━━━━━━━━━━━━━━━━━━━━━━━━━ 67.5/67.5 kB 256.7 MB/s eta 0:00:00
  [1m 30s] #8 50.52 Downloading cuda_bindings-13.2.0-cp311-cp311-manylinux_2_24_x86_64.manylinux_2_28_x86_64.whl (6.3 MB)
  [1m 30s] #8 50.58    ━━━━━━━━━━━━━━━━━━━━━━━━━━━━━━━━━━━━━━━━ 6.3/6.3 MB 115.1 MB/s eta 0:00:00
  [1m 30s] #8 50.60 Downloading durationpy-0.10-py3-none-any.whl (3.9 kB)
  [1m 30s] #8 50.63 Downloading filelock-3.25.2-py3-none-any.whl (26 kB)
  [1m 30s] #8 50.65 Downloading fsspec-2026.3.0-py3-none-any.whl (202 kB)
  [1m 30s] #8 50.66    ━━━━━━━━━━━━━━━━━━━━━━━━━━━━━━━━━━━━━━━ 202.6/202.6 kB 338.6 MB/s eta 0:00:00
  [1m 30s] #8 50.68 Downloading googleapis_common_protos-1.74.0-py3-none-any.whl (300 kB)
  [1m 30s] #8 50.68    ━━━━━━━━━━━━━━━━━━━━━━━━━━━━━━━━━━━━━━━ 300.7/300.7 kB 334.5 MB/s eta 0:00:00
  [1m 30s] #8 50.70 Downloading hf_xet-1.4.3-cp37-abi3-manylinux2014_x86_64.manylinux_2_17_x86_64.whl (4.2 MB)
  [1m 31s] #8 50.74    ━━━━━━━━━━━━━━━━━━━━━━━━━━━━━━━━━━━━━━━━ 4.2/4.2 MB 118.5 MB/s eta 0:00:00
  [1m 31s] #8 50.77 Downloading importlib_metadata-8.7.1-py3-none-any.whl (27 kB)
  [1m 31s] #8 50.80 Downloading joblib-1.5.3-py3-none-any.whl (309 kB)
  [1m 31s] #8 50.80    ━━━━━━━━━━━━━━━━━━━━━━━━━━━━━━━━━━━━━━━ 309.1/309.1 kB 317.6 MB/s eta 0:00:00
  [1m 31s] #8 50.82 Downloading jsonschema_specifications-2025.9.1-py3-none-any.whl (18 kB)
  [1m 31s] #8 50.84 Downloading markdown_it_py-4.0.0-py3-none-any.whl (87 kB)
  [1m 31s] #8 50.84    ━━━━━━━━━━━━━━━━━━━━━━━━━━━━━━━━━━━━━━━━ 87.3/87.3 kB 293.5 MB/s eta 0:00:00
  [1m 31s] #8 50.87 Downloading networkx-3.6.1-py3-none-any.whl (2.1 MB)
  [1m 31s] #8 50.89    ━━━━━━━━━━━━━━━━━━━━━━━━━━━━━━━━━━━━━━━━ 2.1/2.1 MB 123.1 MB/s eta 0:00:00
  [1m 31s] #8 50.92 Downloading packaging-26.0-py3-none-any.whl (74 kB)
  [1m 31s] #8 50.92    ━━━━━━━━━━━━━━━━━━━━━━━━━━━━━━━━━━━━━━━━ 74.4/74.4 kB 287.6 MB/s eta 0:00:00
  [1m 31s] #8 50.94 Downloading protobuf-6.33.6-cp39-abi3-manylinux2014_x86_64.whl (323 kB)
  [1m 31s] #8 50.95    ━━━━━━━━━━━━━━━━━━━━━━━━━━━━━━━━━━━━━━━ 323.4/323.4 kB 136.0 MB/s eta 0:00:00
  [1m 31s] #8 50.97 Downloading pygments-2.20.0-py3-none-any.whl (1.2 MB)
  [1m 31s] #8 50.98    ━━━━━━━━━━━━━━━━━━━━━━━━━━━━━━━━━━━━━━━━ 1.2/1.2 MB 120.5 MB/s eta 0:00:00
  [1m 31s] #8 51.01 Downloading python_dateutil-2.9.0.post0-py2.py3-none-any.whl (229 kB)
  [1m 31s] #8 51.01    ━━━━━━━━━━━━━━━━━━━━━━━━━━━━━━━━━━━━━━━ 229.9/229.9 kB 125.9 MB/s eta 0:00:00
  [1m 31s] #8 51.03 Downloading referencing-0.37.0-py3-none-any.whl (26 kB)
  [1m 31s] #8 51.06 Downloading regex-2026.4.4-cp311-cp311-manylinux2014_x86_64.manylinux_2_17_x86_64.manylinux_2_28_x86_64.whl (799 kB)
  [1m 31s] #8 51.07    ━━━━━━━━━━━━━━━━━━━━━━━━━━━━━━━━━━━━━━━ 799.8/799.8 kB 111.5 MB/s eta 0:00:00
  [1m 31s] #8 51.09 Downloading rpds_py-0.30.0-cp311-cp311-manylinux_2_17_x86_64.manylinux2014_x86_64.whl (390 kB)
  [1m 31s] #8 51.10    ━━━━━━━━━━━━━━━━━━━━━━━━━━━━━━━━━━━━━━━ 390.8/390.8 kB 313.3 MB/s eta 0:00:00
  [1m 31s] #8 51.13 Downloading safetensors-0.7.0-cp38-abi3-manylinux_2_17_x86_64.manylinux2014_x86_64.whl (507 kB)
  [1m 31s] #8 51.13    ━━━━━━━━━━━━━━━━━━━━━━━━━━━━━━━━━━━━━━━ 507.2/507.2 kB 131.7 MB/s eta 0:00:00
  [1m 31s] #8 51.16 Downloading shellingham-1.5.4-py2.py3-none-any.whl (9.8 kB)
  [1m 31s] #8 51.18 Downloading six-1.17.0-py2.py3-none-any.whl (11 kB)
  [1m 31s] #8 51.21 Downloading sympy-1.14.0-py3-none-any.whl (6.3 MB)
  [1m 31s] #8 51.26    ━━━━━━━━━━━━━━━━━━━━━━━━━━━━━━━━━━━━━━━━ 6.3/6.3 MB 120.1 MB/s eta 0:00:00
  [1m 31s] #8 51.29 Downloading threadpoolctl-3.6.0-py3-none-any.whl (18 kB)
  [1m 31s] #8 51.31 Downloading urllib3-2.6.3-py3-none-any.whl (131 kB)
  [1m 31s] #8 51.32    ━━━━━━━━━━━━━━━━━━━━━━━━━━━━━━━━━━━━━━━ 131.6/131.6 kB 137.2 MB/s eta 0:00:00
  [1m 31s] #8 51.35 Downloading websocket_client-1.9.0-py3-none-any.whl (82 kB)
  [1m 31s] #8 51.36    ━━━━━━━━━━━━━━━━━━━━━━━━━━━━━━━━━━━━━━━━ 82.6/82.6 kB 274.1 MB/s eta 0:00:00
  [1m 31s] #8 51.39 Downloading flatbuffers-25.12.19-py2.py3-none-any.whl (26 kB)
  [1m 31s] #8 51.41 Downloading pyproject_hooks-1.2.0-py3-none-any.whl (10 kB)
  [1m 31s] #8 51.43 Downloading requests-2.33.1-py3-none-any.whl (64 kB)
  [1m 31s] #8 51.43    ━━━━━━━━━━━━━━━━━━━━━━━━━━━━━━━━━━━━━━━━ 64.9/64.9 kB 434.6 MB/s eta 0:00:00
  [1m 31s] #8 51.45 Downloading requests_oauthlib-2.0.0-py2.py3-none-any.whl (24 kB)
  [1m 31s] #8 51.71 Downloading charset_normalizer-3.4.7-cp311-cp311-manylinux2014_x86_64.manylinux_2_17_x86_64.manylinux_2_28_x86_64.whl (214 kB)
  [1m 32s] #8 51.71    ━━━━━━━━━━━━━━━━━━━━━━━━━━━━━━━━━━━━━━━ 214.1/214.1 kB 176.0 MB/s eta 0:00:00
  [1m 32s] #8 51.74 Downloading cuda_pathfinder-1.5.2-py3-none-any.whl (49 kB)
  [1m 32s] #8 51.74    ━━━━━━━━━━━━━━━━━━━━━━━━━━━━━━━━━━━━━━━━ 50.0/50.0 kB 242.7 MB/s eta 0:00:00
  [1m 32s] #8 51.77 Downloading mdurl-0.1.2-py3-none-any.whl (10.0 kB)
  [1m 32s] #8 51.79 Downloading mpmath-1.3.0-py3-none-any.whl (536 kB)
  [1m 32s] #8 51.80    ━━━━━━━━━━━━━━━━━━━━━━━━━━━━━━━━━━━━━━━ 536.2/536.2 kB 107.4 MB/s eta 0:00:00
  [1m 32s] #8 51.82 Downloading oauthlib-3.3.1-py3-none-any.whl (160 kB)
  [1m 32s] #8 51.83    ━━━━━━━━━━━━━━━━━━━━━━━━━━━━━━━━━━━━━━━ 160.1/160.1 kB 181.8 MB/s eta 0:00:00
  [1m 32s] #8 51.84 Downloading zipp-3.23.0-py3-none-any.whl (10 kB)
  [1m 34s] #8 54.75 Installing collected packages: pypika, nvidia-cusparselt-cu13, mpmath, flatbuffers, durationpy, cuda-toolkit, zipp, websockets, websocket-client, uvloop, urllib3, typing-extensions, triton, tqdm, threadpoolctl, tenacity, sympy, six, shellingham, safetensors, rpds-py, regex, pyyaml, python-multipart, python-dotenv, pyproject_hooks, pygments, pybase64, protobuf, packaging, overrides, orjson, oauthlib, nvidia-nvtx, nvidia-nvshmem-cu13, nvidia-nvjitlink, nvidia-nccl-cu13, nvidia-curand, nvidia-cufile, nvidia-cuda-runtime, nvidia-cuda-nvrtc, nvidia-cuda-cupti, nvidia-cublas, numpy, networkx, mmh3, mdurl, MarkupSafe, joblib, importlib-resources, idna, httptools, hf-xet, h11, fsspec, filelock, cuda-pathfinder, click, charset_normalizer, certifi, bcrypt, attrs, annotated-types, annotated-doc, uvicorn, typing-inspection, scipy, requests, referencing, python-dateutil, pydantic-core, opentelemetry-proto, onnxruntime, nvidia-cusparse, nvidia-cufft, nvidia-cudnn-cu13, markdown-it-py, jinja2, importlib-metadata, httpcore, grpcio, googleapis-common-protos, cuda-bindings, build, anyio, watchfiles, starlette, scikit-learn, rich, requests-oauthlib, pydantic, opentelemetry-exporter-otlp-proto-common, opentelemetry-api, nvidia-cusolver, jsonschema-specifications, httpx, typer, pydantic-settings, opentelemetry-semantic-conventions, kubernetes, jsonschema, fastapi, torch, opentelemetry-sdk, huggingface-hub, tokenizers, opentelemetry-exporter-otlp-proto-grpc, transformers, chromadb, sentence-transformers
  [2m 16s] #8 96.33 Successfully installed MarkupSafe-3.0.3 annotated-doc-0.0.4 annotated-types-0.7.0 anyio-4.13.0 attrs-26.1.0 bcrypt-5.0.0 build-1.4.2 certifi-2026.2.25 charset_normalizer-3.4.7 chromadb-1.5.7 click-8.3.2 cuda-bindings-13.2.0 cuda-pathfinder-1.5.2 cuda-toolkit-13.0.2 durationpy-0.10 fastapi-0.135.3 filelock-3.25.2 flatbuffers-25.12.19 fsspec-2026.3.0 googleapis-common-protos-1.74.0 grpcio-1.80.0 h11-0.16.0 hf-xet-1.4.3 httpcore-1.0.9 httptools-0.7.1 httpx-0.28.1 huggingface-hub-1.10.1 idna-3.11 importlib-metadata-8.7.1 importlib-resources-6.5.2 jinja2-3.1.6 joblib-1.5.3 jsonschema-4.26.0 jsonschema-specifications-2025.9.1 kubernetes-35.0.0 markdown-it-py-4.0.0 mdurl-0.1.2 mmh3-5.2.1 mpmath-1.3.0 networkx-3.6.1 numpy-2.4.4 nvidia-cublas-13.1.0.3 nvidia-cuda-cupti-13.0.85 nvidia-cuda-nvrtc-13.0.88 nvidia-cuda-runtime-13.0.96 nvidia-cudnn-cu13-9.19.0.56 nvidia-cufft-12.0.0.61 nvidia-cufile-1.15.1.6 nvidia-curand-10.4.0.35 nvidia-cusolver-12.0.4.66 nvidia-cusparse-12.6.3.3 nvidia-cusparselt-cu13-0.8.0 nvidia-nccl-cu13-2.28.9 nvidia-nvjitlink-13.0.88 nvidia-nvshmem-cu13-3.4.5 nvidia-nvtx-13.0.85 oauthlib-3.3.1 onnxruntime-1.24.4 opentelemetry-api-1.41.0 opentelemetry-exporter-otlp-proto-common-1.41.0 opentelemetry-exporter-otlp-proto-grpc-1.41.0 opentelemetry-proto-1.41.0 opentelemetry-sdk-1.41.0 opentelemetry-semantic-conventions-0.62b0 orjson-3.11.8 overrides-7.7.0 packaging-26.0 protobuf-6.33.6 pybase64-1.4.3 pydantic-2.12.5 pydantic-core-2.41.5 pydantic-settings-2.13.1 pygments-2.20.0 pypika-0.51.1 pyproject_hooks-1.2.0 python-dateutil-2.9.0.post0 python-dotenv-1.2.2 python-multipart-0.0.25 pyyaml-6.0.3 referencing-0.37.0 regex-2026.4.4 requests-2.33.1 requests-oauthlib-2.0.0 rich-14.3.3 rpds-py-0.30.0 safetensors-0.7.0 scikit-learn-1.8.0 scipy-1.17.1 sentence-transformers-5.4.0 shellingham-1.5.4 six-1.17.0 starlette-1.0.0 sympy-1.14.0 tenacity-9.1.4 threadpoolctl-3.6.0 tokenizers-0.22.2 torch-2.11.0 tqdm-4.67.3 transformers-5.5.3 triton-3.6.0 typer-0.24.1 typing-extensions-4.15.0 typing-inspection-0.4.2 urllib3-2.6.3 uvicorn-0.44.0 uvloop-0.22.1 watchfiles-1.1.1 websocket-client-1.9.0 websockets-16.0 zipp-3.23.0
  [2m 16s] #8 96.33 WARNING: Running pip as the 'root' user can result in broken permissions and conflicting behaviour with the system package manager. It is recommended to use a virtual environment instead: https://pip.pypa.io/warnings/venv
  [2m 16s] #8 96.52 
  [2m 16s] #8 96.52 [notice] A new release of pip is available: 24.0 -> 26.0.1
  [2m 16s] #8 96.52 [notice] To update, run: pip install --upgrade pip
  [2m 18s] #8 DONE 98.8s
  [2m 19s] 
  [2m 19s] #9 [ 5/13] COPY pyproject.toml ./
  [2m 19s] #9 DONE 0.2s
  [2m 19s] 
  [2m 19s] #10 [ 6/13] COPY src/ ./src/
  [2m 19s] #10 DONE 0.0s
  [2m 19s] 
  [2m 19s] #11 [ 7/13] COPY data/ /app/data/
  [2m 19s] #11 DONE 0.2s
  [2m 19s] 
  [2m 19s] #12 [ 8/13] COPY models/published/ /app/models/published/
  [2m 21s] #12 DONE 2.3s
  [2m 21s] 
  [2m 21s] #13 [ 9/13] COPY docker/Modelfile /app/Modelfile
  [2m 21s] #13 DONE 0.0s
  [2m 21s] 
  [2m 21s] #14 [10/13] RUN ollama serve &     OLLAMA_PID=$! &&     sleep 5 &&     for i in $(seq 1 30); do ollama list >/dev/null 2>&1 && break || sleep 1; done &&     if [ -f /app/models/published/LATEST ]; then       BUNDLE_NAME=$(cat /app/models/published/LATEST | tr -d '\n\r');       if ls /app/models/published/$BUNDLE_NAME/trained_model_bundle.part-* >/dev/null 2>&1; then         echo "[build] Restoring pushed trained model bundle: $BUNDLE_NAME";         cat /app/models/published/$BUNDLE_NAME/trained_model_bundle.part-* > /tmp/trained_model_bundle.tar &&         tar -xf /tmp/trained_model_bundle.tar -C /app/models/published &&         rm -f /tmp/trained_model_bundle.tar &&         ollama create bola-analyzer -f /app/models/published/active/Modelfile;       else         echo "[build] LATEST marker present but no parts found, falling back to base pull.";         ollama pull qwen2.5-coder:3b && ollama create bola-analyzer -f /app/Modelfile;       fi;     else       echo "[build] No pushed trained bundle, falling back to base pull.";       ollama pull qwen2.5-coder:3b && ollama create bola-analyzer -f /app/Modelfile;     fi &&     echo "[build] Model baked successfully." &&     kill $OLLAMA_PID && sleep 2 || true
  [2m 22s] #14 0.186 Couldn't find '/root/.ollama/id_ed25519'. Generating new private key.
  [2m 22s] #14 0.187 Your new public key is: 
  [2m 22s] #14 0.187 
  [2m 22s] #14 0.187 ssh-ed25519 AAAAC3NzaC1lZDI1NTE5AAAAIDy+EwQwJOY74LWMJUCOjAXJzuw+TnVp3wmLJU5AbD9O
  [2m 22s] #14 0.187 
  [2m 22s] #14 0.188 time=2026-04-10T13:41:41.390Z level=INFO source=routes.go:1752 msg="server config" env="map[CUDA_VISIBLE_DEVICES: GGML_VK_VISIBLE_DEVICES: GPU_DEVICE_ORDINAL: HIP_VISIBLE_DEVICES: HSA_OVERRIDE_GFX_VERSION: HTTPS_PROXY: HTTP_PROXY: NO_PROXY: OLLAMA_CONTEXT_LENGTH:0 OLLAMA_DEBUG:INFO OLLAMA_DEBUG_LOG_REQUESTS:false OLLAMA_EDITOR: OLLAMA_FLASH_ATTENTION:false OLLAMA_GPU_OVERHEAD:0 OLLAMA_HOST:http://127.0.0.1:11434 OLLAMA_KEEP_ALIVE:5m0s OLLAMA_KV_CACHE_TYPE: OLLAMA_LLM_LIBRARY: OLLAMA_LOAD_TIMEOUT:5m0s OLLAMA_MAX_LOADED_MODELS:0 OLLAMA_MAX_QUEUE:512 OLLAMA_MODELS:/root/.ollama/models OLLAMA_MULTIUSER_CACHE:false OLLAMA_NEW_ENGINE:false OLLAMA_NOHISTORY:false OLLAMA_NOPRUNE:false OLLAMA_NO_CLOUD:false OLLAMA_NUM_PARALLEL:1 OLLAMA_ORIGINS:[http://localhost https://localhost http://localhost:* https://localhost:* http://127.0.0.1 https://127.0.0.1 http://127.0.0.1:* https://127.0.0.1:* http://0.0.0.0 https://0.0.0.0 http://0.0.0.0:* https://0.0.0.0:* app://* file://* tauri://* vscode-webview://* vscode-file://*] OLLAMA_REMOTES:[ollama.com] OLLAMA_SCHED_SPREAD:false OLLAMA_VULKAN:false ROCR_VISIBLE_DEVICES: http_proxy: https_proxy: no_proxy:]"
  [2m 22s] #14 0.188 time=2026-04-10T13:41:41.390Z level=INFO source=routes.go:1754 msg="Ollama cloud disabled: false"
  [2m 22s] #14 0.188 time=2026-04-10T13:41:41.391Z level=INFO source=images.go:499 msg="total blobs: 0"
  [2m 22s] #14 0.188 time=2026-04-10T13:41:41.391Z level=INFO source=images.go:506 msg="total unused blobs removed: 0"
  [2m 22s] #14 0.188 time=2026-04-10T13:41:41.391Z level=INFO source=routes.go:1810 msg="Listening on 127.0.0.1:11434 (version 0.20.5)"
  [2m 22s] #14 0.188 time=2026-04-10T13:41:41.391Z level=INFO source=runner.go:67 msg="discovering available GPUs..."
  [2m 22s] #14 0.189 time=2026-04-10T13:41:41.392Z level=INFO source=server.go:444 msg="starting runner" cmd="/usr/bin/ollama runner --ollama-engine --port 36371"
  [2m 22s] #14 0.235 time=2026-04-10T13:41:41.438Z level=INFO source=server.go:444 msg="starting runner" cmd="/usr/bin/ollama runner --ollama-engine --port 42903"
  [2m 22s] #14 0.267 time=2026-04-10T13:41:41.469Z level=INFO source=runner.go:106 msg="experimental Vulkan support disabled.  To enable, set OLLAMA_VULKAN=1"
  [2m 22s] #14 0.267 time=2026-04-10T13:41:41.470Z level=INFO source=types.go:60 msg="inference compute" id=cpu library=cpu compute="" name=cpu description=cpu libdirs=ollama driver="" pci_id="" type="" total="30.8 GiB" available="30.7 GiB"
  [2m 22s] #14 0.267 time=2026-04-10T13:41:41.470Z level=INFO source=routes.go:1860 msg="vram-based default context" total_vram="0 B" default_num_ctx=4096
  [2m 26s] #14 5.165 [GIN] 2026/04/10 - 13:41:46 | 200 |     112.674µs |       127.0.0.1 | HEAD     "/"
  [2m 27s] #14 5.166 [GIN] 2026/04/10 - 13:41:46 | 200 |     371.729µs |       127.0.0.1 | GET      "/api/tags"
  [2m 27s] #14 5.173 [build] Restoring pushed trained model bundle: bola-analyzer-20260410T133753Z
  [2m 29s] #14 7.516 [GIN] 2026/04/10 - 13:41:48 | 200 |      39.636µs |       127.0.0.1 | HEAD     "/"
  [2m 30s] #14 7.617 [?2026h[?25l[1Ggathering model components ⠋ [K[?25h[?2026l[?2026h[?25l[1Ggathering model components ⠹ [K[?25h[?2026l[?2026h[?25l[1Ggathering model components ⠸ [K[?25h[?2026l[?2026h[?25l[1Ggathering model components ⠼ [K[?25h[?2026l[?2026h[?25l[1Ggathering model components ⠼ [K[?25h[?2026l[?2026h[?25l[1Ggathering model components ⠦ [K[?25h[?2026l[?2026h[?25l[1Ggathering model components ⠦ [K[?25h[?2026l[?2026h[?25l[1Ggathering model components ⠧ [K[?25h[?2026l[?2026h[?25l[1Ggathering model components ⠇ [K[?25h[?2026l[?2026h[?25l[1Ggathering model components ⠏ [K[?25h[?2026l[?2026h[?25l[1Ggathering model components ⠙ [K[?25h[?2026l[?2026h[?25l[1Ggathering model components ⠹ [K[?25h[?2026l[?2026h[?25l[1Ggathering model components ⠸ [K[?25h[?2026l[GIN] 2026/04/10 - 13:41:50 | 201 |     393.384µs |       127.0.0.1 | POST     "/api/blobs/sha256:ff075094bac54dcd28820983fc7d8b80812983af5aa7cc12fa80d7388ffe4d66"
  [2m 30s] #14 8.889 [GIN] 2026/04/10 - 13:41:50 | 201 |     472.989µs |       127.0.0.1 | POST     "/api/blobs/sha256:423948d48cf1eeaed92cd7bc2aa4675dea7a8b520d2379f42e92de055e0170ff"
  [2m 30s] #14 8.889 [GIN] 2026/04/10 - 13:41:50 | 201 |     506.836µs |       127.0.0.1 | POST     "/api/blobs/sha256:87d16279353acf193291b411a4d6b098a457491f1a46508ba52188eb9297b967"
  [2m 30s] #14 8.905 [GIN] 2026/04/10 - 13:41:50 | 201 |    16.66159ms |       127.0.0.1 | POST     "/api/blobs/sha256:3fd169731d2cbde95e10bf356d66d5997fd885dd8dbb6fb4684da3f23b2585d8"
  [2m 30s] #14 8.917 [?2026h[?25l[1Ggathering model components [K
  [2m 30s] #14 8.917 copying file sha256:855e8df721ac1509352936aa7cf6afda5ea248dd18660ac027ee553ea7a1fd19 0% ⠋ [K
  [2m 30s] #14 8.917 copying file sha256:423948d48cf1eeaed92cd7bc2aa4675dea7a8b520d2379f42e92de055e0170ff 100% [K
  [2m 30s] #14 8.917 copying file sha256:3fd169731d2cbde95e10bf356d66d5997fd885dd8dbb6fb4684da3f23b2585d8 100% [K
  [2m 30s] #14 8.917 copying file sha256:87d16279353acf193291b411a4d6b098a457491f1a46508ba52188eb9297b967 100% [K
  [2m 30s] #14 8.917 copying file sha256:ff075094bac54dcd28820983fc7d8b80812983af5aa7cc12fa80d7388ffe4d66 100% [K[?25h[?2026l[?2026h[?25l[A[A[A[A[A[1Ggathering model components [K
  [2m 30s] #14 9.017 copying file sha256:855e8df721ac1509352936aa7cf6afda5ea248dd18660ac027ee553ea7a1fd19 6% ⠙ [K
  [2m 30s] #14 9.017 copying file sha256:423948d48cf1eeaed92cd7bc2aa4675dea7a8b520d2379f42e92de055e0170ff 100% [K
  [2m 30s] #14 9.017 copying file sha256:3fd169731d2cbde95e10bf356d66d5997fd885dd8dbb6fb4684da3f23b2585d8 100% [K
  [2m 30s] #14 9.017 copying file sha256:87d16279353acf193291b411a4d6b098a457491f1a46508ba52188eb9297b967 100% [K
  [2m 30s] #14 9.017 copying file sha256:ff075094bac54dcd28820983fc7d8b80812983af5aa7cc12fa80d7388ffe4d66 100% [K[?25h[?2026l[?2026h[?25l[A[A[A[A[A[1Ggathering model components [K
  [2m 30s] #14 9.117 copying file sha256:855e8df721ac1509352936aa7cf6afda5ea248dd18660ac027ee553ea7a1fd19 9% ⠹ [K
  [2m 30s] #14 9.117 copying file sha256:423948d48cf1eeaed92cd7bc2aa4675dea7a8b520d2379f42e92de055e0170ff 100% [K
  [2m 30s] #14 9.117 copying file sha256:3fd169731d2cbde95e10bf356d66d5997fd885dd8dbb6fb4684da3f23b2585d8 100% [K
  [2m 30s] #14 9.117 copying file sha256:87d16279353acf193291b411a4d6b098a457491f1a46508ba52188eb9297b967 100% [K
  [2m 31s] #14 9.117 copying file sha256:ff075094bac54dcd28820983fc7d8b80812983af5aa7cc12fa80d7388ffe4d66 100% [K[?25h[?2026l[?2026h[?25l[A[A[A[A[A[1Ggathering model components [K
  [2m 31s] #14 9.217 copying file sha256:855e8df721ac1509352936aa7cf6afda5ea248dd18660ac027ee553ea7a1fd19 16% ⠸ [K
  [2m 31s] #14 9.217 copying file sha256:423948d48cf1eeaed92cd7bc2aa4675dea7a8b520d2379f42e92de055e0170ff 100% [K
  [2m 31s] #14 9.217 copying file sha256:3fd169731d2cbde95e10bf356d66d5997fd885dd8dbb6fb4684da3f23b2585d8 100% [K
  [2m 31s] #14 9.217 copying file sha256:87d16279353acf193291b411a4d6b098a457491f1a46508ba52188eb9297b967 100% [K
  [2m 31s] #14 9.217 copying file sha256:ff075094bac54dcd28820983fc7d8b80812983af5aa7cc12fa80d7388ffe4d66 100% [K[?25h[?2026l[?2026h[?25l[A[A[A[A[A[1Ggathering model components [K
  [2m 31s] #14 9.317 copying file sha256:855e8df721ac1509352936aa7cf6afda5ea248dd18660ac027ee553ea7a1fd19 22% ⠼ [K
  [2m 31s] #14 9.317 copying file sha256:423948d48cf1eeaed92cd7bc2aa4675dea7a8b520d2379f42e92de055e0170ff 100% [K
  [2m 31s] #14 9.317 copying file sha256:3fd169731d2cbde95e10bf356d66d5997fd885dd8dbb6fb4684da3f23b2585d8 100% [K
  [2m 31s] #14 9.317 copying file sha256:87d16279353acf193291b411a4d6b098a457491f1a46508ba52188eb9297b967 100% [K
  [2m 31s] #14 9.317 copying file sha256:ff075094bac54dcd28820983fc7d8b80812983af5aa7cc12fa80d7388ffe4d66 100% [K[?25h[?2026l[?2026h[?25l[A[A[A[A[A[1Ggathering model components [K
  [2m 31s] #14 9.417 copying file sha256:855e8df721ac1509352936aa7cf6afda5ea248dd18660ac027ee553ea7a1fd19 25% ⠴ [K
  [2m 31s] #14 9.417 copying file sha256:423948d48cf1eeaed92cd7bc2aa4675dea7a8b520d2379f42e92de055e0170ff 100% [K
  [2m 31s] #14 9.417 copying file sha256:3fd169731d2cbde95e10bf356d66d5997fd885dd8dbb6fb4684da3f23b2585d8 100% [K
  [2m 31s] #14 9.417 copying file sha256:87d16279353acf193291b411a4d6b098a457491f1a46508ba52188eb9297b967 100% [K
  [2m 31s] #14 9.417 copying file sha256:ff075094bac54dcd28820983fc7d8b80812983af5aa7cc12fa80d7388ffe4d66 100% [K[?25h[?2026l[?2026h[?25l[A[A[A[A[A[1Ggathering model components [K
  [2m 31s] #14 9.517 copying file sha256:855e8df721ac1509352936aa7cf6afda5ea248dd18660ac027ee553ea7a1fd19 29% ⠦ [K
  [2m 31s] #14 9.517 copying file sha256:423948d48cf1eeaed92cd7bc2aa4675dea7a8b520d2379f42e92de055e0170ff 100% [K
  [2m 31s] #14 9.517 copying file sha256:3fd169731d2cbde95e10bf356d66d5997fd885dd8dbb6fb4684da3f23b2585d8 100% [K
  [2m 31s] #14 9.517 copying file sha256:87d16279353acf193291b411a4d6b098a457491f1a46508ba52188eb9297b967 100% [K
  [2m 31s] #14 9.517 copying file sha256:ff075094bac54dcd28820983fc7d8b80812983af5aa7cc12fa80d7388ffe4d66 100% [K[?25h[?2026l[?2026h[?25l[A[A[A[A[A[1Ggathering model components [K
  [2m 31s] #14 9.622 copying file sha256:855e8df721ac1509352936aa7cf6afda5ea248dd18660ac027ee553ea7a1fd19 34% ⠧ [K
  [2m 31s] #14 9.622 copying file sha256:423948d48cf1eeaed92cd7bc2aa4675dea7a8b520d2379f42e92de055e0170ff 100% [K
  [2m 31s] #14 9.622 copying file sha256:3fd169731d2cbde95e10bf356d66d5997fd885dd8dbb6fb4684da3f23b2585d8 100% [K
  [2m 31s] #14 9.622 copying file sha256:87d16279353acf193291b411a4d6b098a457491f1a46508ba52188eb9297b967 100% [K
  [2m 31s] #14 9.622 copying file sha256:ff075094bac54dcd28820983fc7d8b80812983af5aa7cc12fa80d7388ffe4d66 100% [K[?25h[?2026l[?2026h[?25l[A[A[A[A[A[1Ggathering model components [K
  [2m 31s] #14 9.721 copying file sha256:855e8df721ac1509352936aa7cf6afda5ea248dd18660ac027ee553ea7a1fd19 36% ⠇ [K
  [2m 31s] #14 9.721 copying file sha256:423948d48cf1eeaed92cd7bc2aa4675dea7a8b520d2379f42e92de055e0170ff 100% [K
  [2m 31s] #14 9.721 copying file sha256:3fd169731d2cbde95e10bf356d66d5997fd885dd8dbb6fb4684da3f23b2585d8 100% [K
  [2m 31s] #14 9.721 copying file sha256:87d16279353acf193291b411a4d6b098a457491f1a46508ba52188eb9297b967 100% [K
  [2m 31s] #14 9.721 copying file sha256:ff075094bac54dcd28820983fc7d8b80812983af5aa7cc12fa80d7388ffe4d66 100% [K[?25h[?2026l[?2026h[?25l[A[A[A[A[A[1Ggathering model components [K
  [2m 31s] #14 9.817 copying file sha256:855e8df721ac1509352936aa7cf6afda5ea248dd18660ac027ee553ea7a1fd19 41% ⠏ [K
  [2m 31s] #14 9.817 copying file sha256:423948d48cf1eeaed92cd7bc2aa4675dea7a8b520d2379f42e92de055e0170ff 100% [K
  [2m 31s] #14 9.817 copying file sha256:3fd169731d2cbde95e10bf356d66d5997fd885dd8dbb6fb4684da3f23b2585d8 100% [K
  [2m 31s] #14 9.817 copying file sha256:87d16279353acf193291b411a4d6b098a457491f1a46508ba52188eb9297b967 100% [K
  [2m 31s] #14 9.817 copying file sha256:ff075094bac54dcd28820983fc7d8b80812983af5aa7cc12fa80d7388ffe4d66 100% [K[?25h[?2026l[?2026h[?25l[A[A[A[A[A[1Ggathering model components [K
  [2m 31s] #14 9.917 copying file sha256:855e8df721ac1509352936aa7cf6afda5ea248dd18660ac027ee553ea7a1fd19 47% ⠋ [K
  [2m 31s] #14 9.917 copying file sha256:423948d48cf1eeaed92cd7bc2aa4675dea7a8b520d2379f42e92de055e0170ff 100% [K
  [2m 31s] #14 9.917 copying file sha256:3fd169731d2cbde95e10bf356d66d5997fd885dd8dbb6fb4684da3f23b2585d8 100% [K
  [2m 31s] #14 9.917 copying file sha256:87d16279353acf193291b411a4d6b098a457491f1a46508ba52188eb9297b967 100% [K
  [2m 31s] #14 9.917 copying file sha256:ff075094bac54dcd28820983fc7d8b80812983af5aa7cc12fa80d7388ffe4d66 100% [K[?25h[?2026l[?2026h[?25l[A[A[A[A[A[1Ggathering model components [K
  [2m 31s] #14 10.02 copying file sha256:855e8df721ac1509352936aa7cf6afda5ea248dd18660ac027ee553ea7a1fd19 50% ⠙ [K
  [2m 31s] #14 10.02 copying file sha256:423948d48cf1eeaed92cd7bc2aa4675dea7a8b520d2379f42e92de055e0170ff 100% [K
  [2m 31s] #14 10.02 copying file sha256:3fd169731d2cbde95e10bf356d66d5997fd885dd8dbb6fb4684da3f23b2585d8 100% [K
  [2m 31s] #14 10.02 copying file sha256:87d16279353acf193291b411a4d6b098a457491f1a46508ba52188eb9297b967 100% [K
  [2m 32s] #14 10.02 copying file sha256:ff075094bac54dcd28820983fc7d8b80812983af5aa7cc12fa80d7388ffe4d66 100% [K[?25h[?2026l[?2026h[?25l[A[A[A[A[A[1Ggathering model components [K
  [2m 32s] #14 10.12 copying file sha256:855e8df721ac1509352936aa7cf6afda5ea248dd18660ac027ee553ea7a1fd19 55% ⠹ [K
  [2m 32s] #14 10.12 copying file sha256:423948d48cf1eeaed92cd7bc2aa4675dea7a8b520d2379f42e92de055e0170ff 100% [K
  [2m 32s] #14 10.12 copying file sha256:3fd169731d2cbde95e10bf356d66d5997fd885dd8dbb6fb4684da3f23b2585d8 100% [K
  [2m 32s] #14 10.12 copying file sha256:87d16279353acf193291b411a4d6b098a457491f1a46508ba52188eb9297b967 100% [K
  [2m 32s] #14 10.12 copying file sha256:ff075094bac54dcd28820983fc7d8b80812983af5aa7cc12fa80d7388ffe4d66 100% [K[?25h[?2026l[?2026h[?25l[A[A[A[A[A[1Ggathering model components [K
  [2m 32s] #14 10.22 copying file sha256:855e8df721ac1509352936aa7cf6afda5ea248dd18660ac027ee553ea7a1fd19 59% ⠸ [K
  [2m 32s] #14 10.22 copying file sha256:423948d48cf1eeaed92cd7bc2aa4675dea7a8b520d2379f42e92de055e0170ff 100% [K
  [2m 32s] #14 10.22 copying file sha256:3fd169731d2cbde95e10bf356d66d5997fd885dd8dbb6fb4684da3f23b2585d8 100% [K
  [2m 32s] #14 10.22 copying file sha256:87d16279353acf193291b411a4d6b098a457491f1a46508ba52188eb9297b967 100% [K
  [2m 32s] #14 10.22 copying file sha256:ff075094bac54dcd28820983fc7d8b80812983af5aa7cc12fa80d7388ffe4d66 100% [K[?25h[?2026l[?2026h[?25l[A[A[A[A[A[1Ggathering model components [K
  [2m 32s] #14 10.32 copying file sha256:855e8df721ac1509352936aa7cf6afda5ea248dd18660ac027ee553ea7a1fd19 63% ⠼ [K
  [2m 32s] #14 10.32 copying file sha256:423948d48cf1eeaed92cd7bc2aa4675dea7a8b520d2379f42e92de055e0170ff 100% [K
  [2m 32s] #14 10.32 copying file sha256:3fd169731d2cbde95e10bf356d66d5997fd885dd8dbb6fb4684da3f23b2585d8 100% [K
  [2m 32s] #14 10.32 copying file sha256:87d16279353acf193291b411a4d6b098a457491f1a46508ba52188eb9297b967 100% [K
  [2m 32s] #14 10.32 copying file sha256:ff075094bac54dcd28820983fc7d8b80812983af5aa7cc12fa80d7388ffe4d66 100% [K[?25h[?2026l[?2026h[?25l[A[A[A[A[A[1Ggathering model components [K
  [2m 32s] #14 10.42 copying file sha256:855e8df721ac1509352936aa7cf6afda5ea248dd18660ac027ee553ea7a1fd19 68% ⠴ [K
  [2m 32s] #14 10.42 copying file sha256:423948d48cf1eeaed92cd7bc2aa4675dea7a8b520d2379f42e92de055e0170ff 100% [K
  [2m 32s] #14 10.42 copying file sha256:3fd169731d2cbde95e10bf356d66d5997fd885dd8dbb6fb4684da3f23b2585d8 100% [K
  [2m 32s] #14 10.42 copying file sha256:87d16279353acf193291b411a4d6b098a457491f1a46508ba52188eb9297b967 100% [K
  [2m 32s] #14 10.42 copying file sha256:ff075094bac54dcd28820983fc7d8b80812983af5aa7cc12fa80d7388ffe4d66 100% [K[?25h[?2026l[?2026h[?25l[A[A[A[A[A[1Ggathering model components [K
  [2m 32s] #14 10.52 copying file sha256:855e8df721ac1509352936aa7cf6afda5ea248dd18660ac027ee553ea7a1fd19 72% ⠦ [K
  [2m 32s] #14 10.52 copying file sha256:423948d48cf1eeaed92cd7bc2aa4675dea7a8b520d2379f42e92de055e0170ff 100% [K
  [2m 32s] #14 10.52 copying file sha256:3fd169731d2cbde95e10bf356d66d5997fd885dd8dbb6fb4684da3f23b2585d8 100% [K
  [2m 32s] #14 10.52 copying file sha256:87d16279353acf193291b411a4d6b098a457491f1a46508ba52188eb9297b967 100% [K
  [2m 32s] #14 10.52 copying file sha256:ff075094bac54dcd28820983fc7d8b80812983af5aa7cc12fa80d7388ffe4d66 100% [K[?25h[?2026l[?2026h[?25l[A[A[A[A[A[1Ggathering model components [K
  [2m 32s] #14 10.62 copying file sha256:855e8df721ac1509352936aa7cf6afda5ea248dd18660ac027ee553ea7a1fd19 75% ⠧ [K
  [2m 32s] #14 10.62 copying file sha256:423948d48cf1eeaed92cd7bc2aa4675dea7a8b520d2379f42e92de055e0170ff 100% [K
  [2m 32s] #14 10.62 copying file sha256:3fd169731d2cbde95e10bf356d66d5997fd885dd8dbb6fb4684da3f23b2585d8 100% [K
  [2m 32s] #14 10.62 copying file sha256:87d16279353acf193291b411a4d6b098a457491f1a46508ba52188eb9297b967 100% [K
  [2m 32s] #14 10.62 copying file sha256:ff075094bac54dcd28820983fc7d8b80812983af5aa7cc12fa80d7388ffe4d66 100% [K[?25h[?2026l[?2026h[?25l[A[A[A[A[A[1Ggathering model components [K
  [2m 32s] #14 10.72 copying file sha256:855e8df721ac1509352936aa7cf6afda5ea248dd18660ac027ee553ea7a1fd19 80% ⠇ [K
  [2m 32s] #14 10.72 copying file sha256:423948d48cf1eeaed92cd7bc2aa4675dea7a8b520d2379f42e92de055e0170ff 100% [K
  [2m 32s] #14 10.72 copying file sha256:3fd169731d2cbde95e10bf356d66d5997fd885dd8dbb6fb4684da3f23b2585d8 100% [K
  [2m 32s] #14 10.72 copying file sha256:87d16279353acf193291b411a4d6b098a457491f1a46508ba52188eb9297b967 100% [K
  [2m 32s] #14 10.72 copying file sha256:ff075094bac54dcd28820983fc7d8b80812983af5aa7cc12fa80d7388ffe4d66 100% [K[?25h[?2026l[?2026h[?25l[A[A[A[A[A[1Ggathering model components [K
  [2m 32s] #14 10.82 copying file sha256:855e8df721ac1509352936aa7cf6afda5ea248dd18660ac027ee553ea7a1fd19 86% ⠏ [K
  [2m 32s] #14 10.82 copying file sha256:423948d48cf1eeaed92cd7bc2aa4675dea7a8b520d2379f42e92de055e0170ff 100% [K
  [2m 32s] #14 10.82 copying file sha256:3fd169731d2cbde95e10bf356d66d5997fd885dd8dbb6fb4684da3f23b2585d8 100% [K
  [2m 32s] #14 10.82 copying file sha256:87d16279353acf193291b411a4d6b098a457491f1a46508ba52188eb9297b967 100% [K
  [2m 32s] #14 10.82 copying file sha256:ff075094bac54dcd28820983fc7d8b80812983af5aa7cc12fa80d7388ffe4d66 100% [K[?25h[?2026l[?2026h[?25l[A[A[A[A[A[1Ggathering model components [K
  [2m 32s] #14 10.92 copying file sha256:855e8df721ac1509352936aa7cf6afda5ea248dd18660ac027ee553ea7a1fd19 89% ⠋ [K
  [2m 32s] #14 10.92 copying file sha256:423948d48cf1eeaed92cd7bc2aa4675dea7a8b520d2379f42e92de055e0170ff 100% [K
  [2m 32s] #14 10.92 copying file sha256:3fd169731d2cbde95e10bf356d66d5997fd885dd8dbb6fb4684da3f23b2585d8 100% [K
  [2m 32s] #14 10.92 copying file sha256:87d16279353acf193291b411a4d6b098a457491f1a46508ba52188eb9297b967 100% [K
  [2m 32s] #14 10.92 copying file sha256:ff075094bac54dcd28820983fc7d8b80812983af5aa7cc12fa80d7388ffe4d66 100% [K[?25h[?2026l[?2026h[?25l[A[A[A[A[A[1Ggathering model components [K
  [2m 32s] #14 11.02 copying file sha256:855e8df721ac1509352936aa7cf6afda5ea248dd18660ac027ee553ea7a1fd19 93% ⠙ [K
  [2m 32s] #14 11.02 copying file sha256:423948d48cf1eeaed92cd7bc2aa4675dea7a8b520d2379f42e92de055e0170ff 100% [K
  [2m 32s] #14 11.02 copying file sha256:3fd169731d2cbde95e10bf356d66d5997fd885dd8dbb6fb4684da3f23b2585d8 100% [K
  [2m 32s] #14 11.02 copying file sha256:87d16279353acf193291b411a4d6b098a457491f1a46508ba52188eb9297b967 100% [K
  [2m 32s] #14 11.02 copying file sha256:ff075094bac54dcd28820983fc7d8b80812983af5aa7cc12fa80d7388ffe4d66 100% [K[?25h[?2026l[?2026h[?25l[A[A[A[A[A[1Ggathering model components [K
  [2m 32s] #14 11.12 copying file sha256:855e8df721ac1509352936aa7cf6afda5ea248dd18660ac027ee553ea7a1fd19 97% ⠹ [K
  [2m 32s] #14 11.12 copying file sha256:423948d48cf1eeaed92cd7bc2aa4675dea7a8b520d2379f42e92de055e0170ff 100% [K
  [2m 32s] #14 11.12 copying file sha256:3fd169731d2cbde95e10bf356d66d5997fd885dd8dbb6fb4684da3f23b2585d8 100% [K
  [2m 32s] #14 11.12 copying file sha256:87d16279353acf193291b411a4d6b098a457491f1a46508ba52188eb9297b967 100% [K
  [2m 32s] #14 11.12 copying file sha256:ff075094bac54dcd28820983fc7d8b80812983af5aa7cc12fa80d7388ffe4d66 100% [K[?25h[?2026l[GIN] 2026/04/10 - 13:41:52 | 201 |  2.281352229s |       127.0.0.1 | POST     "/api/blobs/sha256:855e8df721ac1509352936aa7cf6afda5ea248dd18660ac027ee553ea7a1fd19"
  [2m 33s] #14 11.22 [?2026h[?25l[A[A[A[A[A[1Ggathering model components [K
  [2m 33s] #14 11.22 copying file sha256:855e8df721ac1509352936aa7cf6afda5ea248dd18660ac027ee553ea7a1fd19 100% [K
  [2m 33s] #14 11.22 copying file sha256:423948d48cf1eeaed92cd7bc2aa4675dea7a8b520d2379f42e92de055e0170ff 100% [K
  [2m 33s] #14 11.22 copying file sha256:3fd169731d2cbde95e10bf356d66d5997fd885dd8dbb6fb4684da3f23b2585d8 100% [K
  [2m 33s] #14 11.22 copying file sha256:87d16279353acf193291b411a4d6b098a457491f1a46508ba52188eb9297b967 100% [K
  [2m 33s] #14 11.22 copying file sha256:ff075094bac54dcd28820983fc7d8b80812983af5aa7cc12fa80d7388ffe4d66 100% [K
  [2m 33s] #14 11.22 converting model ⠋ [K[?25h[?2026l[?2026h[?25l[A[A[A[A[A[A[1Ggathering model components [K
  [2m 33s] #14 11.32 copying file sha256:855e8df721ac1509352936aa7cf6afda5ea248dd18660ac027ee553ea7a1fd19 100% [K
  [2m 33s] #14 11.32 copying file sha256:423948d48cf1eeaed92cd7bc2aa4675dea7a8b520d2379f42e92de055e0170ff 100% [K
  [2m 33s] #14 11.32 copying file sha256:3fd169731d2cbde95e10bf356d66d5997fd885dd8dbb6fb4684da3f23b2585d8 100% [K
  [2m 33s] #14 11.32 copying file sha256:87d16279353acf193291b411a4d6b098a457491f1a46508ba52188eb9297b967 100% [K
  [2m 33s] #14 11.32 copying file sha256:ff075094bac54dcd28820983fc7d8b80812983af5aa7cc12fa80d7388ffe4d66 100% [K
  [2m 33s] #14 11.32 converting model ⠙ [K[?25h[?2026l[?2026h[?25l[A[A[A[A[A[A[1Ggathering model components [K
  [2m 33s] #14 11.42 copying file sha256:855e8df721ac1509352936aa7cf6afda5ea248dd18660ac027ee553ea7a1fd19 100% [K
  [2m 33s] #14 11.42 copying file sha256:423948d48cf1eeaed92cd7bc2aa4675dea7a8b520d2379f42e92de055e0170ff 100% [K
  [2m 33s] #14 11.42 copying file sha256:3fd169731d2cbde95e10bf356d66d5997fd885dd8dbb6fb4684da3f23b2585d8 100% [K
  [2m 33s] #14 11.42 copying file sha256:87d16279353acf193291b411a4d6b098a457491f1a46508ba52188eb9297b967 100% [K
  [2m 33s] #14 11.42 copying file sha256:ff075094bac54dcd28820983fc7d8b80812983af5aa7cc12fa80d7388ffe4d66 100% [K
  [2m 33s] #14 11.42 converting model ⠹ [K[?25h[?2026l[?2026h[?25l[A[A[A[A[A[A[1Ggathering model components [K
  [2m 33s] #14 11.52 copying file sha256:855e8df721ac1509352936aa7cf6afda5ea248dd18660ac027ee553ea7a1fd19 100% [K
  [2m 33s] #14 11.52 copying file sha256:423948d48cf1eeaed92cd7bc2aa4675dea7a8b520d2379f42e92de055e0170ff 100% [K
  [2m 33s] #14 11.52 copying file sha256:3fd169731d2cbde95e10bf356d66d5997fd885dd8dbb6fb4684da3f23b2585d8 100% [K
  [2m 33s] #14 11.52 copying file sha256:87d16279353acf193291b411a4d6b098a457491f1a46508ba52188eb9297b967 100% [K
  [2m 33s] #14 11.52 copying file sha256:ff075094bac54dcd28820983fc7d8b80812983af5aa7cc12fa80d7388ffe4d66 100% [K
  [2m 33s] #14 11.52 converting model ⠸ [K[?25h[?2026l[?2026h[?25l[A[A[A[A[A[A[1Ggathering model components [K
  [2m 33s] #14 11.62 copying file sha256:855e8df721ac1509352936aa7cf6afda5ea248dd18660ac027ee553ea7a1fd19 100% [K
  [2m 33s] #14 11.62 copying file sha256:423948d48cf1eeaed92cd7bc2aa4675dea7a8b520d2379f42e92de055e0170ff 100% [K
  [2m 33s] #14 11.62 copying file sha256:3fd169731d2cbde95e10bf356d66d5997fd885dd8dbb6fb4684da3f23b2585d8 100% [K
  [2m 33s] #14 11.62 copying file sha256:87d16279353acf193291b411a4d6b098a457491f1a46508ba52188eb9297b967 100% [K
  [2m 33s] #14 11.62 copying file sha256:ff075094bac54dcd28820983fc7d8b80812983af5aa7cc12fa80d7388ffe4d66 100% [K
  [2m 33s] #14 11.62 converting model ⠼ [K[?25h[?2026l[?2026h[?25l[A[A[A[A[A[A[1Ggathering model components [K
  [2m 33s] #14 11.72 copying file sha256:855e8df721ac1509352936aa7cf6afda5ea248dd18660ac027ee553ea7a1fd19 100% [K
  [2m 33s] #14 11.72 copying file sha256:423948d48cf1eeaed92cd7bc2aa4675dea7a8b520d2379f42e92de055e0170ff 100% [K
  [2m 33s] #14 11.72 copying file sha256:3fd169731d2cbde95e10bf356d66d5997fd885dd8dbb6fb4684da3f23b2585d8 100% [K
  [2m 33s] #14 11.72 copying file sha256:87d16279353acf193291b411a4d6b098a457491f1a46508ba52188eb9297b967 100% [K
  [2m 33s] #14 11.72 copying file sha256:ff075094bac54dcd28820983fc7d8b80812983af5aa7cc12fa80d7388ffe4d66 100% [K
  [2m 33s] #14 11.72 converting model ⠴ [K[?25h[?2026l[?2026h[?25l[A[A[A[A[A[A[1Ggathering model components [K
  [2m 33s] #14 11.82 copying file sha256:855e8df721ac1509352936aa7cf6afda5ea248dd18660ac027ee553ea7a1fd19 100% [K
  [2m 33s] #14 11.82 copying file sha256:423948d48cf1eeaed92cd7bc2aa4675dea7a8b520d2379f42e92de055e0170ff 100% [K
  [2m 33s] #14 11.82 copying file sha256:3fd169731d2cbde95e10bf356d66d5997fd885dd8dbb6fb4684da3f23b2585d8 100% [K
  [2m 33s] #14 11.82 copying file sha256:87d16279353acf193291b411a4d6b098a457491f1a46508ba52188eb9297b967 100% [K
  [2m 33s] #14 11.82 copying file sha256:ff075094bac54dcd28820983fc7d8b80812983af5aa7cc12fa80d7388ffe4d66 100% [K
  [2m 33s] #14 11.82 converting model ⠦ [K[?25h[?2026l[?2026h[?25l[A[A[A[A[A[A[1Ggathering model components [K
  [2m 33s] #14 11.92 copying file sha256:855e8df721ac1509352936aa7cf6afda5ea248dd18660ac027ee553ea7a1fd19 100% [K
  [2m 33s] #14 11.92 copying file sha256:423948d48cf1eeaed92cd7bc2aa4675dea7a8b520d2379f42e92de055e0170ff 100% [K
  [2m 33s] #14 11.92 copying file sha256:3fd169731d2cbde95e10bf356d66d5997fd885dd8dbb6fb4684da3f23b2585d8 100% [K
  [2m 33s] #14 11.92 copying file sha256:87d16279353acf193291b411a4d6b098a457491f1a46508ba52188eb9297b967 100% [K
  [2m 33s] #14 11.92 copying file sha256:ff075094bac54dcd28820983fc7d8b80812983af5aa7cc12fa80d7388ffe4d66 100% [K
  [2m 33s] #14 11.92 converting model ⠧ [K[?25h[?2026l[?2026h[?25l[A[A[A[A[A[A[1Ggathering model components [K
  [2m 33s] #14 12.02 copying file sha256:855e8df721ac1509352936aa7cf6afda5ea248dd18660ac027ee553ea7a1fd19 100% [K
  [2m 33s] #14 12.02 copying file sha256:423948d48cf1eeaed92cd7bc2aa4675dea7a8b520d2379f42e92de055e0170ff 100% [K
  [2m 33s] #14 12.02 copying file sha256:3fd169731d2cbde95e10bf356d66d5997fd885dd8dbb6fb4684da3f23b2585d8 100% [K
  [2m 33s] #14 12.02 copying file sha256:87d16279353acf193291b411a4d6b098a457491f1a46508ba52188eb9297b967 100% [K
  [2m 33s] #14 12.02 copying file sha256:ff075094bac54dcd28820983fc7d8b80812983af5aa7cc12fa80d7388ffe4d66 100% [K
  [2m 33s] #14 12.02 converting model ⠇ [K[?25h[?2026l[?2026h[?25l[A[A[A[A[A[A[1Ggathering model components [K
  [2m 33s] #14 12.12 copying file sha256:855e8df721ac1509352936aa7cf6afda5ea248dd18660ac027ee553ea7a1fd19 100% [K
  [2m 33s] #14 12.12 copying file sha256:423948d48cf1eeaed92cd7bc2aa4675dea7a8b520d2379f42e92de055e0170ff 100% [K
  [2m 33s] #14 12.12 copying file sha256:3fd169731d2cbde95e10bf356d66d5997fd885dd8dbb6fb4684da3f23b2585d8 100% [K
  [2m 33s] #14 12.12 copying file sha256:87d16279353acf193291b411a4d6b098a457491f1a46508ba52188eb9297b967 100% [K
  [2m 33s] #14 12.12 copying file sha256:ff075094bac54dcd28820983fc7d8b80812983af5aa7cc12fa80d7388ffe4d66 100% [K
  [2m 34s] #14 12.12 converting model ⠏ [K[?25h[?2026l[?2026h[?25l[A[A[A[A[A[A[1Ggathering model components [K
  [2m 34s] #14 12.22 copying file sha256:855e8df721ac1509352936aa7cf6afda5ea248dd18660ac027ee553ea7a1fd19 100% [K
  [2m 34s] #14 12.22 copying file sha256:423948d48cf1eeaed92cd7bc2aa4675dea7a8b520d2379f42e92de055e0170ff 100% [K
  [2m 34s] #14 12.22 copying file sha256:3fd169731d2cbde95e10bf356d66d5997fd885dd8dbb6fb4684da3f23b2585d8 100% [K
  [2m 34s] #14 12.22 copying file sha256:87d16279353acf193291b411a4d6b098a457491f1a46508ba52188eb9297b967 100% [K
  [2m 34s] #14 12.22 copying file sha256:ff075094bac54dcd28820983fc7d8b80812983af5aa7cc12fa80d7388ffe4d66 100% [K
  [2m 34s] #14 12.22 converting model ⠋ [K[?25h[?2026l[?2026h[?25l[A[A[A[A[A[A[1Ggathering model components [K
  [2m 34s] #14 12.32 copying file sha256:855e8df721ac1509352936aa7cf6afda5ea248dd18660ac027ee553ea7a1fd19 100% [K
  [2m 34s] #14 12.32 copying file sha256:423948d48cf1eeaed92cd7bc2aa4675dea7a8b520d2379f42e92de055e0170ff 100% [K
  [2m 34s] #14 12.32 copying file sha256:3fd169731d2cbde95e10bf356d66d5997fd885dd8dbb6fb4684da3f23b2585d8 100% [K
  [2m 34s] #14 12.32 copying file sha256:87d16279353acf193291b411a4d6b098a457491f1a46508ba52188eb9297b967 100% [K
  [2m 34s] #14 12.32 copying file sha256:ff075094bac54dcd28820983fc7d8b80812983af5aa7cc12fa80d7388ffe4d66 100% [K
  [2m 34s] #14 12.32 converting model ⠙ [K[?25h[?2026l[?2026h[?25l[A[A[A[A[A[A[1Ggathering model components [K
  [2m 34s] #14 12.42 copying file sha256:855e8df721ac1509352936aa7cf6afda5ea248dd18660ac027ee553ea7a1fd19 100% [K
  [2m 34s] #14 12.42 copying file sha256:423948d48cf1eeaed92cd7bc2aa4675dea7a8b520d2379f42e92de055e0170ff 100% [K
  [2m 34s] #14 12.42 copying file sha256:3fd169731d2cbde95e10bf356d66d5997fd885dd8dbb6fb4684da3f23b2585d8 100% [K
  [2m 34s] #14 12.42 copying file sha256:87d16279353acf193291b411a4d6b098a457491f1a46508ba52188eb9297b967 100% [K
  [2m 34s] #14 12.42 copying file sha256:ff075094bac54dcd28820983fc7d8b80812983af5aa7cc12fa80d7388ffe4d66 100% [K
  [2m 34s] #14 12.42 converting model ⠹ [K[?25h[?2026l[?2026h[?25l[A[A[A[A[A[A[1Ggathering model components [K
  [2m 34s] #14 12.52 copying file sha256:855e8df721ac1509352936aa7cf6afda5ea248dd18660ac027ee553ea7a1fd19 100% [K
  [2m 34s] #14 12.52 copying file sha256:423948d48cf1eeaed92cd7bc2aa4675dea7a8b520d2379f42e92de055e0170ff 100% [K
  [2m 34s] #14 12.52 copying file sha256:3fd169731d2cbde95e10bf356d66d5997fd885dd8dbb6fb4684da3f23b2585d8 100% [K
  [2m 34s] #14 12.52 copying file sha256:87d16279353acf193291b411a4d6b098a457491f1a46508ba52188eb9297b967 100% [K
  [2m 34s] #14 12.52 copying file sha256:ff075094bac54dcd28820983fc7d8b80812983af5aa7cc12fa80d7388ffe4d66 100% [K
  [2m 34s] #14 12.52 converting model ⠸ [K[?25h[?2026l[?2026h[?25l[A[A[A[A[A[A[1Ggathering model components [K
  [2m 34s] #14 12.62 copying file sha256:855e8df721ac1509352936aa7cf6afda5ea248dd18660ac027ee553ea7a1fd19 100% [K
  [2m 34s] #14 12.62 copying file sha256:423948d48cf1eeaed92cd7bc2aa4675dea7a8b520d2379f42e92de055e0170ff 100% [K
  [2m 34s] #14 12.62 copying file sha256:3fd169731d2cbde95e10bf356d66d5997fd885dd8dbb6fb4684da3f23b2585d8 100% [K
  [2m 34s] #14 12.62 copying file sha256:87d16279353acf193291b411a4d6b098a457491f1a46508ba52188eb9297b967 100% [K
  [2m 34s] #14 12.62 copying file sha256:ff075094bac54dcd28820983fc7d8b80812983af5aa7cc12fa80d7388ffe4d66 100% [K
  [2m 34s] #14 12.62 converting model ⠼ [K[?25h[?2026l[?2026h[?25l[A[A[A[A[A[A[1Ggathering model components [K
  [2m 34s] #14 12.72 copying file sha256:855e8df721ac1509352936aa7cf6afda5ea248dd18660ac027ee553ea7a1fd19 100% [K
  [2m 34s] #14 12.72 copying file sha256:423948d48cf1eeaed92cd7bc2aa4675dea7a8b520d2379f42e92de055e0170ff 100% [K
  [2m 34s] #14 12.72 copying file sha256:3fd169731d2cbde95e10bf356d66d5997fd885dd8dbb6fb4684da3f23b2585d8 100% [K
  [2m 34s] #14 12.72 copying file sha256:87d16279353acf193291b411a4d6b098a457491f1a46508ba52188eb9297b967 100% [K
  [2m 34s] #14 12.72 copying file sha256:ff075094bac54dcd28820983fc7d8b80812983af5aa7cc12fa80d7388ffe4d66 100% [K
  [2m 34s] #14 12.72 converting model ⠴ [K[?25h[?2026l[?2026h[?25l[A[A[A[A[A[A[1Ggathering model components [K
  [2m 34s] #14 12.82 copying file sha256:855e8df721ac1509352936aa7cf6afda5ea248dd18660ac027ee553ea7a1fd19 100% [K
  [2m 34s] #14 12.82 copying file sha256:423948d48cf1eeaed92cd7bc2aa4675dea7a8b520d2379f42e92de055e0170ff 100% [K
  [2m 34s] #14 12.82 copying file sha256:3fd169731d2cbde95e10bf356d66d5997fd885dd8dbb6fb4684da3f23b2585d8 100% [K
  [2m 34s] #14 12.82 copying file sha256:87d16279353acf193291b411a4d6b098a457491f1a46508ba52188eb9297b967 100% [K
  [2m 34s] #14 12.82 copying file sha256:ff075094bac54dcd28820983fc7d8b80812983af5aa7cc12fa80d7388ffe4d66 100% [K
  [2m 34s] #14 12.82 converting model ⠦ [K[?25h[?2026l[?2026h[?25l[A[A[A[A[A[A[1Ggathering model components [K
  [2m 34s] #14 12.93 copying file sha256:855e8df721ac1509352936aa7cf6afda5ea248dd18660ac027ee553ea7a1fd19 100% [K
  [2m 34s] #14 12.93 copying file sha256:423948d48cf1eeaed92cd7bc2aa4675dea7a8b520d2379f42e92de055e0170ff 100% [K
  [2m 34s] #14 12.93 copying file sha256:3fd169731d2cbde95e10bf356d66d5997fd885dd8dbb6fb4684da3f23b2585d8 100% [K
  [2m 34s] #14 12.93 copying file sha256:87d16279353acf193291b411a4d6b098a457491f1a46508ba52188eb9297b967 100% [K
  [2m 34s] #14 12.93 copying file sha256:ff075094bac54dcd28820983fc7d8b80812983af5aa7cc12fa80d7388ffe4d66 100% [K
  [2m 34s] #14 12.93 converting model ⠧ [K[?25h[?2026l[?2026h[?25l[A[A[A[A[A[A[1Ggathering model components [K
  [2m 34s] #14 13.03 copying file sha256:855e8df721ac1509352936aa7cf6afda5ea248dd18660ac027ee553ea7a1fd19 100% [K
  [2m 34s] #14 13.03 copying file sha256:423948d48cf1eeaed92cd7bc2aa4675dea7a8b520d2379f42e92de055e0170ff 100% [K
  [2m 34s] #14 13.03 copying file sha256:3fd169731d2cbde95e10bf356d66d5997fd885dd8dbb6fb4684da3f23b2585d8 100% [K
  [2m 34s] #14 13.03 copying file sha256:87d16279353acf193291b411a4d6b098a457491f1a46508ba52188eb9297b967 100% [K
  [2m 34s] #14 13.03 copying file sha256:ff075094bac54dcd28820983fc7d8b80812983af5aa7cc12fa80d7388ffe4d66 100% [K
  [2m 35s] #14 13.03 converting model ⠇ [K[?25h[?2026l[?2026h[?25l[A[A[A[A[A[A[1Ggathering model components [K
  [2m 35s] #14 13.12 copying file sha256:855e8df721ac1509352936aa7cf6afda5ea248dd18660ac027ee553ea7a1fd19 100% [K
  [2m 35s] #14 13.12 copying file sha256:423948d48cf1eeaed92cd7bc2aa4675dea7a8b520d2379f42e92de055e0170ff 100% [K
  [2m 35s] #14 13.12 copying file sha256:3fd169731d2cbde95e10bf356d66d5997fd885dd8dbb6fb4684da3f23b2585d8 100% [K
  [2m 35s] #14 13.12 copying file sha256:87d16279353acf193291b411a4d6b098a457491f1a46508ba52188eb9297b967 100% [K
  [2m 35s] #14 13.12 copying file sha256:ff075094bac54dcd28820983fc7d8b80812983af5aa7cc12fa80d7388ffe4d66 100% [K
  [2m 35s] #14 13.12 converting model ⠏ [K[?25h[?2026l[?2026h[?25l[A[A[A[A[A[A[1Ggathering model components [K
  [2m 35s] #14 13.22 copying file sha256:855e8df721ac1509352936aa7cf6afda5ea248dd18660ac027ee553ea7a1fd19 100% [K
  [2m 35s] #14 13.22 copying file sha256:423948d48cf1eeaed92cd7bc2aa4675dea7a8b520d2379f42e92de055e0170ff 100% [K
  [2m 35s] #14 13.22 copying file sha256:3fd169731d2cbde95e10bf356d66d5997fd885dd8dbb6fb4684da3f23b2585d8 100% [K
  [2m 35s] #14 13.22 copying file sha256:87d16279353acf193291b411a4d6b098a457491f1a46508ba52188eb9297b967 100% [K
  [2m 35s] #14 13.22 copying file sha256:ff075094bac54dcd28820983fc7d8b80812983af5aa7cc12fa80d7388ffe4d66 100% [K
  [2m 35s] #14 13.22 converting model ⠋ [K[?25h[?2026l[?2026h[?25l[A[A[A[A[A[A[1Ggathering model components [K
  [2m 35s] #14 13.32 copying file sha256:855e8df721ac1509352936aa7cf6afda5ea248dd18660ac027ee553ea7a1fd19 100% [K
  [2m 35s] #14 13.32 copying file sha256:423948d48cf1eeaed92cd7bc2aa4675dea7a8b520d2379f42e92de055e0170ff 100% [K
  [2m 35s] #14 13.32 copying file sha256:3fd169731d2cbde95e10bf356d66d5997fd885dd8dbb6fb4684da3f23b2585d8 100% [K
  [2m 35s] #14 13.32 copying file sha256:87d16279353acf193291b411a4d6b098a457491f1a46508ba52188eb9297b967 100% [K
  [2m 35s] #14 13.32 copying file sha256:ff075094bac54dcd28820983fc7d8b80812983af5aa7cc12fa80d7388ffe4d66 100% [K
  [2m 35s] #14 13.32 converting model ⠙ [K[?25h[?2026l[?2026h[?25l[A[A[A[A[A[A[1Ggathering model components [K
  [2m 35s] #14 13.42 copying file sha256:855e8df721ac1509352936aa7cf6afda5ea248dd18660ac027ee553ea7a1fd19 100% [K
  [2m 35s] #14 13.42 copying file sha256:423948d48cf1eeaed92cd7bc2aa4675dea7a8b520d2379f42e92de055e0170ff 100% [K
  [2m 35s] #14 13.42 copying file sha256:3fd169731d2cbde95e10bf356d66d5997fd885dd8dbb6fb4684da3f23b2585d8 100% [K
  [2m 35s] #14 13.42 copying file sha256:87d16279353acf193291b411a4d6b098a457491f1a46508ba52188eb9297b967 100% [K
  [2m 35s] #14 13.42 copying file sha256:ff075094bac54dcd28820983fc7d8b80812983af5aa7cc12fa80d7388ffe4d66 100% [K
  [2m 35s] #14 13.42 converting model ⠹ [K[?25h[?2026l[?2026h[?25l[A[A[A[A[A[A[1Ggathering model components [K
  [2m 35s] #14 13.52 copying file sha256:855e8df721ac1509352936aa7cf6afda5ea248dd18660ac027ee553ea7a1fd19 100% [K
  [2m 35s] #14 13.52 copying file sha256:423948d48cf1eeaed92cd7bc2aa4675dea7a8b520d2379f42e92de055e0170ff 100% [K
  [2m 35s] #14 13.52 copying file sha256:3fd169731d2cbde95e10bf356d66d5997fd885dd8dbb6fb4684da3f23b2585d8 100% [K
  [2m 35s] #14 13.52 copying file sha256:87d16279353acf193291b411a4d6b098a457491f1a46508ba52188eb9297b967 100% [K
  [2m 35s] #14 13.52 copying file sha256:ff075094bac54dcd28820983fc7d8b80812983af5aa7cc12fa80d7388ffe4d66 100% [K
  [2m 35s] #14 13.52 converting model ⠸ [K[?25h[?2026l[?2026h[?25l[A[A[A[A[A[A[1Ggathering model components [K
  [2m 35s] #14 13.62 copying file sha256:855e8df721ac1509352936aa7cf6afda5ea248dd18660ac027ee553ea7a1fd19 100% [K
  [2m 35s] #14 13.62 copying file sha256:423948d48cf1eeaed92cd7bc2aa4675dea7a8b520d2379f42e92de055e0170ff 100% [K
  [2m 35s] #14 13.62 copying file sha256:3fd169731d2cbde95e10bf356d66d5997fd885dd8dbb6fb4684da3f23b2585d8 100% [K
  [2m 35s] #14 13.62 copying file sha256:87d16279353acf193291b411a4d6b098a457491f1a46508ba52188eb9297b967 100% [K
  [2m 35s] #14 13.62 copying file sha256:ff075094bac54dcd28820983fc7d8b80812983af5aa7cc12fa80d7388ffe4d66 100% [K
  [2m 35s] #14 13.62 converting model ⠼ [K[?25h[?2026l[?2026h[?25l[A[A[A[A[A[A[1Ggathering model components [K
  [2m 35s] #14 13.72 copying file sha256:855e8df721ac1509352936aa7cf6afda5ea248dd18660ac027ee553ea7a1fd19 100% [K
  [2m 35s] #14 13.72 copying file sha256:423948d48cf1eeaed92cd7bc2aa4675dea7a8b520d2379f42e92de055e0170ff 100% [K
  [2m 35s] #14 13.72 copying file sha256:3fd169731d2cbde95e10bf356d66d5997fd885dd8dbb6fb4684da3f23b2585d8 100% [K
  [2m 35s] #14 13.72 copying file sha256:87d16279353acf193291b411a4d6b098a457491f1a46508ba52188eb9297b967 100% [K
  [2m 35s] #14 13.72 copying file sha256:ff075094bac54dcd28820983fc7d8b80812983af5aa7cc12fa80d7388ffe4d66 100% [K
  [2m 35s] #14 13.72 converting model ⠴ [K[?25h[?2026l[?2026h[?25l[A[A[A[A[A[A[1Ggathering model components [K
  [2m 35s] #14 13.82 copying file sha256:855e8df721ac1509352936aa7cf6afda5ea248dd18660ac027ee553ea7a1fd19 100% [K
  [2m 35s] #14 13.82 copying file sha256:423948d48cf1eeaed92cd7bc2aa4675dea7a8b520d2379f42e92de055e0170ff 100% [K
  [2m 35s] #14 13.82 copying file sha256:3fd169731d2cbde95e10bf356d66d5997fd885dd8dbb6fb4684da3f23b2585d8 100% [K
  [2m 35s] #14 13.82 copying file sha256:87d16279353acf193291b411a4d6b098a457491f1a46508ba52188eb9297b967 100% [K
  [2m 35s] #14 13.82 copying file sha256:ff075094bac54dcd28820983fc7d8b80812983af5aa7cc12fa80d7388ffe4d66 100% [K
  [2m 35s] #14 13.82 converting model ⠦ [K[?25h[?2026l[?2026h[?25l[A[A[A[A[A[A[1Ggathering model components [K
  [2m 35s] #14 13.92 copying file sha256:855e8df721ac1509352936aa7cf6afda5ea248dd18660ac027ee553ea7a1fd19 100% [K
  [2m 35s] #14 13.92 copying file sha256:423948d48cf1eeaed92cd7bc2aa4675dea7a8b520d2379f42e92de055e0170ff 100% [K
  [2m 35s] #14 13.92 copying file sha256:3fd169731d2cbde95e10bf356d66d5997fd885dd8dbb6fb4684da3f23b2585d8 100% [K
  [2m 35s] #14 13.92 copying file sha256:87d16279353acf193291b411a4d6b098a457491f1a46508ba52188eb9297b967 100% [K
  [2m 35s] #14 13.92 copying file sha256:ff075094bac54dcd28820983fc7d8b80812983af5aa7cc12fa80d7388ffe4d66 100% [K
  [2m 35s] #14 13.92 converting model ⠧ [K[?25h[?2026l[?2026h[?25l[A[A[A[A[A[A[1Ggathering model components [K
  [2m 35s] #14 14.02 copying file sha256:855e8df721ac1509352936aa7cf6afda5ea248dd18660ac027ee553ea7a1fd19 100% [K
  [2m 35s] #14 14.02 copying file sha256:423948d48cf1eeaed92cd7bc2aa4675dea7a8b520d2379f42e92de055e0170ff 100% [K
  [2m 35s] #14 14.02 copying file sha256:3fd169731d2cbde95e10bf356d66d5997fd885dd8dbb6fb4684da3f23b2585d8 100% [K
  [2m 35s] #14 14.02 copying file sha256:87d16279353acf193291b411a4d6b098a457491f1a46508ba52188eb9297b967 100% [K
  [2m 35s] #14 14.02 copying file sha256:ff075094bac54dcd28820983fc7d8b80812983af5aa7cc12fa80d7388ffe4d66 100% [K
  [2m 35s] #14 14.02 converting model ⠇ [K[?25h[?2026l[?2026h[?25l[A[A[A[A[A[A[1Ggathering model components [K
  [2m 35s] #14 14.12 copying file sha256:855e8df721ac1509352936aa7cf6afda5ea248dd18660ac027ee553ea7a1fd19 100% [K
  [2m 35s] #14 14.12 copying file sha256:423948d48cf1eeaed92cd7bc2aa4675dea7a8b520d2379f42e92de055e0170ff 100% [K
  [2m 35s] #14 14.12 copying file sha256:3fd169731d2cbde95e10bf356d66d5997fd885dd8dbb6fb4684da3f23b2585d8 100% [K
  [2m 35s] #14 14.12 copying file sha256:87d16279353acf193291b411a4d6b098a457491f1a46508ba52188eb9297b967 100% [K
  [2m 35s] #14 14.12 copying file sha256:ff075094bac54dcd28820983fc7d8b80812983af5aa7cc12fa80d7388ffe4d66 100% [K
  [2m 36s] #14 14.12 converting model ⠏ [K[?25h[?2026l[?2026h[?25l[A[A[A[A[A[A[1Ggathering model components [K
  [2m 36s] #14 14.22 copying file sha256:855e8df721ac1509352936aa7cf6afda5ea248dd18660ac027ee553ea7a1fd19 100% [K
  [2m 36s] #14 14.22 copying file sha256:423948d48cf1eeaed92cd7bc2aa4675dea7a8b520d2379f42e92de055e0170ff 100% [K
  [2m 36s] #14 14.22 copying file sha256:3fd169731d2cbde95e10bf356d66d5997fd885dd8dbb6fb4684da3f23b2585d8 100% [K
  [2m 36s] #14 14.22 copying file sha256:87d16279353acf193291b411a4d6b098a457491f1a46508ba52188eb9297b967 100% [K
  [2m 36s] #14 14.22 copying file sha256:ff075094bac54dcd28820983fc7d8b80812983af5aa7cc12fa80d7388ffe4d66 100% [K
  [2m 36s] #14 14.22 converting model ⠋ [K[?25h[?2026l[?2026h[?25l[A[A[A[A[A[A[1Ggathering model components [K
  [2m 36s] #14 14.32 copying file sha256:855e8df721ac1509352936aa7cf6afda5ea248dd18660ac027ee553ea7a1fd19 100% [K
  [2m 36s] #14 14.32 copying file sha256:423948d48cf1eeaed92cd7bc2aa4675dea7a8b520d2379f42e92de055e0170ff 100% [K
  [2m 36s] #14 14.32 copying file sha256:3fd169731d2cbde95e10bf356d66d5997fd885dd8dbb6fb4684da3f23b2585d8 100% [K
  [2m 36s] #14 14.32 copying file sha256:87d16279353acf193291b411a4d6b098a457491f1a46508ba52188eb9297b967 100% [K
  [2m 36s] #14 14.32 copying file sha256:ff075094bac54dcd28820983fc7d8b80812983af5aa7cc12fa80d7388ffe4d66 100% [K
  [2m 36s] #14 14.32 converting model ⠙ [K[?25h[?2026l[?2026h[?25l[A[A[A[A[A[A[1Ggathering model components [K
  [2m 36s] #14 14.42 copying file sha256:855e8df721ac1509352936aa7cf6afda5ea248dd18660ac027ee553ea7a1fd19 100% [K
  [2m 36s] #14 14.42 copying file sha256:423948d48cf1eeaed92cd7bc2aa4675dea7a8b520d2379f42e92de055e0170ff 100% [K
  [2m 36s] #14 14.42 copying file sha256:3fd169731d2cbde95e10bf356d66d5997fd885dd8dbb6fb4684da3f23b2585d8 100% [K
  [2m 36s] #14 14.42 copying file sha256:87d16279353acf193291b411a4d6b098a457491f1a46508ba52188eb9297b967 100% [K
  [2m 36s] #14 14.42 copying file sha256:ff075094bac54dcd28820983fc7d8b80812983af5aa7cc12fa80d7388ffe4d66 100% [K
  [2m 36s] #14 14.42 converting model ⠹ [K[?25h[?2026l[?2026h[?25l[A[A[A[A[A[A[1Ggathering model components [K
  [2m 36s] #14 14.52 copying file sha256:855e8df721ac1509352936aa7cf6afda5ea248dd18660ac027ee553ea7a1fd19 100% [K
  [2m 36s] #14 14.52 copying file sha256:423948d48cf1eeaed92cd7bc2aa4675dea7a8b520d2379f42e92de055e0170ff 100% [K
  [2m 36s] #14 14.52 copying file sha256:3fd169731d2cbde95e10bf356d66d5997fd885dd8dbb6fb4684da3f23b2585d8 100% [K
  [2m 36s] #14 14.52 copying file sha256:87d16279353acf193291b411a4d6b098a457491f1a46508ba52188eb9297b967 100% [K
  [2m 36s] #14 14.52 copying file sha256:ff075094bac54dcd28820983fc7d8b80812983af5aa7cc12fa80d7388ffe4d66 100% [K
  [2m 36s] #14 14.52 converting model ⠸ [K[?25h[?2026l[?2026h[?25l[A[A[A[A[A[A[1Ggathering model components [K
  [2m 36s] #14 14.62 copying file sha256:855e8df721ac1509352936aa7cf6afda5ea248dd18660ac027ee553ea7a1fd19 100% [K
  [2m 36s] #14 14.62 copying file sha256:423948d48cf1eeaed92cd7bc2aa4675dea7a8b520d2379f42e92de055e0170ff 100% [K
  [2m 36s] #14 14.62 copying file sha256:3fd169731d2cbde95e10bf356d66d5997fd885dd8dbb6fb4684da3f23b2585d8 100% [K
  [2m 36s] #14 14.62 copying file sha256:87d16279353acf193291b411a4d6b098a457491f1a46508ba52188eb9297b967 100% [K
  [2m 36s] #14 14.62 copying file sha256:ff075094bac54dcd28820983fc7d8b80812983af5aa7cc12fa80d7388ffe4d66 100% [K
  [2m 36s] #14 14.62 converting model ⠼ [K[?25h[?2026l[?2026h[?25l[A[A[A[A[A[A[1Ggathering model components [K
  [2m 36s] #14 14.72 copying file sha256:855e8df721ac1509352936aa7cf6afda5ea248dd18660ac027ee553ea7a1fd19 100% [K
  [2m 36s] #14 14.72 copying file sha256:423948d48cf1eeaed92cd7bc2aa4675dea7a8b520d2379f42e92de055e0170ff 100% [K
  [2m 36s] #14 14.72 copying file sha256:3fd169731d2cbde95e10bf356d66d5997fd885dd8dbb6fb4684da3f23b2585d8 100% [K
  [2m 36s] #14 14.72 copying file sha256:87d16279353acf193291b411a4d6b098a457491f1a46508ba52188eb9297b967 100% [K
  [2m 36s] #14 14.72 copying file sha256:ff075094bac54dcd28820983fc7d8b80812983af5aa7cc12fa80d7388ffe4d66 100% [K
  [2m 36s] #14 14.72 converting model ⠴ [K[?25h[?2026l[?2026h[?25l[A[A[A[A[A[A[1Ggathering model components [K
  [2m 36s] #14 14.82 copying file sha256:855e8df721ac1509352936aa7cf6afda5ea248dd18660ac027ee553ea7a1fd19 100% [K
  [2m 36s] #14 14.82 copying file sha256:423948d48cf1eeaed92cd7bc2aa4675dea7a8b520d2379f42e92de055e0170ff 100% [K
  [2m 36s] #14 14.82 copying file sha256:3fd169731d2cbde95e10bf356d66d5997fd885dd8dbb6fb4684da3f23b2585d8 100% [K
  [2m 36s] #14 14.82 copying file sha256:87d16279353acf193291b411a4d6b098a457491f1a46508ba52188eb9297b967 100% [K
  [2m 36s] #14 14.82 copying file sha256:ff075094bac54dcd28820983fc7d8b80812983af5aa7cc12fa80d7388ffe4d66 100% [K
  [2m 36s] #14 14.82 converting model ⠦ [K[?25h[?2026l[?2026h[?25l[A[A[A[A[A[A[1Ggathering model components [K
  [2m 36s] #14 14.92 copying file sha256:855e8df721ac1509352936aa7cf6afda5ea248dd18660ac027ee553ea7a1fd19 100% [K
  [2m 36s] #14 14.92 copying file sha256:423948d48cf1eeaed92cd7bc2aa4675dea7a8b520d2379f42e92de055e0170ff 100% [K
  [2m 36s] #14 14.92 copying file sha256:3fd169731d2cbde95e10bf356d66d5997fd885dd8dbb6fb4684da3f23b2585d8 100% [K
  [2m 36s] #14 14.92 copying file sha256:87d16279353acf193291b411a4d6b098a457491f1a46508ba52188eb9297b967 100% [K
  [2m 36s] #14 14.92 copying file sha256:ff075094bac54dcd28820983fc7d8b80812983af5aa7cc12fa80d7388ffe4d66 100% [K
  [2m 36s] #14 14.92 converting model ⠧ [K[?25h[?2026l[?2026h[?25l[A[A[A[A[A[A[1Ggathering model components [K
  [2m 36s] #14 15.02 copying file sha256:855e8df721ac1509352936aa7cf6afda5ea248dd18660ac027ee553ea7a1fd19 100% [K
  [2m 36s] #14 15.02 copying file sha256:423948d48cf1eeaed92cd7bc2aa4675dea7a8b520d2379f42e92de055e0170ff 100% [K
  [2m 36s] #14 15.02 copying file sha256:3fd169731d2cbde95e10bf356d66d5997fd885dd8dbb6fb4684da3f23b2585d8 100% [K
  [2m 36s] #14 15.02 copying file sha256:87d16279353acf193291b411a4d6b098a457491f1a46508ba52188eb9297b967 100% [K
  [2m 36s] #14 15.02 copying file sha256:ff075094bac54dcd28820983fc7d8b80812983af5aa7cc12fa80d7388ffe4d66 100% [K
  [2m 37s] #14 15.02 converting model ⠇ [K[?25h[?2026l[?2026h[?25l[A[A[A[A[A[A[1Ggathering model components [K
  [2m 37s] #14 15.12 copying file sha256:855e8df721ac1509352936aa7cf6afda5ea248dd18660ac027ee553ea7a1fd19 100% [K
  [2m 37s] #14 15.12 copying file sha256:423948d48cf1eeaed92cd7bc2aa4675dea7a8b520d2379f42e92de055e0170ff 100% [K
  [2m 37s] #14 15.12 copying file sha256:3fd169731d2cbde95e10bf356d66d5997fd885dd8dbb6fb4684da3f23b2585d8 100% [K
  [2m 37s] #14 15.12 copying file sha256:87d16279353acf193291b411a4d6b098a457491f1a46508ba52188eb9297b967 100% [K
  [2m 37s] #14 15.12 copying file sha256:ff075094bac54dcd28820983fc7d8b80812983af5aa7cc12fa80d7388ffe4d66 100% [K
  [2m 37s] #14 15.12 converting model ⠏ [K[?25h[?2026l[?2026h[?25l[A[A[A[A[A[A[1Ggathering model components [K
  [2m 37s] #14 15.22 copying file sha256:855e8df721ac1509352936aa7cf6afda5ea248dd18660ac027ee553ea7a1fd19 100% [K
  [2m 37s] #14 15.22 copying file sha256:423948d48cf1eeaed92cd7bc2aa4675dea7a8b520d2379f42e92de055e0170ff 100% [K
  [2m 37s] #14 15.22 copying file sha256:3fd169731d2cbde95e10bf356d66d5997fd885dd8dbb6fb4684da3f23b2585d8 100% [K
  [2m 37s] #14 15.22 copying file sha256:87d16279353acf193291b411a4d6b098a457491f1a46508ba52188eb9297b967 100% [K
  [2m 37s] #14 15.22 copying file sha256:ff075094bac54dcd28820983fc7d8b80812983af5aa7cc12fa80d7388ffe4d66 100% [K
  [2m 37s] #14 15.22 converting model ⠋ [K[?25h[?2026l[?2026h[?25l[A[A[A[A[A[A[1Ggathering model components [K
  [2m 37s] #14 15.32 copying file sha256:855e8df721ac1509352936aa7cf6afda5ea248dd18660ac027ee553ea7a1fd19 100% [K
  [2m 37s] #14 15.32 copying file sha256:423948d48cf1eeaed92cd7bc2aa4675dea7a8b520d2379f42e92de055e0170ff 100% [K
  [2m 37s] #14 15.32 copying file sha256:3fd169731d2cbde95e10bf356d66d5997fd885dd8dbb6fb4684da3f23b2585d8 100% [K
  [2m 37s] #14 15.32 copying file sha256:87d16279353acf193291b411a4d6b098a457491f1a46508ba52188eb9297b967 100% [K
  [2m 37s] #14 15.32 copying file sha256:ff075094bac54dcd28820983fc7d8b80812983af5aa7cc12fa80d7388ffe4d66 100% [K
  [2m 37s] #14 15.32 converting model ⠙ [K[?25h[?2026l[?2026h[?25l[A[A[A[A[A[A[1Ggathering model components [K
  [2m 37s] #14 15.42 copying file sha256:855e8df721ac1509352936aa7cf6afda5ea248dd18660ac027ee553ea7a1fd19 100% [K
  [2m 37s] #14 15.42 copying file sha256:423948d48cf1eeaed92cd7bc2aa4675dea7a8b520d2379f42e92de055e0170ff 100% [K
  [2m 37s] #14 15.42 copying file sha256:3fd169731d2cbde95e10bf356d66d5997fd885dd8dbb6fb4684da3f23b2585d8 100% [K
  [2m 37s] #14 15.42 copying file sha256:87d16279353acf193291b411a4d6b098a457491f1a46508ba52188eb9297b967 100% [K
  [2m 37s] #14 15.42 copying file sha256:ff075094bac54dcd28820983fc7d8b80812983af5aa7cc12fa80d7388ffe4d66 100% [K
  [2m 37s] #14 15.42 converting model ⠹ [K[?25h[?2026l[?2026h[?25l[A[A[A[A[A[A[1Ggathering model components [K
  [2m 37s] #14 15.52 copying file sha256:855e8df721ac1509352936aa7cf6afda5ea248dd18660ac027ee553ea7a1fd19 100% [K
  [2m 37s] #14 15.52 copying file sha256:423948d48cf1eeaed92cd7bc2aa4675dea7a8b520d2379f42e92de055e0170ff 100% [K
  [2m 37s] #14 15.52 copying file sha256:3fd169731d2cbde95e10bf356d66d5997fd885dd8dbb6fb4684da3f23b2585d8 100% [K
  [2m 37s] #14 15.52 copying file sha256:87d16279353acf193291b411a4d6b098a457491f1a46508ba52188eb9297b967 100% [K
  [2m 37s] #14 15.52 copying file sha256:ff075094bac54dcd28820983fc7d8b80812983af5aa7cc12fa80d7388ffe4d66 100% [K
  [2m 37s] #14 15.52 converting model ⠸ [K[?25h[?2026l[?2026h[?25l[A[A[A[A[A[A[1Ggathering model components [K
  [2m 37s] #14 15.62 copying file sha256:855e8df721ac1509352936aa7cf6afda5ea248dd18660ac027ee553ea7a1fd19 100% [K
  [2m 37s] #14 15.62 copying file sha256:423948d48cf1eeaed92cd7bc2aa4675dea7a8b520d2379f42e92de055e0170ff 100% [K
  [2m 37s] #14 15.62 copying file sha256:3fd169731d2cbde95e10bf356d66d5997fd885dd8dbb6fb4684da3f23b2585d8 100% [K
  [2m 37s] #14 15.62 copying file sha256:87d16279353acf193291b411a4d6b098a457491f1a46508ba52188eb9297b967 100% [K
  [2m 37s] #14 15.62 copying file sha256:ff075094bac54dcd28820983fc7d8b80812983af5aa7cc12fa80d7388ffe4d66 100% [K
  [2m 37s] #14 15.62 converting model ⠼ [K[?25h[?2026l[?2026h[?25l[A[A[A[A[A[A[1Ggathering model components [K
  [2m 37s] #14 15.72 copying file sha256:855e8df721ac1509352936aa7cf6afda5ea248dd18660ac027ee553ea7a1fd19 100% [K
  [2m 37s] #14 15.72 copying file sha256:423948d48cf1eeaed92cd7bc2aa4675dea7a8b520d2379f42e92de055e0170ff 100% [K
  [2m 37s] #14 15.72 copying file sha256:3fd169731d2cbde95e10bf356d66d5997fd885dd8dbb6fb4684da3f23b2585d8 100% [K
  [2m 37s] #14 15.72 copying file sha256:87d16279353acf193291b411a4d6b098a457491f1a46508ba52188eb9297b967 100% [K
  [2m 37s] #14 15.72 copying file sha256:ff075094bac54dcd28820983fc7d8b80812983af5aa7cc12fa80d7388ffe4d66 100% [K
  [2m 37s] #14 15.72 converting model ⠴ [K[?25h[?2026l[?2026h[?25l[A[A[A[A[A[A[1Ggathering model components [K
  [2m 37s] #14 15.82 copying file sha256:855e8df721ac1509352936aa7cf6afda5ea248dd18660ac027ee553ea7a1fd19 100% [K
  [2m 37s] #14 15.82 copying file sha256:423948d48cf1eeaed92cd7bc2aa4675dea7a8b520d2379f42e92de055e0170ff 100% [K
  [2m 37s] #14 15.82 copying file sha256:3fd169731d2cbde95e10bf356d66d5997fd885dd8dbb6fb4684da3f23b2585d8 100% [K
  [2m 37s] #14 15.82 copying file sha256:87d16279353acf193291b411a4d6b098a457491f1a46508ba52188eb9297b967 100% [K
  [2m 37s] #14 15.82 copying file sha256:ff075094bac54dcd28820983fc7d8b80812983af5aa7cc12fa80d7388ffe4d66 100% [K
  [2m 37s] #14 15.82 converting model ⠦ [K[?25h[?2026l[?2026h[?25l[A[A[A[A[A[A[1Ggathering model components [K
  [2m 37s] #14 15.92 copying file sha256:855e8df721ac1509352936aa7cf6afda5ea248dd18660ac027ee553ea7a1fd19 100% [K
  [2m 37s] #14 15.92 copying file sha256:423948d48cf1eeaed92cd7bc2aa4675dea7a8b520d2379f42e92de055e0170ff 100% [K
  [2m 37s] #14 15.92 copying file sha256:3fd169731d2cbde95e10bf356d66d5997fd885dd8dbb6fb4684da3f23b2585d8 100% [K
  [2m 37s] #14 15.92 copying file sha256:87d16279353acf193291b411a4d6b098a457491f1a46508ba52188eb9297b967 100% [K
  [2m 37s] #14 15.92 copying file sha256:ff075094bac54dcd28820983fc7d8b80812983af5aa7cc12fa80d7388ffe4d66 100% [K
  [2m 37s] #14 15.92 converting model ⠧ [K[?25h[?2026l[?2026h[?25l[A[A[A[A[A[A[1Ggathering model components [K
  [2m 37s] #14 16.02 copying file sha256:855e8df721ac1509352936aa7cf6afda5ea248dd18660ac027ee553ea7a1fd19 100% [K
  [2m 37s] #14 16.02 copying file sha256:423948d48cf1eeaed92cd7bc2aa4675dea7a8b520d2379f42e92de055e0170ff 100% [K
  [2m 37s] #14 16.02 copying file sha256:3fd169731d2cbde95e10bf356d66d5997fd885dd8dbb6fb4684da3f23b2585d8 100% [K
  [2m 37s] #14 16.02 copying file sha256:87d16279353acf193291b411a4d6b098a457491f1a46508ba52188eb9297b967 100% [K
  [2m 37s] #14 16.02 copying file sha256:ff075094bac54dcd28820983fc7d8b80812983af5aa7cc12fa80d7388ffe4d66 100% [K
  [2m 38s] #14 16.02 converting model ⠇ [K[?25h[?2026l[?2026h[?25l[A[A[A[A[A[A[1Ggathering model components [K
  [2m 38s] #14 16.12 copying file sha256:855e8df721ac1509352936aa7cf6afda5ea248dd18660ac027ee553ea7a1fd19 100% [K
  [2m 38s] #14 16.12 copying file sha256:423948d48cf1eeaed92cd7bc2aa4675dea7a8b520d2379f42e92de055e0170ff 100% [K
  [2m 38s] #14 16.12 copying file sha256:3fd169731d2cbde95e10bf356d66d5997fd885dd8dbb6fb4684da3f23b2585d8 100% [K
  [2m 38s] #14 16.12 copying file sha256:87d16279353acf193291b411a4d6b098a457491f1a46508ba52188eb9297b967 100% [K
  [2m 38s] #14 16.12 copying file sha256:ff075094bac54dcd28820983fc7d8b80812983af5aa7cc12fa80d7388ffe4d66 100% [K
  [2m 38s] #14 16.12 converting model ⠏ [K[?25h[?2026l[?2026h[?25l[A[A[A[A[A[A[1Ggathering model components [K
  [2m 38s] #14 16.22 copying file sha256:855e8df721ac1509352936aa7cf6afda5ea248dd18660ac027ee553ea7a1fd19 100% [K
  [2m 38s] #14 16.22 copying file sha256:423948d48cf1eeaed92cd7bc2aa4675dea7a8b520d2379f42e92de055e0170ff 100% [K
  [2m 38s] #14 16.22 copying file sha256:3fd169731d2cbde95e10bf356d66d5997fd885dd8dbb6fb4684da3f23b2585d8 100% [K
  [2m 38s] #14 16.22 copying file sha256:87d16279353acf193291b411a4d6b098a457491f1a46508ba52188eb9297b967 100% [K
  [2m 38s] #14 16.22 copying file sha256:ff075094bac54dcd28820983fc7d8b80812983af5aa7cc12fa80d7388ffe4d66 100% [K
  [2m 38s] #14 16.22 converting model ⠋ [K[?25h[?2026lremoving old messages
  [2m 38s] #14 16.26 [GIN] 2026/04/10 - 13:41:57 | 200 |   5.09371984s |       127.0.0.1 | POST     "/api/create"
  [2m 38s] #14 16.26 [?2026h[?25l[A[A[A[A[A[A[1Ggathering model components [K
  [2m 38s] #14 16.26 copying file sha256:855e8df721ac1509352936aa7cf6afda5ea248dd18660ac027ee553ea7a1fd19 100% [K
  [2m 38s] #14 16.26 copying file sha256:423948d48cf1eeaed92cd7bc2aa4675dea7a8b520d2379f42e92de055e0170ff 100% [K
  [2m 38s] #14 16.26 copying file sha256:3fd169731d2cbde95e10bf356d66d5997fd885dd8dbb6fb4684da3f23b2585d8 100% [K
  [2m 38s] #14 16.26 copying file sha256:87d16279353acf193291b411a4d6b098a457491f1a46508ba52188eb9297b967 100% [K
  [2m 38s] #14 16.26 copying file sha256:ff075094bac54dcd28820983fc7d8b80812983af5aa7cc12fa80d7388ffe4d66 100% [K
  [2m 38s] #14 16.26 converting model [K
  [2m 38s] #14 16.26 creating new layer sha256:d461f28aa2ccd12049b05a8b2d4298e19deafccefa5b2d5a8811abebfc207598 [K
  [2m 38s] #14 16.26 creating new layer sha256:90e36093091095e05fa4deebd5132eea0cd29c512f2e2152fd8daab20a4e6958 [K
  [2m 38s] #14 16.26 creating new layer sha256:f12a4f6b7b0b2c9cfd48304d3401d54c41a74d5106db1a11f22a25a6fcf5c439 [K
  [2m 38s] #14 16.26 writing manifest [K
  [2m 38s] #14 16.26 success [K[?25h[?2026l
  [2m 38s] #14 16.27 [build] Model baked successfully.
  [2m 40s] #14 DONE 18.6s
  [2m 40s] 
  [2m 40s] #15 [11/13] RUN PYTHONPATH=/app/src BOLA_AI_DATA=/data     python /app/src/training/load_knowledge.py &&     echo "[build] RAG knowledge base pre-loaded into /data/chroma."
  [2m 40s] #15 0.221 2026-04-10 13:41:59,999 [INFO] bola_ai.training.load_knowledge: Loading BOLA knowledge into RAG store at /data/chroma
  [2m 40s] #15 0.221 2026-04-10 13:41:59,999 [INFO] bola_ai.rag.store: DocStore: loading embedder model=all-MiniLM-L6-v2
  [2m 45s] #15 5.526 Warning: You are sending unauthenticated requests to the HF Hub. Please set a HF_TOKEN to enable higher rate limits and faster downloads.
  [2m 47s] #15 7.451 
  [2m 48s] Loading weights:   0%|          | 0/103 [00:00<?, ?it/s]
  [2m 48s] Loading weights: 100%|██████████| 103/103 [00:00<00:00, 10102.74it/s]
  [2m 48s] #15 7.469 [1mBertModel LOAD REPORT[0m from: sentence-transformers/all-MiniLM-L6-v2
  [2m 48s] #15 7.469 Key                     | Status     |  | 
  [2m 48s] #15 7.469 ------------------------+------------+--+-
  [2m 48s] #15 7.469 embeddings.position_ids | UNEXPECTED |  | 
  [2m 48s] #15 7.469 
  [2m 48s] #15 7.469 Notes:
  [2m 48s] #15 7.469 - UNEXPECTED:	can be ignored when loading from different task/architecture; not ok if you expect identical arch.
  [2m 49s] #15 9.377 2026-04-10 13:42:09,154 [INFO] bola_ai.training.load_knowledge: Resetting collection before knowledge load
  [2m 49s] #15 9.386 2026-04-10 13:42:09,163 [INFO] bola_ai.rag.store: Store reset: collection bola_docs cleared
  [2m 49s] #15 9.386 2026-04-10 13:42:09,164 [INFO] bola_ai.training.load_knowledge: Loading knowledge file: ai_teacher_bola_quality_patterns.md
  [2m 50s] #15 9.700 2026-04-10 13:42:09,477 [INFO] bola_ai.training.load_knowledge: Loading knowledge file: bola_patterns.md
  [2m 50s] #15 10.43 2026-04-10 13:42:10,207 [INFO] bola_ai.training.load_knowledge: Loading knowledge file: phase1_small_model_guidelines.md
  [2m 51s] #15 10.50 2026-04-10 13:42:10,275 [INFO] bola_ai.training.load_knowledge: Loading RAG chunks: /app/data/training/bola_rag_chunks.txt
  [3m 1s] #15 21.03 2026-04-10 13:42:20,807 [INFO] bola_ai.training.load_knowledge: Loaded 13 document(s) into RAG. Total chunks: 502
  [3m 1s] #15 21.03 Loaded 13 document(s) into RAG. Total chunks: 502
  [3m 2s] #15 22.42 [build] RAG knowledge base pre-loaded into /data/chroma.
  [3m 2s] #15 DONE 22.5s
  [3m 2s] 
  [3m 2s] #16 [12/13] COPY docker/entrypoint-allinone.sh /entrypoint.sh
  [3m 2s] #16 DONE 0.0s
  [3m 3s] 
  [3m 3s] #17 [13/13] RUN chmod +x /entrypoint.sh
  [3m 3s] #17 DONE 0.2s
  [3m 3s] 
  [3m 3s] #18 exporting to image
  [3m 3s] #18 exporting layers
  [3m 8s] #18 exporting layers 5.7s done
  [3m 8s] #18 ERROR: mount callback failed on /var/lib/containerd/tmpmounts/containerd-mount3994414073: mount callback failed on /var/lib/containerd/tmpmounts/containerd-mount2593811558: failed to open writer: ref moby/1/jce48t5x8wfy5ccwa1l4pzwlu locked for 5.508587892s (since 2026-04-10 09:42:22.634537905 -0400 EDT m=+90596.336957617): unavailable
  [3m 8s] ------
  [3m 8s]  > exporting to image:
  [3m 8s] ------
  [3m 8s] ERROR: failed to build: failed to solve: mount callback failed on /var/lib/containerd/tmpmounts/containerd-mount3994414073: mount callback failed on /var/lib/containerd/tmpmounts/containerd-mount2593811558: failed to open writer: ref moby/1/jce48t5x8wfy5ccwa1l4pzwlu locked for 5.508587892s (since 2026-04-10 09:42:22.634537905 -0400 EDT m=+90596.336957617): unavailable
[13:42:28] [docker_build] FAILED in 3m 8s  rc=1
[13:42:28] [pipeline]   Docker build FAILED. Check docker daemon and Dockerfile.
[13:42:28] [pipeline] STAGE 10: Skipping push (--skip-docker-push)
[13:42:28] [pipeline] ============================================================
[13:42:28] [pipeline] PIPELINE COMPLETE in 23m 12s
[13:42:28] [pipeline] Stage results:
[13:42:28] [pipeline]   ✓ combine_data: OK (0s)
[13:42:28] [pipeline]   ✓ build_splits: OK (0s)
[13:42:28] [pipeline]   ✓ gradient_train: OK (18m 34s)
[13:42:28] [pipeline]   ✓ package_ollama: OK (25s)
[13:42:28] [pipeline]   ✓ reload_rag: OK (17s)
[13:42:28] [pipeline]   ✓ eval_holdout: OK (0s)
[13:42:28] [pipeline]   ✓ e2e_tests: OK (42s)
[13:42:28] [pipeline]   ✗ docker_build: FAIL (3m 8s)
[13:42:28] [pipeline]   ✗ docker_push: FAIL (0s)
[13:42:28] [pipeline] ============================================================
[13:42:28] [pipeline] E2E tests   : PASS
[13:42:28] [pipeline] Docker built: NO
[13:42:28] [pipeline] Docker pushed: NO/SKIP
[13:42:28] [pipeline] ALL CRITICAL STAGES PASSED.
